Run_Number,Rotation_Number,Avg_Voltage_A_1,Avg_Voltage_A_2,Avg_Voltage_A_3,Avg_Voltage_A,,Avg_Voltage_B_1,Avg_Voltage_B_2,Avg_Voltage_B_3,Avg_Voltage_B,,Avg_Voltage_C_1,Avg_Voltage_C_2,Avg_Voltage_C_3,Avg_Voltage_C,,time,Gain1,PS-Simulink Converter:1,,,ระยะห่าง,Avg_Voltage_A1_1,Avg_Voltage_A1_2,Avg_Voltage_A1,,Avg_Voltage_B1_1,Avg_Voltage_B1_2,Avg_Voltage_B1,,2.5
0,0,0,0,0,0,,0.000022,0,0,0.000007,,0,0,0,0,,0,0,0,,,0,0.002665177,0.019165739,0.010915458,,0.001578107,0.019171864,0.010374986,,0.5
1,2.5,0,0,0,0,,0,0,0,0,,0,0,0,0,,0.001,0.01853466,0,,,0.5,0.055490851,0.033535436,0.044513144,,0.058859468,0.007598296,0.033228882,,
2,5,0,0,0,0,,0,0,0,0,,0,0,0,0,,0.002,0.019340515,0,,,1,0.621654004,0.65708752,0.639370762,,0.334798142,0.323775306,0.329286724,,
3,7.5,0,0,0,0,,0,0,0,0,,0.055277,0.010926,0.04144,0.035881,,0.003,0.017728806,0,,,1.5,1.187697589,1.189583093,1.188640341,,0.621977851,0.612550527,0.617264189,,
4,10,0,0,0,0,,0.069691,0.035107,0.037207,0.047335,,0.335189,0.239112,0.21492,0.263074,,0.004,0.02014637,0,,,2,1.754434854,1.794822752,1.774628803,,0.928567275,0.946701154,0.937634215,,
5,12.5,0,0,0,0,,0.148888,0.119041,0.125703,0.131211,,0.54288,0.505913,0.531262,0.526685,,0.005,0.01853466,0,,,2.5,2.287516385,2.303681657,2.295599021,,1.229083598,1.228954673,1.229019135,,
6,15,0.002267,0.005065,0.005746,0.004359,,0.229686,0.239177,0.228716,0.232526,,0.758357,0.750028,0.761029,0.756471,,0.006,0.019340515,0,,,3,2.709225968,2.692590281,2.700908124,,1.558828488,1.521243393,1.540035941,,
7,17.5,0.018861,0.024864,0.024113,0.022613,,0.304498,0.316256,0.320079,0.313611,,0.99768,0.953433,0.991601,0.980905,,0.007,0.019340515,0,,,3.5,2.780869618,2.786827669,2.783848643,,1.76215288,1.781125873,1.771639377,,
8,20,0.043463,0.038783,0.040182,0.040809,,0.405631,0.407127,0.384616,0.399125,,1.198442,1.174467,1.14271,1.171873,,0.008,0.01853466,0,,,4,2.889551803,2.895824432,2.892688118,,2.090385899,2.113033876,2.101709887,,
9,22.5,0.058737,0.05902,0.059883,0.059214,,0.494657,0.502703,0.496791,0.49805,,1.408361,1.443981,1.41152,1.421287,,0.009,0.015311241,0,,,4.5,2.979604155,2.992475837,2.986039996,,2.411648482,2.430637911,2.421143197,,
10,25,0.073053,0.07403,0.079072,0.075385,,0.585711,0.579507,0.582549,0.582589,,1.646128,1.627286,1.617619,1.630344,,0.01,0.02014637,0,,,5,3.082952112,3.088749826,3.085850969,,2.726842448,2.722436488,2.724639468,,
11,27.5,0.092613,0.093881,0.092703,0.093066,,0.669245,0.681098,0.679255,0.676533,,1.885622,1.844317,1.843907,1.857949,,0.011,0.02014637,0,,,5.5,3.172832519,3.180242345,3.176537432,,3.037211448,3.036318898,3.036765173,,
12,30,0.111811,0.111357,0.114263,0.112477,,0.734611,0.736086,0.747176,0.739291,,2.056807,2.063755,2.069745,2.063436,,0.012,0.016922951,0,,,6,3.248616874,3.248432115,3.248524494,,3.248448148,3.247907877,3.248178013,,
13,32.5,0.122594,0.129777,0.131767,0.128046,,0.821377,0.8186,0.826649,0.822209,,2.29939,2.26171,2.260692,2.273931,,0.013,0.017728806,0,,,,,,,,,,,,
14,35,0.14858,0.145327,0.148013,0.147307,,0.92276,0.884843,0.883478,0.897027,,2.520626,2.483048,2.485663,2.496446,,0.014,0.017728806,0,,,,,,,,,,,,
15,37.5,0.164257,0.163981,0.160218,0.162818,,0.994339,0.992329,0.986014,0.990894,,2.703634,2.694477,2.71162,2.703244,,0.015,0.02014637,0,,,,,,,,,,,,
16,40,0.183508,0.186221,0.188191,0.185974,,1.088878,1.092116,1.064671,1.081888,,2.746754,2.746942,2.74622,2.746639,,0.016,0.016117096,0,,,,,,,,,,,,
17,42.5,0.200733,0.205163,0.208826,0.204907,,1.194318,1.183921,1.207562,1.195267,,2.777472,2.767986,2.772221,2.77256,,0.017,0.02014637,0,,,,,,,,,,,,
18,45,0.22451,0.224449,0.228554,0.225838,,1.2739,1.276104,1.297732,1.282579,,2.794738,2.794802,2.797877,2.795806,,0.018,0.02014637,0,,,,,,,,,,,,
19,47.5,0.242069,0.244747,0.245547,0.244121,,1.396236,1.377037,1.402243,1.391839,,2.820219,2.819613,2.826558,2.82213,,0.019,0.022563934,0,,,,,,,,,,,,
20,50,0.261533,0.264042,0.265901,0.263825,,1.519911,1.498207,1.489237,1.502452,,2.852257,2.848526,2.856642,2.852475,,0.02,0.01853466,0,,,,,,,,,,,,
21,52.5,0.291111,0.308236,0.310571,0.303306,,1.579068,1.602121,1.594777,1.591989,,2.877656,2.88106,2.879366,2.879361,,0.021,0.01853466,0,,,,,,,,,,,,
22,55,0.421676,0.474551,0.475998,0.457408,,1.704183,1.715362,1.706046,1.70853,,2.908007,2.911757,2.907422,2.909062,,0.022,0.02014637,0,,,,,,,,,,,,
23,57.5,0.656331,0.731513,0.718277,0.70204,,1.794397,1.797618,1.802892,1.798302,,2.930938,2.930991,2.93159,2.931173,,0.023,0.01853466,0,,,,,,,,,,,,
24,60,0.899525,0.895223,0.935085,0.909945,,1.907252,1.916935,1.889207,1.904465,,2.9598,2.960549,2.96332,2.961223,,0.024,0.017728806,0,,,,,,,,,,,,
25,62.5,1.086555,1.106654,1.082752,1.091987,,2.021723,2.011358,2.011776,2.014952,,2.979872,2.981459,2.987437,2.982923,,0.025,0.023369789,0,,,,,,,,,,,,
26,65,1.273614,1.277262,1.331143,1.294006,,2.11243,2.106947,2.119603,2.112993,,3.002232,3.014166,3.014226,3.010208,,0.026,0.01853466,0,,,,,,,,,,,,
27,67.5,1.509311,1.49025,1.513831,1.504464,,2.237895,2.200208,2.227867,2.22199,,3.029189,3.029538,3.036668,3.031798,,0.027,0.017728806,0,,,,,,,,,,,,
28,70,1.628653,1.602885,1.667344,1.632961,,2.320806,2.337396,2.312948,2.323717,,3.059019,3.055836,3.053438,3.056098,,0.028,0.017728806,0,,,,,,,,,,,,
29,72.5,1.75119,1.822981,1.802715,1.792295,,2.379806,2.423914,2.38999,2.397903,,3.075233,3.077647,3.074121,3.075667,,0.029,0.019340515,0,,,,,,,,,,,,
30,75,1.913489,1.983271,1.920969,1.939243,,2.503273,2.48781,2.462253,2.484445,,3.09853,3.104617,3.105942,3.10303,,0.03,0.02175808,0,,,,,,,,,,,,
31,77.5,2.116809,2.144313,2.160158,2.140427,,2.584778,2.588143,2.589847,2.587589,,3.120309,3.124904,3.119858,3.12169,,0.031,0.01853466,0,,,,,,,,,,,,
32,80,2.311923,2.302185,2.301107,2.305071,,2.691493,2.689426,2.680185,2.687035,,3.147741,3.148121,3.147449,3.14777,,0.032,0.017728806,0,,,,,,,,,,,,
33,82.5,2.484204,2.474007,2.499581,2.48593,,2.769677,2.760221,2.769809,2.766569,,3.169104,3.165143,3.16913,3.167792,,0.033,0.019340515,0,,,,,,,,,,,,
34,85,2.662171,2.625363,2.674693,2.654076,,2.859107,2.871736,2.888149,2.872997,,3.191401,3.186712,3.19492,3.191011,,0.034,0.01853466,0,,,,,,,,,,,,
35,87.5,2.796239,2.823628,2.837547,2.819138,,2.962346,2.969975,2.974484,2.968935,,3.2052,3.214082,3.21812,3.212467,,0.035,0.023369789,0,,,,,,,,,,,,
36,90,2.996656,3.018232,3.02145,3.012112,,3.067782,3.061082,3.057882,3.062249,,3.235288,3.238938,3.239091,3.237772,,0.036,0.019340515,0,,,,,,,,,,,,
37,92.5,3.19984,3.209119,3.246043,3.218334,,3.143329,3.178694,3.170415,3.164146,,3.259125,3.260781,3.258812,3.259573,,0.037,0.017728806,0,,,,,,,,,,,,
38,95,3.246133,3.244525,3.246958,3.245872,,3.257941,3.25962,3.25977,3.25911,,3.261386,3.261251,3.26217,3.261602,,0.038,0.01853466,0,,,,,,,,,,,,
39,97.5,3.246325,3.244742,3.247097,3.246055,,3.261129,3.260832,3.261054,3.261005,,3.26159,3.261359,3.262323,3.261757,,0.039,0.01853466,0,,,,,,,,,,,,
40,100,3.246434,3.244712,3.246555,3.2459,,3.261182,3.260757,3.261045,3.260995,,3.261611,3.261305,3.262275,3.26173,,0.04,0.017728806,0,,,,,,,,,,,,
,,,,,,,,,,,,,,,,,0.041,0.016922951,0,,,,,,,,,,,,
,,,,,,,,,,,,,,,,,0.042,0.01853466,0,,,,,,,,,,,,
,,,,,,,,,,,,,,,,,0.043,0.013699532,0,,,,,,,,,,,,
,,,,,,,,,,,,,,,,,0.044,0.017728806,0,,,,,,,,,,,,
,,,,,,,,,,,,,,,,,0.045,0.022563934,0,,,,,,,,,,,,
,,,,,,,,,,,,,,,,,0.046,0.013699532,0,,,,,,,,,,,,
,,,,,,,,,,,,,,,,,0.047,0.019340515,0,,,,,,,,,,,,
,,,,,,,,,,,,,,,,,0.048,0.019340515,0,,,,,,,,,,,,
,,,,,,,,,,,,,,,,,0.049,0.020952225,0,,,,,,,,,,,,
,,,,,,,,,,,,,,,,,0.05,0.020952225,0,,,,,,,,,,,,
,,,,,,,,,,,,,,,,,0.051,0.02014637,0,,,,,,,,,,,,
,,,,,,,,,,,,,,,,,0.052,0.016922951,0,,,,,,,,,,,,
,,,,,,,,,,,,,,,,,0.053,0.016922951,0,,,,,,,,,,,,
,,,,,,,,,,,,,,,,,0.054,0,0,,,,,,,,,,,,
,,,,,,,,,,,,,,,,,0.055,0,0,,,,,,,,,,,,
,,,,,,,,,,,,,,,,,0.056,0,0,,,,,,,,,,,,
,,,,,,,,,,,,,,,,,0.057,0,0,,,,,,,,,,,,
,,,,,,,,,,,,,,,,,0.058,0,0,,,,,,,,,,,,
,,,,,,,,,,,,,,,,,0.059,0,0,,,,,,,,,,,,
,,,,,,,,,,,,,,,,,0.06,0,0,,,,,,,,,,,,
,,,,,,,,,,,,,,,,,0.061,0,0,,,,,,,,,,,,
,,,,,,,,,,,,,,,,,0.062,0,0,,,,,,,,,,,,
,,,,,,,,,,,,,,,,,0.063,0,0,,,,,,,,,,,,
,,,,,,,,,,,,,,,,,0.064,0,0,,,,,,,,,,,,
,,,,,,,,,,,,,,,,,0.065,0,0,,,,,,,,,,,,
,,,,,,,,,,,,,,,,,0.066,0,0,,,,,,,,,,,,
,,,,,,,,,,,,,,,,,0.067,0,0,,,,,,,,,,,,
,,,,,,,,,,,,,,,,,0.068,0,0,,,,,,,,,,,,
,,,,,,,,,,,,,,,,,0.069,0,0,,,,,,,,,,,,
,,,,,,,,,,,,,,,,,0.07,0,0,,,,,,,,,,,,
,,,,,,,,,,,,,,,,,0.071,0,0,,,,,,,,,,,,
,,,,,,,,,,,,,,,,,0.072,0,0,,,,,,,,,,,,
,,,,,,,,,,,,,,,,,0.073,0,0,,,,,,,,,,,,
,,,,,,,,,,,,,,,,,0.074,0,0,,,,,,,,,,,,
,,,,,,,,,,,,,,,,,0.075,0,0,,,,,,,,,,,,
,,,,,,,,,,,,,,,,,0.076,0,0,,,,,,,,,,,,
,,,,,,,,,,,,,,,,,0.077,0,0,,,,,,,,,,,,
,,,,,,,,,,,,,,,,,0.078,0,0,,,,,,,,,,,,
,,,,,,,,,,,,,,,,,0.079,0,0,,,,,,,,,,,,
,,,,,,,,,,,,,,,,,0.08,0,0,,,,,,,,,,,,
,,,,,,,,,,,,,,,,,0.081,0,0,,,,,,,,,,,,
,,,,,,,,,,,,,,,,,0.082,0,0,,,,,,,,,,,,
,,,,,,,,,,,,,,,,,0.083,0,0,,,,,,,,,,,,
,,,,,,,,,,,,,,,,,0.084,0,0,,,,,,,,,,,,
,,,,,,,,,,,,,,,,,0.085,0,0,,,,,,,,,,,,
,,,,,,,,,,,,,,,,,0.086,0,0,,,,,,,,,,,,
,,,,,,,,,,,,,,,,,0.087,0,0,,,,,,,,,,,,
,,,,,,,,,,,,,,,,,0.088,0,0,,,,,,,,,,,,
,,,,,,,,,,,,,,,,,0.089,0,0,,,,,,,,,,,,
,,,,,,,,,,,,,,,,,0.09,0,0,,,,,,,,,,,,
,,,,,,,,,,,,,,,,,0.091,0,0,,,,,,,,,,,,
,,,,,,,,,,,,,,,,,0.092,0,0,,,,,,,,,,,,
,,,,,,,,,,,,,,,,,0.093,0,0,,,,,,,,,,,,
,,,,,,,,,,,,,,,,,0.094,0,0,,,,,,,,,,,,
,,,,,,,,,,,,,,,,,0.095,0,0,,,,,,,,,,,,
,,,,,,,,,,,,,,,,,0.096,0,0,,,,,,,,,,,,
,,,,,,,,,,,,,,,,,0.097,0,0,,,,,,,,,,,,
,,,,,,,,,,,,,,,,,0.098,0,0,,,,,,,,,,,,
,,,,,,,,,,,,,,,,,0.099,0,0,,,,,,,,,,,,
,,,,,,,,,,,,,,,,,0.1,0,0,,,,,,,,,,,,
,,,,,,,,,,,,,,,,,0.101,0,0,,,,,,,,,,,,
,,,,,,,,,,,,,,,,,0.102,0,0,,,,,,,,,,,,
,,,,,,,,,,,,,,,,,0.103,0,0,,,,,,,,,,,,
,,,,,,,,,,,,,,,,,0.104,0,0,,,,,,,,,,,,
,,,,,,,,,,,,,,,,,0.105,0,0,,,,,,,,,,,,
,,,,,,,,,,,,,,,,,0.106,0,0,,,,,,,,,,,,
,,,,,,,,,,,,,,,,,0.107,0,0,,,,,,,,,,,,
,,,,,,,,,,,,,,,,,0.108,0,0,,,,,,,,,,,,
,,,,,,,,,,,,,,,,,0.109,0,0,,,,,,,,,,,,
,,,,,,,,,,,,,,,,,0.11,0,0,,,,,,,,,,,,
,,,,,,,,,,,,,,,,,0.111,0,0,,,,,,,,,,,,
,,,,,,,,,,,,,,,,,0.112,0,0,,,,,,,,,,,,
,,,,,,,,,,,,,,,,,0.113,0,0,,,,,,,,,,,,
,,,,,,,,,,,,,,,,,0.114,0,0,,,,,,,,,,,,
,,,,,,,,,,,,,,,,,0.115,0,0,,,,,,,,,,,,
,,,,,,,,,,,,,,,,,0.116,0,0,,,,,,,,,,,,
,,,,,,,,,,,,,,,,,0.117,0,0,,,,,,,,,,,,
,,,,,,,,,,,,,,,,,0.118,0,0,,,,,,,,,,,,
,,,,,,,,,,,,,,,,,0.119,0,0,,,,,,,,,,,,
,,,,,,,,,,,,,,,,,0.12,0,0,,,,,,,,,,,,
,,,,,,,,,,,,,,,,,0.121,0,0,,,,,,,,,,,,
,,,,,,,,,,,,,,,,,0.122,0,0,,,,,,,,,,,,
,,,,,,,,,,,,,,,,,0.123,0,0,,,,,,,,,,,,
,,,,,,,,,,,,,,,,,0.124,0,0,,,,,,,,,,,,
,,,,,,,,,,,,,,,,,0.125,0,0,,,,,,,,,,,,
,,,,,,,,,,,,,,,,,0.126,0,0,,,,,,,,,,,,
,,,,,,,,,,,,,,,,,0.127,0,0,,,,,,,,,,,,
,,,,,,,,,,,,,,,,,0.128,0,0,,,,,,,,,,,,
,,,,,,,,,,,,,,,,,0.129,0,0,,,,,,,,,,,,
,,,,,,,,,,,,,,,,,0.13,0,0,,,,,,,,,,,,
,,,,,,,,,,,,,,,,,0.131,0,0,,,,,,,,,,,,
,,,,,,,,,,,,,,,,,0.132,0,0,,,,,,,,,,,,
,,,,,,,,,,,,,,,,,0.133,0,0,,,,,,,,,,,,
,,,,,,,,,,,,,,,,,0.134,0,0,,,,,,,,,,,,
,,,,,,,,,,,,,,,,,0.135,0,0,,,,,,,,,,,,
,,,,,,,,,,,,,,,,,0.136,0,0,,,,,,,,,,,,
,,,,,,,,,,,,,,,,,0.137,0,0,,,,,,,,,,,,
,,,,,,,,,,,,,,,,,0.138,0,0,,,,,,,,,,,,
,,,,,,,,,,,,,,,,,0.139,0,0,,,,,,,,,,,,
,,,,,,,,,,,,,,,,,0.14,0,0,,,,,,,,,,,,
,,,,,,,,,,,,,,,,,0.141,0,0,,,,,,,,,,,,
,,,,,,,,,,,,,,,,,0.142,0,0,,,,,,,,,,,,
,,,,,,,,,,,,,,,,,0.143,0,0,,,,,,,,,,,,
,,,,,,,,,,,,,,,,,0.144,0,0,,,,,,,,,,,,
,,,,,,,,,,,,,,,,,0.145,0,0,,,,,,,,,,,,
,,,,,,,,,,,,,,,,,0.146,0,0,,,,,,,,,,,,
,,,,,,,,,,,,,,,,,0.147,0,0,,,,,,,,,,,,
,,,,,,,,,,,,,,,,,0.148,0,0,,,,,,,,,,,,
,,,,,,,,,,,,,,,,,0.149,0,0,,,,,,,,,,,,
,,,,,,,,,,,,,,,,,0.15,0,0,,,,,,,,,,,,
,,,,,,,,,,,,,,,,,0.151,0,0,,,,,,,,,,,,
,,,,,,,,,,,,,,,,,0.152,0,0,,,,,,,,,,,,
,,,,,,,,,,,,,,,,,0.153,0,0,,,,,,,,,,,,
,,,,,,,,,,,,,,,,,0.154,0,0,,,,,,,,,,,,
,,,,,,,,,,,,,,,,,0.155,0,0,,,,,,,,,,,,
,,,,,,,,,,,,,,,,,0.156,0,0,,,,,,,,,,,,
,,,,,,,,,,,,,,,,,0.157,0,0,,,,,,,,,,,,
,,,,,,,,,,,,,,,,,0.158,0,0,,,,,,,,,,,,
,,,,,,,,,,,,,,,,,0.159,0,0,,,,,,,,,,,,
,,,,,,,,,,,,,,,,,0.16,0,0,,,,,,,,,,,,
,,,,,,,,,,,,,,,,,0.161,0,0,,,,,,,,,,,,
,,,,,,,,,,,,,,,,,0.162,0,0,,,,,,,,,,,,
,,,,,,,,,,,,,,,,,0.163,0,0,,,,,,,,,,,,
,,,,,,,,,,,,,,,,,0.164,0,0,,,,,,,,,,,,
,,,,,,,,,,,,,,,,,0.165,0,0,,,,,,,,,,,,
,,,,,,,,,,,,,,,,,0.166,0,0,,,,,,,,,,,,
,,,,,,,,,,,,,,,,,0.167,0,0,,,,,,,,,,,,
,,,,,,,,,,,,,,,,,0.168,0,0,,,,,,,,,,,,
,,,,,,,,,,,,,,,,,0.169,0,0,,,,,,,,,,,,
,,,,,,,,,,,,,,,,,0.17,0,0,,,,,,,,,,,,
,,,,,,,,,,,,,,,,,0.171,0,0,,,,,,,,,,,,
,,,,,,,,,,,,,,,,,0.172,0,0,,,,,,,,,,,,
,,,,,,,,,,,,,,,,,0.173,0,0,,,,,,,,,,,,
,,,,,,,,,,,,,,,,,0.174,0,0,,,,,,,,,,,,
,,,,,,,,,,,,,,,,,0.175,0,0,,,,,,,,,,,,
,,,,,,,,,,,,,,,,,0.176,0,0,,,,,,,,,,,,
,,,,,,,,,,,,,,,,,0.177,0,0,,,,,,,,,,,,
,,,,,,,,,,,,,,,,,0.178,0,0,,,,,,,,,,,,
,,,,,,,,,,,,,,,,,0.179,0,0,,,,,,,,,,,,
,,,,,,,,,,,,,,,,,0.18,0,0,,,,,,,,,,,,
,,,,,,,,,,,,,,,,,0.181,0,0,,,,,,,,,,,,
,,,,,,,,,,,,,,,,,0.182,0,0,,,,,,,,,,,,
,,,,,,,,,,,,,,,,,0.183,0,0,,,,,,,,,,,,
,,,,,,,,,,,,,,,,,0.184,0,0,,,,,,,,,,,,
,,,,,,,,,,,,,,,,,0.185,0,0,,,,,,,,,,,,
,,,,,,,,,,,,,,,,,0.186,0,0,,,,,,,,,,,,
,,,,,,,,,,,,,,,,,0.187,0,0,,,,,,,,,,,,
,,,,,,,,,,,,,,,,,0.188,0,0,,,,,,,,,,,,
,,,,,,,,,,,,,,,,,0.189,0,0,,,,,,,,,,,,
,,,,,,,,,,,,,,,,,0.19,0,0,,,,,,,,,,,,
,,,,,,,,,,,,,,,,,0.191,0,0,,,,,,,,,,,,
,,,,,,,,,,,,,,,,,0.192,0,0,,,,,,,,,,,,
,,,,,,,,,,,,,,,,,0.193,0,0,,,,,,,,,,,,
,,,,,,,,,,,,,,,,,0.194,0,0,,,,,,,,,,,,
,,,,,,,,,,,,,,,,,0.195,0,0,,,,,,,,,,,,
,,,,,,,,,,,,,,,,,0.196,0,0,,,,,,,,,,,,
,,,,,,,,,,,,,,,,,0.197,0,0,,,,,,,,,,,,
,,,,,,,,,,,,,,,,,0.198,0,0,,,,,,,,,,,,
,,,,,,,,,,,,,,,,,0.199,0,0,,,,,,,,,,,,
,,,,,,,,,,,,,,,,,0.2,0,0,,,,,,,,,,,,
,,,,,,,,,,,,,,,,,0.201,0,0,,,,,,,,,,,,
,,,,,,,,,,,,,,,,,0.202,0,0,,,,,,,,,,,,
,,,,,,,,,,,,,,,,,0.203,0,0,,,,,,,,,,,,
,,,,,,,,,,,,,,,,,0.204,0,0,,,,,,,,,,,,
,,,,,,,,,,,,,,,,,0.205,0,0,,,,,,,,,,,,
,,,,,,,,,,,,,,,,,0.206,0,0,,,,,,,,,,,,
,,,,,,,,,,,,,,,,,0.207,0,0,,,,,,,,,,,,
,,,,,,,,,,,,,,,,,0.208,0,0,,,,,,,,,,,,
,,,,,,,,,,,,,,,,,0.209,0,0,,,,,,,,,,,,
,,,,,,,,,,,,,,,,,0.21,0,0,,,,,,,,,,,,
,,,,,,,,,,,,,,,,,0.211,0,0,,,,,,,,,,,,
,,,,,,,,,,,,,,,,,0.212,0,0,,,,,,,,,,,,
,,,,,,,,,,,,,,,,,0.213,0,0,,,,,,,,,,,,
,,,,,,,,,,,,,,,,,0.214,0,0,,,,,,,,,,,,
,,,,,,,,,,,,,,,,,0.215,0,0,,,,,,,,,,,,
,,,,,,,,,,,,,,,,,0.216,0,0,,,,,,,,,,,,
,,,,,,,,,,,,,,,,,0.217,0,0,,,,,,,,,,,,
,,,,,,,,,,,,,,,,,0.218,0,0,,,,,,,,,,,,
,,,,,,,,,,,,,,,,,0.219,0,0,,,,,,,,,,,,
,,,,,,,,,,,,,,,,,0.22,0,0,,,,,,,,,,,,
,,,,,,,,,,,,,,,,,0.221,0,0,,,,,,,,,,,,
,,,,,,,,,,,,,,,,,0.222,0,0,,,,,,,,,,,,
,,,,,,,,,,,,,,,,,0.223,0,0,,,,,,,,,,,,
,,,,,,,,,,,,,,,,,0.224,0,0,,,,,,,,,,,,
,,,,,,,,,,,,,,,,,0.225,0,0,,,,,,,,,,,,
,,,,,,,,,,,,,,,,,0.226,0,0,,,,,,,,,,,,
,,,,,,,,,,,,,,,,,0.227,0,0,,,,,,,,,,,,
,,,,,,,,,,,,,,,,,0.228,0,0,,,,,,,,,,,,
,,,,,,,,,,,,,,,,,0.229,0,0,,,,,,,,,,,,
,,,,,,,,,,,,,,,,,0.23,0,0,,,,,,,,,,,,
,,,,,,,,,,,,,,,,,0.231,0,0,,,,,,,,,,,,
,,,,,,,,,,,,,,,,,0.232,0,0,,,,,,,,,,,,
,,,,,,,,,,,,,,,,,0.233,0,0,,,,,,,,,,,,
,,,,,,,,,,,,,,,,,0.234,0,0,,,,,,,,,,,,
,,,,,,,,,,,,,,,,,0.235,0,0,,,,,,,,,,,,
,,,,,,,,,,,,,,,,,0.236,0,0,,,,,,,,,,,,
,,,,,,,,,,,,,,,,,0.237,0,0,,,,,,,,,,,,
,,,,,,,,,,,,,,,,,0.238,0,0,,,,,,,,,,,,
,,,,,,,,,,,,,,,,,0.239,0,0,,,,,,,,,,,,
,,,,,,,,,,,,,,,,,0.24,0,0,,,,,,,,,,,,
,,,,,,,,,,,,,,,,,0.241,0,0,,,,,,,,,,,,
,,,,,,,,,,,,,,,,,0.242,0,0,,,,,,,,,,,,
,,,,,,,,,,,,,,,,,0.243,0,0,,,,,,,,,,,,
,,,,,,,,,,,,,,,,,0.244,0,0,,,,,,,,,,,,
,,,,,,,,,,,,,,,,,0.245,0,0,,,,,,,,,,,,
,,,,,,,,,,,,,,,,,0.246,0,0,,,,,,,,,,,,
,,,,,,,,,,,,,,,,,0.247,0,0,,,,,,,,,,,,
,,,,,,,,,,,,,,,,,0.248,0,0,,,,,,,,,,,,
,,,,,,,,,,,,,,,,,0.249,0,0,,,,,,,,,,,,
,,,,,,,,,,,,,,,,,0.25,0,0,,,,,,,,,,,,
,,,,,,,,,,,,,,,,,0.251,0,0,,,,,,,,,,,,
,,,,,,,,,,,,,,,,,0.252,0,0,,,,,,,,,,,,
,,,,,,,,,,,,,,,,,0.253,0,0,,,,,,,,,,,,
,,,,,,,,,,,,,,,,,0.254,0,0,,,,,,,,,,,,
,,,,,,,,,,,,,,,,,0.255,0,0,,,,,,,,,,,,
,,,,,,,,,,,,,,,,,0.256,0,0,,,,,,,,,,,,
,,,,,,,,,,,,,,,,,0.257,0,0,,,,,,,,,,,,
,,,,,,,,,,,,,,,,,0.258,0,0,,,,,,,,,,,,
,,,,,,,,,,,,,,,,,0.259,0,0,,,,,,,,,,,,
,,,,,,,,,,,,,,,,,0.26,0,0,,,,,,,,,,,,
,,,,,,,,,,,,,,,,,0.261,0,0,,,,,,,,,,,,
,,,,,,,,,,,,,,,,,0.262,0,0,,,,,,,,,,,,
,,,,,,,,,,,,,,,,,0.263,0,0,,,,,,,,,,,,
,,,,,,,,,,,,,,,,,0.264,0,0,,,,,,,,,,,,
,,,,,,,,,,,,,,,,,0.265,0,0,,,,,,,,,,,,
,,,,,,,,,,,,,,,,,0.266,0,0,,,,,,,,,,,,
,,,,,,,,,,,,,,,,,0.267,0,0,,,,,,,,,,,,
,,,,,,,,,,,,,,,,,0.268,0,0,,,,,,,,,,,,
,,,,,,,,,,,,,,,,,0.269,0,0,,,,,,,,,,,,
,,,,,,,,,,,,,,,,,0.27,0,0,,,,,,,,,,,,
,,,,,,,,,,,,,,,,,0.271,0,0,,,,,,,,,,,,
,,,,,,,,,,,,,,,,,0.272,0,0,,,,,,,,,,,,
,,,,,,,,,,,,,,,,,0.273,0,0,,,,,,,,,,,,
,,,,,,,,,,,,,,,,,0.274,0,0,,,,,,,,,,,,
,,,,,,,,,,,,,,,,,0.275,0,0,,,,,,,,,,,,
,,,,,,,,,,,,,,,,,0.276,0,0,,,,,,,,,,,,
,,,,,,,,,,,,,,,,,0.277,0,0,,,,,,,,,,,,
,,,,,,,,,,,,,,,,,0.278,0,0,,,,,,,,,,,,
,,,,,,,,,,,,,,,,,0.279,0,0,,,,,,,,,,,,
,,,,,,,,,,,,,,,,,0.28,0,0,,,,,,,,,,,,
,,,,,,,,,,,,,,,,,0.281,0,0,,,,,,,,,,,,
,,,,,,,,,,,,,,,,,0.282,0,0,,,,,,,,,,,,
,,,,,,,,,,,,,,,,,0.283,0,0,,,,,,,,,,,,
,,,,,,,,,,,,,,,,,0.284,0,0,,,,,,,,,,,,
,,,,,,,,,,,,,,,,,0.285,0,0,,,,,,,,,,,,
,,,,,,,,,,,,,,,,,0.286,0,0,,,,,,,,,,,,
,,,,,,,,,,,,,,,,,0.287,0,0,,,,,,,,,,,,
,,,,,,,,,,,,,,,,,0.288,0,0,,,,,,,,,,,,
,,,,,,,,,,,,,,,,,0.289,0,0,,,,,,,,,,,,
,,,,,,,,,,,,,,,,,0.29,0,0,,,,,,,,,,,,
,,,,,,,,,,,,,,,,,0.291,0,0,,,,,,,,,,,,
,,,,,,,,,,,,,,,,,0.292,0,0,,,,,,,,,,,,
,,,,,,,,,,,,,,,,,0.293,0,0,,,,,,,,,,,,
,,,,,,,,,,,,,,,,,0.294,0,0,,,,,,,,,,,,
,,,,,,,,,,,,,,,,,0.295,0,0,,,,,,,,,,,,
,,,,,,,,,,,,,,,,,0.296,0,0,,,,,,,,,,,,
,,,,,,,,,,,,,,,,,0.297,0,0,,,,,,,,,,,,
,,,,,,,,,,,,,,,,,0.298,0,0,,,,,,,,,,,,
,,,,,,,,,,,,,,,,,0.299,0,0,,,,,,,,,,,,
,,,,,,,,,,,,,,,,,0.3,0,0,,,,,,,,,,,,
,,,,,,,,,,,,,,,,,0.301,0,0,,,,,,,,,,,,
,,,,,,,,,,,,,,,,,0.302,0,0,,,,,,,,,,,,
,,,,,,,,,,,,,,,,,0.303,0,0,,,,,,,,,,,,
,,,,,,,,,,,,,,,,,0.304,0,0,,,,,,,,,,,,
,,,,,,,,,,,,,,,,,0.305,0,0,,,,,,,,,,,,
,,,,,,,,,,,,,,,,,0.306,0,0,,,,,,,,,,,,
,,,,,,,,,,,,,,,,,0.307,0,0,,,,,,,,,,,,
,,,,,,,,,,,,,,,,,0.308,0,0,,,,,,,,,,,,
,,,,,,,,,,,,,,,,,0.309,0,0,,,,,,,,,,,,
,,,,,,,,,,,,,,,,,0.31,0,0,,,,,,,,,,,,
,,,,,,,,,,,,,,,,,0.311,0,0,,,,,,,,,,,,
,,,,,,,,,,,,,,,,,0.312,0,0,,,,,,,,,,,,
,,,,,,,,,,,,,,,,,0.313,0,0,,,,,,,,,,,,
,,,,,,,,,,,,,,,,,0.314,0,0,,,,,,,,,,,,
,,,,,,,,,,,,,,,,,0.315,0,0,,,,,,,,,,,,
,,,,,,,,,,,,,,,,,0.316,0,0,,,,,,,,,,,,
,,,,,,,,,,,,,,,,,0.317,0,0,,,,,,,,,,,,
,,,,,,,,,,,,,,,,,0.318,0,0,,,,,,,,,,,,
,,,,,,,,,,,,,,,,,0.319,0,0,,,,,,,,,,,,
,,,,,,,,,,,,,,,,,0.32,0,0,,,,,,,,,,,,
,,,,,,,,,,,,,,,,,0.321,0,0,,,,,,,,,,,,
,,,,,,,,,,,,,,,,,0.322,0,0,,,,,,,,,,,,
,,,,,,,,,,,,,,,,,0.323,0,0,,,,,,,,,,,,
,,,,,,,,,,,,,,,,,0.324,0,0,,,,,,,,,,,,
,,,,,,,,,,,,,,,,,0.325,0,0,,,,,,,,,,,,
,,,,,,,,,,,,,,,,,0.326,0,0,,,,,,,,,,,,
,,,,,,,,,,,,,,,,,0.327,0,0,,,,,,,,,,,,
,,,,,,,,,,,,,,,,,0.328,0,0,,,,,,,,,,,,
,,,,,,,,,,,,,,,,,0.329,0,0,,,,,,,,,,,,
,,,,,,,,,,,,,,,,,0.33,0,0,,,,,,,,,,,,
,,,,,,,,,,,,,,,,,0.331,0,0,,,,,,,,,,,,
,,,,,,,,,,,,,,,,,0.332,0,0,,,,,,,,,,,,
,,,,,,,,,,,,,,,,,0.333,0,0,,,,,,,,,,,,
,,,,,,,,,,,,,,,,,0.334,0,0,,,,,,,,,,,,
,,,,,,,,,,,,,,,,,0.335,0,0,,,,,,,,,,,,
,,,,,,,,,,,,,,,,,0.336,0,0,,,,,,,,,,,,
,,,,,,,,,,,,,,,,,0.337,0,0,,,,,,,,,,,,
,,,,,,,,,,,,,,,,,0.338,0,0,,,,,,,,,,,,
,,,,,,,,,,,,,,,,,0.339,0,0,,,,,,,,,,,,
,,,,,,,,,,,,,,,,,0.34,0,0,,,,,,,,,,,,
,,,,,,,,,,,,,,,,,0.341,0,0,,,,,,,,,,,,
,,,,,,,,,,,,,,,,,0.342,0,0,,,,,,,,,,,,
,,,,,,,,,,,,,,,,,0.343,0,0,,,,,,,,,,,,
,,,,,,,,,,,,,,,,,0.344,0,0,,,,,,,,,,,,
,,,,,,,,,,,,,,,,,0.345,0,0,,,,,,,,,,,,
,,,,,,,,,,,,,,,,,0.346,0,0,,,,,,,,,,,,
,,,,,,,,,,,,,,,,,0.347,0,0,,,,,,,,,,,,
,,,,,,,,,,,,,,,,,0.348,0,0,,,,,,,,,,,,
,,,,,,,,,,,,,,,,,0.349,0,0,,,,,,,,,,,,
,,,,,,,,,,,,,,,,,0.35,0,0,,,,,,,,,,,,
,,,,,,,,,,,,,,,,,0.351,0,0,,,,,,,,,,,,
,,,,,,,,,,,,,,,,,0.352,0,0,,,,,,,,,,,,
,,,,,,,,,,,,,,,,,0.353,0,0,,,,,,,,,,,,
,,,,,,,,,,,,,,,,,0.354,0,0,,,,,,,,,,,,
,,,,,,,,,,,,,,,,,0.355,0,0,,,,,,,,,,,,
,,,,,,,,,,,,,,,,,0.356,0,0,,,,,,,,,,,,
,,,,,,,,,,,,,,,,,0.357,0,0,,,,,,,,,,,,
,,,,,,,,,,,,,,,,,0.358,0,0,,,,,,,,,,,,
,,,,,,,,,,,,,,,,,0.359,0,0,,,,,,,,,,,,
,,,,,,,,,,,,,,,,,0.36,0,0,,,,,,,,,,,,
,,,,,,,,,,,,,,,,,0.361,0,0,,,,,,,,,,,,
,,,,,,,,,,,,,,,,,0.362,0,0,,,,,,,,,,,,
,,,,,,,,,,,,,,,,,0.363,0,0,,,,,,,,,,,,
,,,,,,,,,,,,,,,,,0.364,0,0,,,,,,,,,,,,
,,,,,,,,,,,,,,,,,0.365,0,0,,,,,,,,,,,,
,,,,,,,,,,,,,,,,,0.366,0,0,,,,,,,,,,,,
,,,,,,,,,,,,,,,,,0.367,0,0,,,,,,,,,,,,
,,,,,,,,,,,,,,,,,0.368,0,0,,,,,,,,,,,,
,,,,,,,,,,,,,,,,,0.369,0,0,,,,,,,,,,,,
,,,,,,,,,,,,,,,,,0.37,0,0,,,,,,,,,,,,
,,,,,,,,,,,,,,,,,0.371,0,0,,,,,,,,,,,,
,,,,,,,,,,,,,,,,,0.372,0,0,,,,,,,,,,,,
,,,,,,,,,,,,,,,,,0.373,0,0,,,,,,,,,,,,
,,,,,,,,,,,,,,,,,0.374,0,0,,,,,,,,,,,,
,,,,,,,,,,,,,,,,,0.375,0,0,,,,,,,,,,,,
,,,,,,,,,,,,,,,,,0.376,0,0,,,,,,,,,,,,
,,,,,,,,,,,,,,,,,0.377,0,0,,,,,,,,,,,,
,,,,,,,,,,,,,,,,,0.378,0,0,,,,,,,,,,,,
,,,,,,,,,,,,,,,,,0.379,0,0,,,,,,,,,,,,
,,,,,,,,,,,,,,,,,0.38,0,0,,,,,,,,,,,,
,,,,,,,,,,,,,,,,,0.381,0,0,,,,,,,,,,,,
,,,,,,,,,,,,,,,,,0.382,0,0,,,,,,,,,,,,
,,,,,,,,,,,,,,,,,0.383,0,0,,,,,,,,,,,,
,,,,,,,,,,,,,,,,,0.384,0,0,,,,,,,,,,,,
,,,,,,,,,,,,,,,,,0.385,0,0,,,,,,,,,,,,
,,,,,,,,,,,,,,,,,0.386,0,0,,,,,,,,,,,,
,,,,,,,,,,,,,,,,,0.387,0,0,,,,,,,,,,,,
,,,,,,,,,,,,,,,,,0.388,0,0,,,,,,,,,,,,
,,,,,,,,,,,,,,,,,0.389,0,0,,,,,,,,,,,,
,,,,,,,,,,,,,,,,,0.39,0,0,,,,,,,,,,,,
,,,,,,,,,,,,,,,,,0.391,0,0,,,,,,,,,,,,
,,,,,,,,,,,,,,,,,0.392,0,0,,,,,,,,,,,,
,,,,,,,,,,,,,,,,,0.393,0,0,,,,,,,,,,,,
,,,,,,,,,,,,,,,,,0.394,0,0,,,,,,,,,,,,
,,,,,,,,,,,,,,,,,0.395,0,0,,,,,,,,,,,,
,,,,,,,,,,,,,,,,,0.396,0,0,,,,,,,,,,,,
,,,,,,,,,,,,,,,,,0.397,0,0,,,,,,,,,,,,
,,,,,,,,,,,,,,,,,0.398,0,0,,,,,,,,,,,,
,,,,,,,,,,,,,,,,,0.399,0,0,,,,,,,,,,,,
,,,,,,,,,,,,,,,,,0.4,0,0,,,,,,,,,,,,
,,,,,,,,,,,,,,,,,0.401,0,0,,,,,,,,,,,,
,,,,,,,,,,,,,,,,,0.402,0,0,,,,,,,,,,,,
,,,,,,,,,,,,,,,,,0.403,0,0,,,,,,,,,,,,
,,,,,,,,,,,,,,,,,0.404,0,0,,,,,,,,,,,,
,,,,,,,,,,,,,,,,,0.405,0,0,,,,,,,,,,,,
,,,,,,,,,,,,,,,,,0.406,0,0,,,,,,,,,,,,
,,,,,,,,,,,,,,,,,0.407,0,0,,,,,,,,,,,,
,,,,,,,,,,,,,,,,,0.408,0,0,,,,,,,,,,,,
,,,,,,,,,,,,,,,,,0.409,0,0,,,,,,,,,,,,
,,,,,,,,,,,,,,,,,0.41,0,0,,,,,,,,,,,,
,,,,,,,,,,,,,,,,,0.411,0,0,,,,,,,,,,,,
,,,,,,,,,,,,,,,,,0.412,0,0,,,,,,,,,,,,
,,,,,,,,,,,,,,,,,0.413,0,0,,,,,,,,,,,,
,,,,,,,,,,,,,,,,,0.414,0,0,,,,,,,,,,,,
,,,,,,,,,,,,,,,,,0.415,0,0,,,,,,,,,,,,
,,,,,,,,,,,,,,,,,0.416,0,0,,,,,,,,,,,,
,,,,,,,,,,,,,,,,,0.417,0,0,,,,,,,,,,,,
,,,,,,,,,,,,,,,,,0.418,0,0,,,,,,,,,,,,
,,,,,,,,,,,,,,,,,0.419,0,0,,,,,,,,,,,,
,,,,,,,,,,,,,,,,,0.42,0,0,,,,,,,,,,,,
,,,,,,,,,,,,,,,,,0.421,0,0,,,,,,,,,,,,
,,,,,,,,,,,,,,,,,0.422,0,0,,,,,,,,,,,,
,,,,,,,,,,,,,,,,,0.423,0,0,,,,,,,,,,,,
,,,,,,,,,,,,,,,,,0.424,0,0,,,,,,,,,,,,
,,,,,,,,,,,,,,,,,0.425,0,0,,,,,,,,,,,,
,,,,,,,,,,,,,,,,,0.426,0,0,,,,,,,,,,,,
,,,,,,,,,,,,,,,,,0.427,0,0,,,,,,,,,,,,
,,,,,,,,,,,,,,,,,0.428,0,0,,,,,,,,,,,,
,,,,,,,,,,,,,,,,,0.429,0,0,,,,,,,,,,,,
,,,,,,,,,,,,,,,,,0.43,0,0,,,,,,,,,,,,
,,,,,,,,,,,,,,,,,0.431,0,0,,,,,,,,,,,,
,,,,,,,,,,,,,,,,,0.432,0,0,,,,,,,,,,,,
,,,,,,,,,,,,,,,,,0.433,0,0,,,,,,,,,,,,
,,,,,,,,,,,,,,,,,0.434,0,0,,,,,,,,,,,,
,,,,,,,,,,,,,,,,,0.435,0,0,,,,,,,,,,,,
,,,,,,,,,,,,,,,,,0.436,0,0,,,,,,,,,,,,
,,,,,,,,,,,,,,,,,0.437,0,0,,,,,,,,,,,,
,,,,,,,,,,,,,,,,,0.438,0,0,,,,,,,,,,,,
,,,,,,,,,,,,,,,,,0.439,0,0,,,,,,,,,,,,
,,,,,,,,,,,,,,,,,0.44,0,0,,,,,,,,,,,,
,,,,,,,,,,,,,,,,,0.441,0,0,,,,,,,,,,,,
,,,,,,,,,,,,,,,,,0.442,0,0,,,,,,,,,,,,
,,,,,,,,,,,,,,,,,0.443,0,0,,,,,,,,,,,,
,,,,,,,,,,,,,,,,,0.444,0,0,,,,,,,,,,,,
,,,,,,,,,,,,,,,,,0.445,0,0,,,,,,,,,,,,
,,,,,,,,,,,,,,,,,0.446,0,0,,,,,,,,,,,,
,,,,,,,,,,,,,,,,,0.447,0,0,,,,,,,,,,,,
,,,,,,,,,,,,,,,,,0.448,0,0,,,,,,,,,,,,
,,,,,,,,,,,,,,,,,0.449,0,0,,,,,,,,,,,,
,,,,,,,,,,,,,,,,,0.45,0,0,,,,,,,,,,,,
,,,,,,,,,,,,,,,,,0.451,0,0,,,,,,,,,,,,
,,,,,,,,,,,,,,,,,0.452,0,0,,,,,,,,,,,,
,,,,,,,,,,,,,,,,,0.453,0,0,,,,,,,,,,,,
,,,,,,,,,,,,,,,,,0.454,0,0,,,,,,,,,,,,
,,,,,,,,,,,,,,,,,0.455,0,0,,,,,,,,,,,,
,,,,,,,,,,,,,,,,,0.456,0,0,,,,,,,,,,,,
,,,,,,,,,,,,,,,,,0.457,0,0,,,,,,,,,,,,
,,,,,,,,,,,,,,,,,0.458,0,0,,,,,,,,,,,,
,,,,,,,,,,,,,,,,,0.459,0,0,,,,,,,,,,,,
,,,,,,,,,,,,,,,,,0.46,0,0,,,,,,,,,,,,
,,,,,,,,,,,,,,,,,0.461,0,0,,,,,,,,,,,,
,,,,,,,,,,,,,,,,,0.462,0,0,,,,,,,,,,,,
,,,,,,,,,,,,,,,,,0.463,0,0,,,,,,,,,,,,
,,,,,,,,,,,,,,,,,0.464,0,0,,,,,,,,,,,,
,,,,,,,,,,,,,,,,,0.465,0,0,,,,,,,,,,,,
,,,,,,,,,,,,,,,,,0.466,0,0,,,,,,,,,,,,
,,,,,,,,,,,,,,,,,0.467,0,0,,,,,,,,,,,,
,,,,,,,,,,,,,,,,,0.468,0,0,,,,,,,,,,,,
,,,,,,,,,,,,,,,,,0.469,0,0,,,,,,,,,,,,
,,,,,,,,,,,,,,,,,0.47,0,0,,,,,,,,,,,,
,,,,,,,,,,,,,,,,,0.471,0,0,,,,,,,,,,,,
,,,,,,,,,,,,,,,,,0.472,0,0,,,,,,,,,,,,
,,,,,,,,,,,,,,,,,0.473,0,0,,,,,,,,,,,,
,,,,,,,,,,,,,,,,,0.474,0,0,,,,,,,,,,,,
,,,,,,,,,,,,,,,,,0.475,0,0,,,,,,,,,,,,
,,,,,,,,,,,,,,,,,0.476,0,0,,,,,,,,,,,,
,,,,,,,,,,,,,,,,,0.477,0,0,,,,,,,,,,,,
,,,,,,,,,,,,,,,,,0.478,0,0,,,,,,,,,,,,
,,,,,,,,,,,,,,,,,0.479,0,0,,,,,,,,,,,,
,,,,,,,,,,,,,,,,,0.48,0,0,,,,,,,,,,,,
,,,,,,,,,,,,,,,,,0.481,0,0,,,,,,,,,,,,
,,,,,,,,,,,,,,,,,0.482,0,0,,,,,,,,,,,,
,,,,,,,,,,,,,,,,,0.483,0,0,,,,,,,,,,,,
,,,,,,,,,,,,,,,,,0.484,0,0,,,,,,,,,,,,
,,,,,,,,,,,,,,,,,0.485,0,0,,,,,,,,,,,,
,,,,,,,,,,,,,,,,,0.486,0,0,,,,,,,,,,,,
,,,,,,,,,,,,,,,,,0.487,0,0,,,,,,,,,,,,
,,,,,,,,,,,,,,,,,0.488,0,0,,,,,,,,,,,,
,,,,,,,,,,,,,,,,,0.489,0,0,,,,,,,,,,,,
,,,,,,,,,,,,,,,,,0.49,0,0,,,,,,,,,,,,
,,,,,,,,,,,,,,,,,0.491,0,0,,,,,,,,,,,,
,,,,,,,,,,,,,,,,,0.492,0,0,,,,,,,,,,,,
,,,,,,,,,,,,,,,,,0.493,0,0,,,,,,,,,,,,
,,,,,,,,,,,,,,,,,0.494,0,0,,,,,,,,,,,,
,,,,,,,,,,,,,,,,,0.495,0,0,,,,,,,,,,,,
,,,,,,,,,,,,,,,,,0.496,0,0,,,,,,,,,,,,
,,,,,,,,,,,,,,,,,0.497,0,0,,,,,,,,,,,,
,,,,,,,,,,,,,,,,,0.498,0,0,,,,,,,,,,,,
,,,,,,,,,,,,,,,,,0.499,0,0,,,,,,,,,,,,
,,,,,,,,,,,,,,,,,0.5,0,0,,,,,,,,,,,,
,,,,,,,,,,,,,,,,,0.501,0,0,,,,,,,,,,,,
,,,,,,,,,,,,,,,,,0.502,0,0,,,,,,,,,,,,
,,,,,,,,,,,,,,,,,0.503,0,0,,,,,,,,,,,,
,,,,,,,,,,,,,,,,,0.504,0,0,,,,,,,,,,,,
,,,,,,,,,,,,,,,,,0.505,0,0,,,,,,,,,,,,
,,,,,,,,,,,,,,,,,0.506,0,0,,,,,,,,,,,,
,,,,,,,,,,,,,,,,,0.507,0,0,,,,,,,,,,,,
,,,,,,,,,,,,,,,,,0.508,0,0,,,,,,,,,,,,
,,,,,,,,,,,,,,,,,0.509,0,0,,,,,,,,,,,,
,,,,,,,,,,,,,,,,,0.51,0,0,,,,,,,,,,,,
,,,,,,,,,,,,,,,,,0.511,0,0,,,,,,,,,,,,
,,,,,,,,,,,,,,,,,0.512,0,0,,,,,,,,,,,,
,,,,,,,,,,,,,,,,,0.513,0,0,,,,,,,,,,,,
,,,,,,,,,,,,,,,,,0.514,0,0,,,,,,,,,,,,
,,,,,,,,,,,,,,,,,0.515,0,0,,,,,,,,,,,,
,,,,,,,,,,,,,,,,,0.516,0,0,,,,,,,,,,,,
,,,,,,,,,,,,,,,,,0.517,0,0,,,,,,,,,,,,
,,,,,,,,,,,,,,,,,0.518,0,0,,,,,,,,,,,,
,,,,,,,,,,,,,,,,,0.519,0,0,,,,,,,,,,,,
,,,,,,,,,,,,,,,,,0.52,0,0,,,,,,,,,,,,
,,,,,,,,,,,,,,,,,0.521,0,0,,,,,,,,,,,,
,,,,,,,,,,,,,,,,,0.522,0,0,,,,,,,,,,,,
,,,,,,,,,,,,,,,,,0.523,0,0,,,,,,,,,,,,
,,,,,,,,,,,,,,,,,0.524,0,0,,,,,,,,,,,,
,,,,,,,,,,,,,,,,,0.525,0,0,,,,,,,,,,,,
,,,,,,,,,,,,,,,,,0.526,0,0,,,,,,,,,,,,
,,,,,,,,,,,,,,,,,0.527,0,0,,,,,,,,,,,,
,,,,,,,,,,,,,,,,,0.528,0,0,,,,,,,,,,,,
,,,,,,,,,,,,,,,,,0.529,0,0,,,,,,,,,,,,
,,,,,,,,,,,,,,,,,0.53,0,0,,,,,,,,,,,,
,,,,,,,,,,,,,,,,,0.531,0,0,,,,,,,,,,,,
,,,,,,,,,,,,,,,,,0.532,0,0,,,,,,,,,,,,
,,,,,,,,,,,,,,,,,0.533,0,0,,,,,,,,,,,,
,,,,,,,,,,,,,,,,,0.534,0,0,,,,,,,,,,,,
,,,,,,,,,,,,,,,,,0.535,0,0,,,,,,,,,,,,
,,,,,,,,,,,,,,,,,0.536,0,0,,,,,,,,,,,,
,,,,,,,,,,,,,,,,,0.537,0,0,,,,,,,,,,,,
,,,,,,,,,,,,,,,,,0.538,0,0,,,,,,,,,,,,
,,,,,,,,,,,,,,,,,0.539,0,0,,,,,,,,,,,,
,,,,,,,,,,,,,,,,,0.54,0,0,,,,,,,,,,,,
,,,,,,,,,,,,,,,,,0.541,0,0,,,,,,,,,,,,
,,,,,,,,,,,,,,,,,0.542,0,0,,,,,,,,,,,,
,,,,,,,,,,,,,,,,,0.543,0,0,,,,,,,,,,,,
,,,,,,,,,,,,,,,,,0.544,0,0,,,,,,,,,,,,
,,,,,,,,,,,,,,,,,0.545,0,0,,,,,,,,,,,,
,,,,,,,,,,,,,,,,,0.546,0,0,,,,,,,,,,,,
,,,,,,,,,,,,,,,,,0.547,0,0,,,,,,,,,,,,
,,,,,,,,,,,,,,,,,0.548,0,0,,,,,,,,,,,,
,,,,,,,,,,,,,,,,,0.549,0,0,,,,,,,,,,,,
,,,,,,,,,,,,,,,,,0.55,0,0,,,,,,,,,,,,
,,,,,,,,,,,,,,,,,0.551,0,0,,,,,,,,,,,,
,,,,,,,,,,,,,,,,,0.552,0,0,,,,,,,,,,,,
,,,,,,,,,,,,,,,,,0.553,0,0,,,,,,,,,,,,
,,,,,,,,,,,,,,,,,0.554,0,0,,,,,,,,,,,,
,,,,,,,,,,,,,,,,,0.555,0,0,,,,,,,,,,,,
,,,,,,,,,,,,,,,,,0.556,0,0,,,,,,,,,,,,
,,,,,,,,,,,,,,,,,0.557,0,0,,,,,,,,,,,,
,,,,,,,,,,,,,,,,,0.558,0,0,,,,,,,,,,,,
,,,,,,,,,,,,,,,,,0.559,0,0,,,,,,,,,,,,
,,,,,,,,,,,,,,,,,0.56,0,0,,,,,,,,,,,,
,,,,,,,,,,,,,,,,,0.561,0,0,,,,,,,,,,,,
,,,,,,,,,,,,,,,,,0.562,0,0,,,,,,,,,,,,
,,,,,,,,,,,,,,,,,0.563,0,0,,,,,,,,,,,,
,,,,,,,,,,,,,,,,,0.564,0,0,,,,,,,,,,,,
,,,,,,,,,,,,,,,,,0.565,0,0,,,,,,,,,,,,
,,,,,,,,,,,,,,,,,0.566,0,0,,,,,,,,,,,,
,,,,,,,,,,,,,,,,,0.567,0,0,,,,,,,,,,,,
,,,,,,,,,,,,,,,,,0.568,0,0,,,,,,,,,,,,
,,,,,,,,,,,,,,,,,0.569,0,0,,,,,,,,,,,,
,,,,,,,,,,,,,,,,,0.57,0,0,,,,,,,,,,,,
,,,,,,,,,,,,,,,,,0.571,0,0,,,,,,,,,,,,
,,,,,,,,,,,,,,,,,0.572,0,0,,,,,,,,,,,,
,,,,,,,,,,,,,,,,,0.573,0,0,,,,,,,,,,,,
,,,,,,,,,,,,,,,,,0.574,0,0,,,,,,,,,,,,
,,,,,,,,,,,,,,,,,0.575,0,0,,,,,,,,,,,,
,,,,,,,,,,,,,,,,,0.576,0,0,,,,,,,,,,,,
,,,,,,,,,,,,,,,,,0.577,0,0,,,,,,,,,,,,
,,,,,,,,,,,,,,,,,0.578,0,0,,,,,,,,,,,,
,,,,,,,,,,,,,,,,,0.579,0,0,,,,,,,,,,,,
,,,,,,,,,,,,,,,,,0.58,0,0,,,,,,,,,,,,
,,,,,,,,,,,,,,,,,0.581,0,0,,,,,,,,,,,,
,,,,,,,,,,,,,,,,,0.582,0,0,,,,,,,,,,,,
,,,,,,,,,,,,,,,,,0.583,0,0,,,,,,,,,,,,
,,,,,,,,,,,,,,,,,0.584,0,0,,,,,,,,,,,,
,,,,,,,,,,,,,,,,,0.585,0,0,,,,,,,,,,,,
,,,,,,,,,,,,,,,,,0.586,0,0,,,,,,,,,,,,
,,,,,,,,,,,,,,,,,0.587,0,0,,,,,,,,,,,,
,,,,,,,,,,,,,,,,,0.588,0,0,,,,,,,,,,,,
,,,,,,,,,,,,,,,,,0.589,0,0,,,,,,,,,,,,
,,,,,,,,,,,,,,,,,0.59,0,0,,,,,,,,,,,,
,,,,,,,,,,,,,,,,,0.591,0,0,,,,,,,,,,,,
,,,,,,,,,,,,,,,,,0.592,0,0,,,,,,,,,,,,
,,,,,,,,,,,,,,,,,0.593,0,0,,,,,,,,,,,,
,,,,,,,,,,,,,,,,,0.594,0,0,,,,,,,,,,,,
,,,,,,,,,,,,,,,,,0.595,0,0,,,,,,,,,,,,
,,,,,,,,,,,,,,,,,0.596,0,0,,,,,,,,,,,,
,,,,,,,,,,,,,,,,,0.597,0,0,,,,,,,,,,,,
,,,,,,,,,,,,,,,,,0.598,0,0,,,,,,,,,,,,
,,,,,,,,,,,,,,,,,0.599,0,0,,,,,,,,,,,,
,,,,,,,,,,,,,,,,,0.6,0,0,,,,,,,,,,,,
,,,,,,,,,,,,,,,,,0.601,0,0,,,,,,,,,,,,
,,,,,,,,,,,,,,,,,0.602,0,0,,,,,,,,,,,,
,,,,,,,,,,,,,,,,,0.603,0,0,,,,,,,,,,,,
,,,,,,,,,,,,,,,,,0.604,0,0,,,,,,,,,,,,
,,,,,,,,,,,,,,,,,0.605,0,0,,,,,,,,,,,,
,,,,,,,,,,,,,,,,,0.606,0,0,,,,,,,,,,,,
,,,,,,,,,,,,,,,,,0.607,0,0,,,,,,,,,,,,
,,,,,,,,,,,,,,,,,0.608,0,0,,,,,,,,,,,,
,,,,,,,,,,,,,,,,,0.609,0,0,,,,,,,,,,,,
,,,,,,,,,,,,,,,,,0.61,0,0,,,,,,,,,,,,
,,,,,,,,,,,,,,,,,0.611,0,0,,,,,,,,,,,,
,,,,,,,,,,,,,,,,,0.612,0,0,,,,,,,,,,,,
,,,,,,,,,,,,,,,,,0.613,0,0,,,,,,,,,,,,
,,,,,,,,,,,,,,,,,0.614,0,0,,,,,,,,,,,,
,,,,,,,,,,,,,,,,,0.615,0,0,,,,,,,,,,,,
,,,,,,,,,,,,,,,,,0.616,0,0,,,,,,,,,,,,
,,,,,,,,,,,,,,,,,0.617,0,0,,,,,,,,,,,,
,,,,,,,,,,,,,,,,,0.618,0,0,,,,,,,,,,,,
,,,,,,,,,,,,,,,,,0.619,0,0,,,,,,,,,,,,
,,,,,,,,,,,,,,,,,0.62,0,0,,,,,,,,,,,,
,,,,,,,,,,,,,,,,,0.621,0,0,,,,,,,,,,,,
,,,,,,,,,,,,,,,,,0.622,0,0,,,,,,,,,,,,
,,,,,,,,,,,,,,,,,0.623,0,0,,,,,,,,,,,,
,,,,,,,,,,,,,,,,,0.624,0,0,,,,,,,,,,,,
,,,,,,,,,,,,,,,,,0.625,0,0,,,,,,,,,,,,
,,,,,,,,,,,,,,,,,0.626,0,0,,,,,,,,,,,,
,,,,,,,,,,,,,,,,,0.627,0,0,,,,,,,,,,,,
,,,,,,,,,,,,,,,,,0.628,0,0,,,,,,,,,,,,
,,,,,,,,,,,,,,,,,0.629,0,0,,,,,,,,,,,,
,,,,,,,,,,,,,,,,,0.63,0,0,,,,,,,,,,,,
,,,,,,,,,,,,,,,,,0.631,0,0,,,,,,,,,,,,
,,,,,,,,,,,,,,,,,0.632,0,0,,,,,,,,,,,,
,,,,,,,,,,,,,,,,,0.633,0,0,,,,,,,,,,,,
,,,,,,,,,,,,,,,,,0.634,0,0,,,,,,,,,,,,
,,,,,,,,,,,,,,,,,0.635,0,0,,,,,,,,,,,,
,,,,,,,,,,,,,,,,,0.636,0,0,,,,,,,,,,,,
,,,,,,,,,,,,,,,,,0.637,0,0,,,,,,,,,,,,
,,,,,,,,,,,,,,,,,0.638,0,0,,,,,,,,,,,,
,,,,,,,,,,,,,,,,,0.639,0,0,,,,,,,,,,,,
,,,,,,,,,,,,,,,,,0.64,0,0,,,,,,,,,,,,
,,,,,,,,,,,,,,,,,0.641,0,0,,,,,,,,,,,,
,,,,,,,,,,,,,,,,,0.642,0,0,,,,,,,,,,,,
,,,,,,,,,,,,,,,,,0.643,0,0,,,,,,,,,,,,
,,,,,,,,,,,,,,,,,0.644,0,0,,,,,,,,,,,,
,,,,,,,,,,,,,,,,,0.645,0,0,,,,,,,,,,,,
,,,,,,,,,,,,,,,,,0.646,0,0,,,,,,,,,,,,
,,,,,,,,,,,,,,,,,0.647,0,0,,,,,,,,,,,,
,,,,,,,,,,,,,,,,,0.648,0,0,,,,,,,,,,,,
,,,,,,,,,,,,,,,,,0.649,0,0,,,,,,,,,,,,
,,,,,,,,,,,,,,,,,0.65,0,0,,,,,,,,,,,,
,,,,,,,,,,,,,,,,,0.651,0,0,,,,,,,,,,,,
,,,,,,,,,,,,,,,,,0.652,0,0,,,,,,,,,,,,
,,,,,,,,,,,,,,,,,0.653,0,0,,,,,,,,,,,,
,,,,,,,,,,,,,,,,,0.654,0,0,,,,,,,,,,,,
,,,,,,,,,,,,,,,,,0.655,0,0,,,,,,,,,,,,
,,,,,,,,,,,,,,,,,0.656,0,0,,,,,,,,,,,,
,,,,,,,,,,,,,,,,,0.657,0,0,,,,,,,,,,,,
,,,,,,,,,,,,,,,,,0.658,0,0,,,,,,,,,,,,
,,,,,,,,,,,,,,,,,0.659,0,0,,,,,,,,,,,,
,,,,,,,,,,,,,,,,,0.66,0,0,,,,,,,,,,,,
,,,,,,,,,,,,,,,,,0.661,0,0,,,,,,,,,,,,
,,,,,,,,,,,,,,,,,0.662,0,0,,,,,,,,,,,,
,,,,,,,,,,,,,,,,,0.663,0,0,,,,,,,,,,,,
,,,,,,,,,,,,,,,,,0.664,0,0,,,,,,,,,,,,
,,,,,,,,,,,,,,,,,0.665,0,0,,,,,,,,,,,,
,,,,,,,,,,,,,,,,,0.666,0,0,,,,,,,,,,,,
,,,,,,,,,,,,,,,,,0.667,0,0,,,,,,,,,,,,
,,,,,,,,,,,,,,,,,0.668,0,0,,,,,,,,,,,,
,,,,,,,,,,,,,,,,,0.669,0,0,,,,,,,,,,,,
,,,,,,,,,,,,,,,,,0.67,0,0,,,,,,,,,,,,
,,,,,,,,,,,,,,,,,0.671,0,0,,,,,,,,,,,,
,,,,,,,,,,,,,,,,,0.672,0,0,,,,,,,,,,,,
,,,,,,,,,,,,,,,,,0.673,0,0,,,,,,,,,,,,
,,,,,,,,,,,,,,,,,0.674,0,0,,,,,,,,,,,,
,,,,,,,,,,,,,,,,,0.675,0,0,,,,,,,,,,,,
,,,,,,,,,,,,,,,,,0.676,0,0,,,,,,,,,,,,
,,,,,,,,,,,,,,,,,0.677,0,0,,,,,,,,,,,,
,,,,,,,,,,,,,,,,,0.678,0,0,,,,,,,,,,,,
,,,,,,,,,,,,,,,,,0.679,0,0,,,,,,,,,,,,
,,,,,,,,,,,,,,,,,0.68,0,0,,,,,,,,,,,,
,,,,,,,,,,,,,,,,,0.681,0,0,,,,,,,,,,,,
,,,,,,,,,,,,,,,,,0.682,0,0,,,,,,,,,,,,
,,,,,,,,,,,,,,,,,0.683,0,0,,,,,,,,,,,,
,,,,,,,,,,,,,,,,,0.684,0,0,,,,,,,,,,,,
,,,,,,,,,,,,,,,,,0.685,0,0,,,,,,,,,,,,
,,,,,,,,,,,,,,,,,0.686,0,0,,,,,,,,,,,,
,,,,,,,,,,,,,,,,,0.687,0,0,,,,,,,,,,,,
,,,,,,,,,,,,,,,,,0.688,0,0,,,,,,,,,,,,
,,,,,,,,,,,,,,,,,0.689,0,0,,,,,,,,,,,,
,,,,,,,,,,,,,,,,,0.69,0,0,,,,,,,,,,,,
,,,,,,,,,,,,,,,,,0.691,0,0,,,,,,,,,,,,
,,,,,,,,,,,,,,,,,0.692,0,0,,,,,,,,,,,,
,,,,,,,,,,,,,,,,,0.693,0,0,,,,,,,,,,,,
,,,,,,,,,,,,,,,,,0.694,0,0,,,,,,,,,,,,
,,,,,,,,,,,,,,,,,0.695,0,0,,,,,,,,,,,,
,,,,,,,,,,,,,,,,,0.696,0,0,,,,,,,,,,,,
,,,,,,,,,,,,,,,,,0.697,0,0,,,,,,,,,,,,
,,,,,,,,,,,,,,,,,0.698,0,0,,,,,,,,,,,,
,,,,,,,,,,,,,,,,,0.699,0,0,,,,,,,,,,,,
,,,,,,,,,,,,,,,,,0.7,0,0,,,,,,,,,,,,
,,,,,,,,,,,,,,,,,0.701,0,0,,,,,,,,,,,,
,,,,,,,,,,,,,,,,,0.702,0,0,,,,,,,,,,,,
,,,,,,,,,,,,,,,,,0.703,0,0,,,,,,,,,,,,
,,,,,,,,,,,,,,,,,0.704,0,0,,,,,,,,,,,,
,,,,,,,,,,,,,,,,,0.705,0,0,,,,,,,,,,,,
,,,,,,,,,,,,,,,,,0.706,0,0,,,,,,,,,,,,
,,,,,,,,,,,,,,,,,0.707,0,0,,,,,,,,,,,,
,,,,,,,,,,,,,,,,,0.708,0,0,,,,,,,,,,,,
,,,,,,,,,,,,,,,,,0.709,0,0,,,,,,,,,,,,
,,,,,,,,,,,,,,,,,0.71,0,0,,,,,,,,,,,,
,,,,,,,,,,,,,,,,,0.711,0,0,,,,,,,,,,,,
,,,,,,,,,,,,,,,,,0.712,0,0,,,,,,,,,,,,
,,,,,,,,,,,,,,,,,0.713,0,0,,,,,,,,,,,,
,,,,,,,,,,,,,,,,,0.714,0,0,,,,,,,,,,,,
,,,,,,,,,,,,,,,,,0.715,0,0,,,,,,,,,,,,
,,,,,,,,,,,,,,,,,0.716,0,0,,,,,,,,,,,,
,,,,,,,,,,,,,,,,,0.717,0,0,,,,,,,,,,,,
,,,,,,,,,,,,,,,,,0.718,0,0,,,,,,,,,,,,
,,,,,,,,,,,,,,,,,0.719,0,0,,,,,,,,,,,,
,,,,,,,,,,,,,,,,,0.72,0,0,,,,,,,,,,,,
,,,,,,,,,,,,,,,,,0.721,0,0,,,,,,,,,,,,
,,,,,,,,,,,,,,,,,0.722,0,0,,,,,,,,,,,,
,,,,,,,,,,,,,,,,,0.723,0,0,,,,,,,,,,,,
,,,,,,,,,,,,,,,,,0.724,0,0,,,,,,,,,,,,
,,,,,,,,,,,,,,,,,0.725,0,0,,,,,,,,,,,,
,,,,,,,,,,,,,,,,,0.726,0,0,,,,,,,,,,,,
,,,,,,,,,,,,,,,,,0.727,0,0,,,,,,,,,,,,
,,,,,,,,,,,,,,,,,0.728,0,0,,,,,,,,,,,,
,,,,,,,,,,,,,,,,,0.729,0,0,,,,,,,,,,,,
,,,,,,,,,,,,,,,,,0.73,0,0,,,,,,,,,,,,
,,,,,,,,,,,,,,,,,0.731,0,0,,,,,,,,,,,,
,,,,,,,,,,,,,,,,,0.732,0,0,,,,,,,,,,,,
,,,,,,,,,,,,,,,,,0.733,0,0,,,,,,,,,,,,
,,,,,,,,,,,,,,,,,0.734,0,0,,,,,,,,,,,,
,,,,,,,,,,,,,,,,,0.735,0,0,,,,,,,,,,,,
,,,,,,,,,,,,,,,,,0.736,0,0,,,,,,,,,,,,
,,,,,,,,,,,,,,,,,0.737,0,0,,,,,,,,,,,,
,,,,,,,,,,,,,,,,,0.738,0,0,,,,,,,,,,,,
,,,,,,,,,,,,,,,,,0.739,0,0,,,,,,,,,,,,
,,,,,,,,,,,,,,,,,0.74,0,0,,,,,,,,,,,,
,,,,,,,,,,,,,,,,,0.741,0,0,,,,,,,,,,,,
,,,,,,,,,,,,,,,,,0.742,0,0,,,,,,,,,,,,
,,,,,,,,,,,,,,,,,0.743,0,0,,,,,,,,,,,,
,,,,,,,,,,,,,,,,,0.744,0,0,,,,,,,,,,,,
,,,,,,,,,,,,,,,,,0.745,0,0,,,,,,,,,,,,
,,,,,,,,,,,,,,,,,0.746,0,0,,,,,,,,,,,,
,,,,,,,,,,,,,,,,,0.747,0,0,,,,,,,,,,,,
,,,,,,,,,,,,,,,,,0.748,0,0,,,,,,,,,,,,
,,,,,,,,,,,,,,,,,0.749,0,0,,,,,,,,,,,,
,,,,,,,,,,,,,,,,,0.75,0,0,,,,,,,,,,,,
,,,,,,,,,,,,,,,,,0.751,0,0,,,,,,,,,,,,
,,,,,,,,,,,,,,,,,0.752,0,0,,,,,,,,,,,,
,,,,,,,,,,,,,,,,,0.753,0,0,,,,,,,,,,,,
,,,,,,,,,,,,,,,,,0.754,0,0,,,,,,,,,,,,
,,,,,,,,,,,,,,,,,0.755,0,0,,,,,,,,,,,,
,,,,,,,,,,,,,,,,,0.756,0,0,,,,,,,,,,,,
,,,,,,,,,,,,,,,,,0.757,0,0,,,,,,,,,,,,
,,,,,,,,,,,,,,,,,0.758,0,0,,,,,,,,,,,,
,,,,,,,,,,,,,,,,,0.759,0,0,,,,,,,,,,,,
,,,,,,,,,,,,,,,,,0.76,0,0,,,,,,,,,,,,
,,,,,,,,,,,,,,,,,0.761,0,0,,,,,,,,,,,,
,,,,,,,,,,,,,,,,,0.762,0,0,,,,,,,,,,,,
,,,,,,,,,,,,,,,,,0.763,0,0,,,,,,,,,,,,
,,,,,,,,,,,,,,,,,0.764,0,0,,,,,,,,,,,,
,,,,,,,,,,,,,,,,,0.765,0,0,,,,,,,,,,,,
,,,,,,,,,,,,,,,,,0.766,0,0,,,,,,,,,,,,
,,,,,,,,,,,,,,,,,0.767,0,0,,,,,,,,,,,,
,,,,,,,,,,,,,,,,,0.768,0,0,,,,,,,,,,,,
,,,,,,,,,,,,,,,,,0.769,0,0,,,,,,,,,,,,
,,,,,,,,,,,,,,,,,0.77,0,0,,,,,,,,,,,,
,,,,,,,,,,,,,,,,,0.771,0,0,,,,,,,,,,,,
,,,,,,,,,,,,,,,,,0.772,0,0,,,,,,,,,,,,
,,,,,,,,,,,,,,,,,0.773,0,0,,,,,,,,,,,,
,,,,,,,,,,,,,,,,,0.774,0,0,,,,,,,,,,,,
,,,,,,,,,,,,,,,,,0.775,0,0,,,,,,,,,,,,
,,,,,,,,,,,,,,,,,0.776,0,0,,,,,,,,,,,,
,,,,,,,,,,,,,,,,,0.777,0,0,,,,,,,,,,,,
,,,,,,,,,,,,,,,,,0.778,0,0,,,,,,,,,,,,
,,,,,,,,,,,,,,,,,0.779,0,0,,,,,,,,,,,,
,,,,,,,,,,,,,,,,,0.78,0,0,,,,,,,,,,,,
,,,,,,,,,,,,,,,,,0.781,0,0,,,,,,,,,,,,
,,,,,,,,,,,,,,,,,0.782,0,0,,,,,,,,,,,,
,,,,,,,,,,,,,,,,,0.783,0,0,,,,,,,,,,,,
,,,,,,,,,,,,,,,,,0.784,0,0,,,,,,,,,,,,
,,,,,,,,,,,,,,,,,0.785,0,0,,,,,,,,,,,,
,,,,,,,,,,,,,,,,,0.786,0,0,,,,,,,,,,,,
,,,,,,,,,,,,,,,,,0.787,0,0,,,,,,,,,,,,
,,,,,,,,,,,,,,,,,0.788,0,0,,,,,,,,,,,,
,,,,,,,,,,,,,,,,,0.789,0,0,,,,,,,,,,,,
,,,,,,,,,,,,,,,,,0.79,0,0,,,,,,,,,,,,
,,,,,,,,,,,,,,,,,0.791,0,0,,,,,,,,,,,,
,,,,,,,,,,,,,,,,,0.792,0,0,,,,,,,,,,,,
,,,,,,,,,,,,,,,,,0.793,0,0,,,,,,,,,,,,
,,,,,,,,,,,,,,,,,0.794,0,0,,,,,,,,,,,,
,,,,,,,,,,,,,,,,,0.795,0,0,,,,,,,,,,,,
,,,,,,,,,,,,,,,,,0.796,0,0,,,,,,,,,,,,
,,,,,,,,,,,,,,,,,0.797,0,0,,,,,,,,,,,,
,,,,,,,,,,,,,,,,,0.798,0,0,,,,,,,,,,,,
,,,,,,,,,,,,,,,,,0.799,0,0,,,,,,,,,,,,
,,,,,,,,,,,,,,,,,0.8,0,0,,,,,,,,,,,,
,,,,,,,,,,,,,,,,,0.801,0,0,,,,,,,,,,,,
,,,,,,,,,,,,,,,,,0.802,0,0,,,,,,,,,,,,
,,,,,,,,,,,,,,,,,0.803,0,0,,,,,,,,,,,,
,,,,,,,,,,,,,,,,,0.804,0,0,,,,,,,,,,,,
,,,,,,,,,,,,,,,,,0.805,0,0,,,,,,,,,,,,
,,,,,,,,,,,,,,,,,0.806,0,0,,,,,,,,,,,,
,,,,,,,,,,,,,,,,,0.807,0,0,,,,,,,,,,,,
,,,,,,,,,,,,,,,,,0.808,0,0,,,,,,,,,,,,
,,,,,,,,,,,,,,,,,0.809,0,0,,,,,,,,,,,,
,,,,,,,,,,,,,,,,,0.81,0,0,,,,,,,,,,,,
,,,,,,,,,,,,,,,,,0.811,0,0,,,,,,,,,,,,
,,,,,,,,,,,,,,,,,0.812,0,0,,,,,,,,,,,,
,,,,,,,,,,,,,,,,,0.813,0,0,,,,,,,,,,,,
,,,,,,,,,,,,,,,,,0.814,0,0,,,,,,,,,,,,
,,,,,,,,,,,,,,,,,0.815,0,0,,,,,,,,,,,,
,,,,,,,,,,,,,,,,,0.816,0,0,,,,,,,,,,,,
,,,,,,,,,,,,,,,,,0.817,0,0,,,,,,,,,,,,
,,,,,,,,,,,,,,,,,0.818,0,0,,,,,,,,,,,,
,,,,,,,,,,,,,,,,,0.819,0,0,,,,,,,,,,,,
,,,,,,,,,,,,,,,,,0.82,0,0,,,,,,,,,,,,
,,,,,,,,,,,,,,,,,0.821,0,0,,,,,,,,,,,,
,,,,,,,,,,,,,,,,,0.822,0,0,,,,,,,,,,,,
,,,,,,,,,,,,,,,,,0.823,0,0,,,,,,,,,,,,
,,,,,,,,,,,,,,,,,0.824,0,0,,,,,,,,,,,,
,,,,,,,,,,,,,,,,,0.825,0,0,,,,,,,,,,,,
,,,,,,,,,,,,,,,,,0.826,0,0,,,,,,,,,,,,
,,,,,,,,,,,,,,,,,0.827,0,0,,,,,,,,,,,,
,,,,,,,,,,,,,,,,,0.828,0,0,,,,,,,,,,,,
,,,,,,,,,,,,,,,,,0.829,0,0,,,,,,,,,,,,
,,,,,,,,,,,,,,,,,0.83,0,0,,,,,,,,,,,,
,,,,,,,,,,,,,,,,,0.831,0,0,,,,,,,,,,,,
,,,,,,,,,,,,,,,,,0.832,0,0,,,,,,,,,,,,
,,,,,,,,,,,,,,,,,0.833,0,0,,,,,,,,,,,,
,,,,,,,,,,,,,,,,,0.834,0,0,,,,,,,,,,,,
,,,,,,,,,,,,,,,,,0.835,0,0,,,,,,,,,,,,
,,,,,,,,,,,,,,,,,0.836,0,0,,,,,,,,,,,,
,,,,,,,,,,,,,,,,,0.837,0,0,,,,,,,,,,,,
,,,,,,,,,,,,,,,,,0.838,0,0,,,,,,,,,,,,
,,,,,,,,,,,,,,,,,0.839,0,0,,,,,,,,,,,,
,,,,,,,,,,,,,,,,,0.84,0,0,,,,,,,,,,,,
,,,,,,,,,,,,,,,,,0.841,0,0,,,,,,,,,,,,
,,,,,,,,,,,,,,,,,0.842,0,0,,,,,,,,,,,,
,,,,,,,,,,,,,,,,,0.843,0,0,,,,,,,,,,,,
,,,,,,,,,,,,,,,,,0.844,0,0,,,,,,,,,,,,
,,,,,,,,,,,,,,,,,0.845,0,0,,,,,,,,,,,,
,,,,,,,,,,,,,,,,,0.846,0,0,,,,,,,,,,,,
,,,,,,,,,,,,,,,,,0.847,0,0,,,,,,,,,,,,
,,,,,,,,,,,,,,,,,0.848,0,0,,,,,,,,,,,,
,,,,,,,,,,,,,,,,,0.849,0,0,,,,,,,,,,,,
,,,,,,,,,,,,,,,,,0.85,0,0,,,,,,,,,,,,
,,,,,,,,,,,,,,,,,0.851,0,0,,,,,,,,,,,,
,,,,,,,,,,,,,,,,,0.852,0,0,,,,,,,,,,,,
,,,,,,,,,,,,,,,,,0.853,0,0,,,,,,,,,,,,
,,,,,,,,,,,,,,,,,0.854,0,0,,,,,,,,,,,,
,,,,,,,,,,,,,,,,,0.855,0,0,,,,,,,,,,,,
,,,,,,,,,,,,,,,,,0.856,0,0,,,,,,,,,,,,
,,,,,,,,,,,,,,,,,0.857,0,0,,,,,,,,,,,,
,,,,,,,,,,,,,,,,,0.858,0,0,,,,,,,,,,,,
,,,,,,,,,,,,,,,,,0.859,0,0,,,,,,,,,,,,
,,,,,,,,,,,,,,,,,0.86,0,0,,,,,,,,,,,,
,,,,,,,,,,,,,,,,,0.861,0,0,,,,,,,,,,,,
,,,,,,,,,,,,,,,,,0.862,0,0,,,,,,,,,,,,
,,,,,,,,,,,,,,,,,0.863,0,0,,,,,,,,,,,,
,,,,,,,,,,,,,,,,,0.864,0,0,,,,,,,,,,,,
,,,,,,,,,,,,,,,,,0.865,0,0,,,,,,,,,,,,
,,,,,,,,,,,,,,,,,0.866,0,0,,,,,,,,,,,,
,,,,,,,,,,,,,,,,,0.867,0,0,,,,,,,,,,,,
,,,,,,,,,,,,,,,,,0.868,0,0,,,,,,,,,,,,
,,,,,,,,,,,,,,,,,0.869,0,0,,,,,,,,,,,,
,,,,,,,,,,,,,,,,,0.87,0,0,,,,,,,,,,,,
,,,,,,,,,,,,,,,,,0.871,0,0,,,,,,,,,,,,
,,,,,,,,,,,,,,,,,0.872,0,0,,,,,,,,,,,,
,,,,,,,,,,,,,,,,,0.873,0,0,,,,,,,,,,,,
,,,,,,,,,,,,,,,,,0.874,0,0,,,,,,,,,,,,
,,,,,,,,,,,,,,,,,0.875,0,0,,,,,,,,,,,,
,,,,,,,,,,,,,,,,,0.876,0,0,,,,,,,,,,,,
,,,,,,,,,,,,,,,,,0.877,0,0,,,,,,,,,,,,
,,,,,,,,,,,,,,,,,0.878,0,0,,,,,,,,,,,,
,,,,,,,,,,,,,,,,,0.879,0,0,,,,,,,,,,,,
,,,,,,,,,,,,,,,,,0.88,0,0,,,,,,,,,,,,
,,,,,,,,,,,,,,,,,0.881,0,0,,,,,,,,,,,,
,,,,,,,,,,,,,,,,,0.882,0,0,,,,,,,,,,,,
,,,,,,,,,,,,,,,,,0.883,0,0,,,,,,,,,,,,
,,,,,,,,,,,,,,,,,0.884,0,0,,,,,,,,,,,,
,,,,,,,,,,,,,,,,,0.885,0,0,,,,,,,,,,,,
,,,,,,,,,,,,,,,,,0.886,0,0,,,,,,,,,,,,
,,,,,,,,,,,,,,,,,0.887,0,0,,,,,,,,,,,,
,,,,,,,,,,,,,,,,,0.888,0,0,,,,,,,,,,,,
,,,,,,,,,,,,,,,,,0.889,0,0,,,,,,,,,,,,
,,,,,,,,,,,,,,,,,0.89,0,0,,,,,,,,,,,,
,,,,,,,,,,,,,,,,,0.891,0,0,,,,,,,,,,,,
,,,,,,,,,,,,,,,,,0.892,0,0,,,,,,,,,,,,
,,,,,,,,,,,,,,,,,0.893,0,0,,,,,,,,,,,,
,,,,,,,,,,,,,,,,,0.894,0,0,,,,,,,,,,,,
,,,,,,,,,,,,,,,,,0.895,0,0,,,,,,,,,,,,
,,,,,,,,,,,,,,,,,0.896,0,0,,,,,,,,,,,,
,,,,,,,,,,,,,,,,,0.897,0,0,,,,,,,,,,,,
,,,,,,,,,,,,,,,,,0.898,0,0,,,,,,,,,,,,
,,,,,,,,,,,,,,,,,0.899,0,0,,,,,,,,,,,,
,,,,,,,,,,,,,,,,,0.9,0,0,,,,,,,,,,,,
,,,,,,,,,,,,,,,,,0.901,0,0,,,,,,,,,,,,
,,,,,,,,,,,,,,,,,0.902,0,0,,,,,,,,,,,,
,,,,,,,,,,,,,,,,,0.903,0,0,,,,,,,,,,,,
,,,,,,,,,,,,,,,,,0.904,0,0,,,,,,,,,,,,
,,,,,,,,,,,,,,,,,0.905,0,0,,,,,,,,,,,,
,,,,,,,,,,,,,,,,,0.906,0,0,,,,,,,,,,,,
,,,,,,,,,,,,,,,,,0.907,0,0,,,,,,,,,,,,
,,,,,,,,,,,,,,,,,0.908,0,0,,,,,,,,,,,,
,,,,,,,,,,,,,,,,,0.909,0,0,,,,,,,,,,,,
,,,,,,,,,,,,,,,,,0.91,0,0,,,,,,,,,,,,
,,,,,,,,,,,,,,,,,0.911,0,0,,,,,,,,,,,,
,,,,,,,,,,,,,,,,,0.912,0,0,,,,,,,,,,,,
,,,,,,,,,,,,,,,,,0.913,0,0,,,,,,,,,,,,
,,,,,,,,,,,,,,,,,0.914,0,0,,,,,,,,,,,,
,,,,,,,,,,,,,,,,,0.915,0,0,,,,,,,,,,,,
,,,,,,,,,,,,,,,,,0.916,0,0,,,,,,,,,,,,
,,,,,,,,,,,,,,,,,0.917,0,0,,,,,,,,,,,,
,,,,,,,,,,,,,,,,,0.918,0,0,,,,,,,,,,,,
,,,,,,,,,,,,,,,,,0.919,0,0,,,,,,,,,,,,
,,,,,,,,,,,,,,,,,0.92,0,0,,,,,,,,,,,,
,,,,,,,,,,,,,,,,,0.921,0,0,,,,,,,,,,,,
,,,,,,,,,,,,,,,,,0.922,0,0,,,,,,,,,,,,
,,,,,,,,,,,,,,,,,0.923,0,0,,,,,,,,,,,,
,,,,,,,,,,,,,,,,,0.924,0,0,,,,,,,,,,,,
,,,,,,,,,,,,,,,,,0.925,0,0,,,,,,,,,,,,
,,,,,,,,,,,,,,,,,0.926,0,0,,,,,,,,,,,,
,,,,,,,,,,,,,,,,,0.927,0,0,,,,,,,,,,,,
,,,,,,,,,,,,,,,,,0.928,0,0,,,,,,,,,,,,
,,,,,,,,,,,,,,,,,0.929,0,0,,,,,,,,,,,,
,,,,,,,,,,,,,,,,,0.93,0,0,,,,,,,,,,,,
,,,,,,,,,,,,,,,,,0.931,0,0,,,,,,,,,,,,
,,,,,,,,,,,,,,,,,0.932,0,0,,,,,,,,,,,,
,,,,,,,,,,,,,,,,,0.933,0,0,,,,,,,,,,,,
,,,,,,,,,,,,,,,,,0.934,0,0,,,,,,,,,,,,
,,,,,,,,,,,,,,,,,0.935,0,0,,,,,,,,,,,,
,,,,,,,,,,,,,,,,,0.936,0,0,,,,,,,,,,,,
,,,,,,,,,,,,,,,,,0.937,0,0,,,,,,,,,,,,
,,,,,,,,,,,,,,,,,0.938,0,0,,,,,,,,,,,,
,,,,,,,,,,,,,,,,,0.939,0,0,,,,,,,,,,,,
,,,,,,,,,,,,,,,,,0.94,0,0,,,,,,,,,,,,
,,,,,,,,,,,,,,,,,0.941,0,0,,,,,,,,,,,,
,,,,,,,,,,,,,,,,,0.942,0,0,,,,,,,,,,,,
,,,,,,,,,,,,,,,,,0.943,0,0,,,,,,,,,,,,
,,,,,,,,,,,,,,,,,0.944,0,0,,,,,,,,,,,,
,,,,,,,,,,,,,,,,,0.945,0,0,,,,,,,,,,,,
,,,,,,,,,,,,,,,,,0.946,0,0,,,,,,,,,,,,
,,,,,,,,,,,,,,,,,0.947,0,0,,,,,,,,,,,,
,,,,,,,,,,,,,,,,,0.948,0,0,,,,,,,,,,,,
,,,,,,,,,,,,,,,,,0.949,0,0,,,,,,,,,,,,
,,,,,,,,,,,,,,,,,0.95,0,0,,,,,,,,,,,,
,,,,,,,,,,,,,,,,,0.951,0,0,,,,,,,,,,,,
,,,,,,,,,,,,,,,,,0.952,0,0,,,,,,,,,,,,
,,,,,,,,,,,,,,,,,0.953,0,0,,,,,,,,,,,,
,,,,,,,,,,,,,,,,,0.954,0,0,,,,,,,,,,,,
,,,,,,,,,,,,,,,,,0.955,0,0,,,,,,,,,,,,
,,,,,,,,,,,,,,,,,0.956,0,0,,,,,,,,,,,,
,,,,,,,,,,,,,,,,,0.957,0,0,,,,,,,,,,,,
,,,,,,,,,,,,,,,,,0.958,0,0,,,,,,,,,,,,
,,,,,,,,,,,,,,,,,0.959,0,0,,,,,,,,,,,,
,,,,,,,,,,,,,,,,,0.96,0,0,,,,,,,,,,,,
,,,,,,,,,,,,,,,,,0.961,0,0,,,,,,,,,,,,
,,,,,,,,,,,,,,,,,0.962,0,0,,,,,,,,,,,,
,,,,,,,,,,,,,,,,,0.963,0,0,,,,,,,,,,,,
,,,,,,,,,,,,,,,,,0.964,0,0,,,,,,,,,,,,
,,,,,,,,,,,,,,,,,0.965,0,0,,,,,,,,,,,,
,,,,,,,,,,,,,,,,,0.966,0,0,,,,,,,,,,,,
,,,,,,,,,,,,,,,,,0.967,0,0,,,,,,,,,,,,
,,,,,,,,,,,,,,,,,0.968,0,0,,,,,,,,,,,,
,,,,,,,,,,,,,,,,,0.969,0,0,,,,,,,,,,,,
,,,,,,,,,,,,,,,,,0.97,0,0,,,,,,,,,,,,
,,,,,,,,,,,,,,,,,0.971,0,0,,,,,,,,,,,,
,,,,,,,,,,,,,,,,,0.972,0,0,,,,,,,,,,,,
,,,,,,,,,,,,,,,,,0.973,0,0,,,,,,,,,,,,
,,,,,,,,,,,,,,,,,0.974,0,0,,,,,,,,,,,,
,,,,,,,,,,,,,,,,,0.975,0,0,,,,,,,,,,,,
,,,,,,,,,,,,,,,,,0.976,0,0,,,,,,,,,,,,
,,,,,,,,,,,,,,,,,0.977,0.000805855,0,,,,,,,,,,,,
,,,,,,,,,,,,,,,,,0.978,0,0,,,,,,,,,,,,
,,,,,,,,,,,,,,,,,0.979,0,0,,,,,,,,,,,,
,,,,,,,,,,,,,,,,,0.98,0,0,,,,,,,,,,,,
,,,,,,,,,,,,,,,,,0.981,0,0,,,,,,,,,,,,
,,,,,,,,,,,,,,,,,0.982,0,0,,,,,,,,,,,,
,,,,,,,,,,,,,,,,,0.983,0.000805855,0,,,,,,,,,,,,
,,,,,,,,,,,,,,,,,0.984,0.000805855,0,,,,,,,,,,,,
,,,,,,,,,,,,,,,,,0.985,0.003223419,0,,,,,,,,,,,,
,,,,,,,,,,,,,,,,,0.986,0.000805855,0,,,,,,,,,,,,
,,,,,,,,,,,,,,,,,0.987,0.003223419,0,,,,,,,,,,,,
,,,,,,,,,,,,,,,,,0.988,0.002417564,0,,,,,,,,,,,,
,,,,,,,,,,,,,,,,,0.989,0.00161171,0,,,,,,,,,,,,
,,,,,,,,,,,,,,,,,0.99,0.008864403,0,,,,,,,,,,,,
,,,,,,,,,,,,,,,,,0.991,0.004835129,0,,,,,,,,,,,,
,,,,,,,,,,,,,,,,,0.992,0.003223419,0,,,,,,,,,,,,
,,,,,,,,,,,,,,,,,0.993,0.006446838,0,,,,,,,,,,,,
,,,,,,,,,,,,,,,,,0.994,0.004835129,0,,,,,,,,,,,,
,,,,,,,,,,,,,,,,,0.995,0.00161171,0,,,,,,,,,,,,
,,,,,,,,,,,,,,,,,0.996,0.002417564,0,,,,,,,,,,,,
,,,,,,,,,,,,,,,,,0.997,0.004029274,0,,,,,,,,,,,,
,,,,,,,,,,,,,,,,,0.998,0.007252693,0,,,,,,,,,,,,
,,,,,,,,,,,,,,,,,0.999,0.000805855,0,,,,,,,,,,,,
,,,,,,,,,,,,,,,,,1,0.006446838,0,,,,,,,,,,,,
,,,,,,,,,,,,,,,,,1.001,0.007252693,0,,,,,,,,,,,,
,,,,,,,,,,,,,,,,,1.002,0.008058548,0,,,,,,,,,,,,
,,,,,,,,,,,,,,,,,1.003,0.008058548,0,,,,,,,,,,,,
,,,,,,,,,,,,,,,,,1.004,0.007252693,0,,,,,,,,,,,,
,,,,,,,,,,,,,,,,,1.005,0.011281967,0,,,,,,,,,,,,
,,,,,,,,,,,,,,,,,1.006,0.008058548,0,,,,,,,,,,,,
,,,,,,,,,,,,,,,,,1.007,0.006446838,0,,,,,,,,,,,,
,,,,,,,,,,,,,,,,,1.008,0.008058548,0,,,,,,,,,,,,
,,,,,,,,,,,,,,,,,1.009,0.009670258,0,,,,,,,,,,,,
,,,,,,,,,,,,,,,,,1.01,0.010476112,0,,,,,,,,,,,,
,,,,,,,,,,,,,,,,,1.011,0.008864403,0,,,,,,,,,,,,
,,,,,,,,,,,,,,,,,1.012,0.007252693,0,,,,,,,,,,,,
,,,,,,,,,,,,,,,,,1.013,0.012893677,0,,,,,,,,,,,,
,,,,,,,,,,,,,,,,,1.014,0.012893677,0,,,,,,,,,,,,
,,,,,,,,,,,,,,,,,1.015,0.011281967,0,,,,,,,,,,,,
,,,,,,,,,,,,,,,,,1.016,0.011281967,0,,,,,,,,,,,,
,,,,,,,,,,,,,,,,,1.017,0.012087822,0,,,,,,,,,,,,
,,,,,,,,,,,,,,,,,1.018,0.012893677,0,,,,,,,,,,,,
,,,,,,,,,,,,,,,,,1.019,0.012893677,0,,,,,,,,,,,,
,,,,,,,,,,,,,,,,,1.02,0.012893677,0,,,,,,,,,,,,
,,,,,,,,,,,,,,,,,1.021,0.014505386,0,,,,,,,,,,,,
,,,,,,,,,,,,,,,,,1.022,0.011281967,0,,,,,,,,,,,,
,,,,,,,,,,,,,,,,,1.023,0.008864403,0,,,,,,,,,,,,
,,,,,,,,,,,,,,,,,1.024,0.014505386,0,,,,,,,,,,,,
,,,,,,,,,,,,,,,,,1.025,0.013699532,0,,,,,,,,,,,,
,,,,,,,,,,,,,,,,,1.026,0.012893677,0,,,,,,,,,,,,
,,,,,,,,,,,,,,,,,1.027,0.013699532,0,,,,,,,,,,,,
,,,,,,,,,,,,,,,,,1.028,0.015311241,0,,,,,,,,,,,,
,,,,,,,,,,,,,,,,,1.029,0.013699532,0,,,,,,,,,,,,
,,,,,,,,,,,,,,,,,1.03,0.016922951,0,,,,,,,,,,,,
,,,,,,,,,,,,,,,,,1.031,0.016922951,0,,,,,,,,,,,,
,,,,,,,,,,,,,,,,,1.032,0.022563934,0,,,,,,,,,,,,
,,,,,,,,,,,,,,,,,1.033,0.01853466,0,,,,,,,,,,,,
,,,,,,,,,,,,,,,,,1.034,0.015311241,0,,,,,,,,,,,,
,,,,,,,,,,,,,,,,,1.035,0.017728806,0,,,,,,,,,,,,
,,,,,,,,,,,,,,,,,1.036,0.016922951,0,,,,,,,,,,,,
,,,,,,,,,,,,,,,,,1.037,0.016922951,0,,,,,,,,,,,,
,,,,,,,,,,,,,,,,,1.038,0.016922951,0,,,,,,,,,,,,
,,,,,,,,,,,,,,,,,1.039,0.024175644,0,,,,,,,,,,,,
,,,,,,,,,,,,,,,,,1.04,0.01853466,0,,,,,,,,,,,,
,,,,,,,,,,,,,,,,,1.041,0.02014637,0,,,,,,,,,,,,
,,,,,,,,,,,,,,,,,1.042,0.019340515,0,,,,,,,,,,,,
,,,,,,,,,,,,,,,,,1.043,0.019340515,0,,,,,,,,,,,,
,,,,,,,,,,,,,,,,,1.044,0.02014637,0,,,,,,,,,,,,
,,,,,,,,,,,,,,,,,1.045,0.02175808,0,,,,,,,,,,,,
,,,,,,,,,,,,,,,,,1.046,0.016117096,0,,,,,,,,,,,,
,,,,,,,,,,,,,,,,,1.047,0.023369789,0,,,,,,,,,,,,
,,,,,,,,,,,,,,,,,1.048,0.02175808,0,,,,,,,,,,,,
,,,,,,,,,,,,,,,,,1.049,0.020952225,0,,,,,,,,,,,,
,,,,,,,,,,,,,,,,,1.05,0.022563934,0,,,,,,,,,,,,
,,,,,,,,,,,,,,,,,1.051,0.023369789,0,,,,,,,,,,,,
,,,,,,,,,,,,,,,,,1.052,0.024175644,0,,,,,,,,,,,,
,,,,,,,,,,,,,,,,,1.053,0.023369789,0,,,,,,,,,,,,
,,,,,,,,,,,,,,,,,1.054,0.025787354,0,,,,,,,,,,,,
,,,,,,,,,,,,,,,,,1.055,0.02014637,0,,,,,,,,,,,,
,,,,,,,,,,,,,,,,,1.056,0.024981499,0,,,,,,,,,,,,
,,,,,,,,,,,,,,,,,1.057,0.026593208,0,,,,,,,,,,,,
,,,,,,,,,,,,,,,,,1.058,0.025787354,0,,,,,,,,,,,,
,,,,,,,,,,,,,,,,,1.059,0.025787354,0,,,,,,,,,,,,
,,,,,,,,,,,,,,,,,1.06,0.083808899,0,,,,,,,,,,,,
,,,,,,,,,,,,,,,,,1.061,0.073332787,0,,,,,,,,,,,,
,,,,,,,,,,,,,,,,,1.062,0.073332787,0,,,,,,,,,,,,
,,,,,,,,,,,,,,,,,1.063,0.08058548,0,,,,,,,,,,,,
,,,,,,,,,,,,,,,,,1.064,0.08058548,0,,,,,,,,,,,,
,,,,,,,,,,,,,,,,,1.065,0.079779625,0,,,,,,,,,,,,
,,,,,,,,,,,,,,,,,1.066,0.083808899,0,,,,,,,,,,,,
,,,,,,,,,,,,,,,,,1.067,0.08058548,0,,,,,,,,,,,,
,,,,,,,,,,,,,,,,,1.068,0.078167915,0,,,,,,,,,,,,
,,,,,,,,,,,,,,,,,1.069,0.077362061,0,,,,,,,,,,,,
,,,,,,,,,,,,,,,,,1.07,0.08058548,0,,,,,,,,,,,,
,,,,,,,,,,,,,,,,,1.071,0.083808899,0,,,,,,,,,,,,
,,,,,,,,,,,,,,,,,1.072,0.08058548,0,,,,,,,,,,,,
,,,,,,,,,,,,,,,,,1.073,0.08058548,0,,,,,,,,,,,,
,,,,,,,,,,,,,,,,,1.074,0.087032318,0,,,,,,,,,,,,
,,,,,,,,,,,,,,,,,1.075,0.081391335,0,,,,,,,,,,,,
,,,,,,,,,,,,,,,,,1.076,0.081391335,0,,,,,,,,,,,,
,,,,,,,,,,,,,,,,,1.077,0.084614754,0,,,,,,,,,,,,
,,,,,,,,,,,,,,,,,1.078,0.085420609,0,,,,,,,,,,,,
,,,,,,,,,,,,,,,,,1.079,0.082197189,0,,,,,,,,,,,,
,,,,,,,,,,,,,,,,,1.08,0.078167915,0,,,,,,,,,,,,
,,,,,,,,,,,,,,,,,1.081,0.084614754,0,,,,,,,,,,,,
,,,,,,,,,,,,,,,,,1.082,0.083808899,0,,,,,,,,,,,,
,,,,,,,,,,,,,,,,,1.083,0.081391335,0,,,,,,,,,,,,
,,,,,,,,,,,,,,,,,1.084,0.081391335,0,,,,,,,,,,,,
,,,,,,,,,,,,,,,,,1.085,0.083003044,0,,,,,,,,,,,,
,,,,,,,,,,,,,,,,,1.086,0.086226463,0,,,,,,,,,,,,
,,,,,,,,,,,,,,,,,1.087,0.086226463,0,,,,,,,,,,,,
,,,,,,,,,,,,,,,,,1.088,0.084614754,0,,,,,,,,,,,,
,,,,,,,,,,,,,,,,,1.089,0.085420609,0,,,,,,,,,,,,
,,,,,,,,,,,,,,,,,1.09,0.086226463,0,,,,,,,,,,,,
,,,,,,,,,,,,,,,,,1.091,0.087838173,0,,,,,,,,,,,,
,,,,,,,,,,,,,,,,,1.092,0.088644028,0,,,,,,,,,,,,
,,,,,,,,,,,,,,,,,1.093,0.085420609,0,,,,,,,,,,,,
,,,,,,,,,,,,,,,,,1.094,0.088644028,0,,,,,,,,,,,,
,,,,,,,,,,,,,,,,,1.095,0.083003044,0,,,,,,,,,,,,
,,,,,,,,,,,,,,,,,1.096,0.083003044,0,,,,,,,,,,,,
,,,,,,,,,,,,,,,,,1.097,0.088644028,0,,,,,,,,,,,,
,,,,,,,,,,,,,,,,,1.098,0.086226463,0,,,,,,,,,,,,
,,,,,,,,,,,,,,,,,1.099,0.089449883,0,,,,,,,,,,,,
,,,,,,,,,,,,,,,,,1.1,0.091867447,0,,,,,,,,,,,,
,,,,,,,,,,,,,,,,,1.101,0.089449883,0,,,,,,,,,,,,
,,,,,,,,,,,,,,,,,1.102,0.084614754,0,,,,,,,,,,,,
,,,,,,,,,,,,,,,,,1.103,0.095896721,0,,,,,,,,,,,,
,,,,,,,,,,,,,,,,,1.104,0.095090866,0,,,,,,,,,,,,
,,,,,,,,,,,,,,,,,1.105,0.091061592,0,,,,,,,,,,,,
,,,,,,,,,,,,,,,,,1.106,0.088644028,0,,,,,,,,,,,,
,,,,,,,,,,,,,,,,,1.107,0.089449883,0,,,,,,,,,,,,
,,,,,,,,,,,,,,,,,1.108,0.089449883,0,,,,,,,,,,,,
,,,,,,,,,,,,,,,,,1.109,0.093479156,0,,,,,,,,,,,,
,,,,,,,,,,,,,,,,,1.11,0.093479156,0,,,,,,,,,,,,
,,,,,,,,,,,,,,,,,1.111,0.093479156,0,,,,,,,,,,,,
,,,,,,,,,,,,,,,,,1.112,0.089449883,0,,,,,,,,,,,,
,,,,,,,,,,,,,,,,,1.113,0.087838173,0,,,,,,,,,,,,
,,,,,,,,,,,,,,,,,1.114,0.092673302,0,,,,,,,,,,,,
,,,,,,,,,,,,,,,,,1.115,0.091867447,0,,,,,,,,,,,,
,,,,,,,,,,,,,,,,,1.116,0.091867447,0,,,,,,,,,,,,
,,,,,,,,,,,,,,,,,1.117,0.09912014,0,,,,,,,,,,,,
,,,,,,,,,,,,,,,,,1.118,0.092673302,0,,,,,,,,,,,,
,,,,,,,,,,,,,,,,,1.119,0.095090866,0,,,,,,,,,,,,
,,,,,,,,,,,,,,,,,1.12,0.093479156,0,,,,,,,,,,,,
,,,,,,,,,,,,,,,,,1.121,0.092673302,0,,,,,,,,,,,,
,,,,,,,,,,,,,,,,,1.122,0.098314285,0,,,,,,,,,,,,
,,,,,,,,,,,,,,,,,1.123,0.098314285,0,,,,,,,,,,,,
,,,,,,,,,,,,,,,,,1.124,0.094285011,0,,,,,,,,,,,,
,,,,,,,,,,,,,,,,,1.125,0.098314285,0,,,,,,,,,,,,
,,,,,,,,,,,,,,,,,1.126,0.095896721,0,,,,,,,,,,,,
,,,,,,,,,,,,,,,,,1.127,0.099925995,0,,,,,,,,,,,,
,,,,,,,,,,,,,,,,,1.128,0.094285011,0,,,,,,,,,,,,
,,,,,,,,,,,,,,,,,1.129,0.094285011,0,,,,,,,,,,,,
,,,,,,,,,,,,,,,,,1.13,0.09750843,0,,,,,,,,,,,,
,,,,,,,,,,,,,,,,,1.131,0.095090866,0,,,,,,,,,,,,
,,,,,,,,,,,,,,,,,1.132,0.095896721,0,,,,,,,,,,,,
,,,,,,,,,,,,,,,,,1.133,0.09750843,0,,,,,,,,,,,,
,,,,,,,,,,,,,,,,,1.134,0.096702576,0,,,,,,,,,,,,
,,,,,,,,,,,,,,,,,1.135,0.098314285,0,,,,,,,,,,,,
,,,,,,,,,,,,,,,,,1.136,0.093479156,0,,,,,,,,,,,,
,,,,,,,,,,,,,,,,,1.137,0.098314285,0,,,,,,,,,,,,
,,,,,,,,,,,,,,,,,1.138,0.098314285,0,,,,,,,,,,,,
,,,,,,,,,,,,,,,,,1.139,0.09750843,0,,,,,,,,,,,,
,,,,,,,,,,,,,,,,,1.14,0.10073185,0,,,,,,,,,,,,
,,,,,,,,,,,,,,,,,1.141,0.103149414,0,,,,,,,,,,,,
,,,,,,,,,,,,,,,,,1.142,0.09912014,0,,,,,,,,,,,,
,,,,,,,,,,,,,,,,,1.143,0.095896721,0,,,,,,,,,,,,
,,,,,,,,,,,,,,,,,1.144,0.096702576,0,,,,,,,,,,,,
,,,,,,,,,,,,,,,,,1.145,0.103149414,0,,,,,,,,,,,,
,,,,,,,,,,,,,,,,,1.146,0.101537704,0,,,,,,,,,,,,
,,,,,,,,,,,,,,,,,1.147,0.101537704,0,,,,,,,,,,,,
,,,,,,,,,,,,,,,,,1.148,0.09912014,0,,,,,,,,,,,,
,,,,,,,,,,,,,,,,,1.149,0.09912014,0,,,,,,,,,,,,
,,,,,,,,,,,,,,,,,1.15,0.108790398,0,,,,,,,,,,,,
,,,,,,,,,,,,,,,,,1.151,0.09912014,0,,,,,,,,,,,,
,,,,,,,,,,,,,,,,,1.152,0.09912014,0,,,,,,,,,,,,
,,,,,,,,,,,,,,,,,1.153,0.09912014,0,,,,,,,,,,,,
,,,,,,,,,,,,,,,,,1.154,0.103149414,0,,,,,,,,,,,,
,,,,,,,,,,,,,,,,,1.155,0.104761124,0,,,,,,,,,,,,
,,,,,,,,,,,,,,,,,1.156,0.105566978,0,,,,,,,,,,,,
,,,,,,,,,,,,,,,,,1.157,0.107984543,0,,,,,,,,,,,,
,,,,,,,,,,,,,,,,,1.158,0.09750843,0,,,,,,,,,,,,
,,,,,,,,,,,,,,,,,1.159,0.103149414,0,,,,,,,,,,,,
,,,,,,,,,,,,,,,,,1.16,0.10073185,0,,,,,,,,,,,,
,,,,,,,,,,,,,,,,,1.161,0.103149414,0,,,,,,,,,,,,
,,,,,,,,,,,,,,,,,1.162,0.103149414,0,,,,,,,,,,,,
,,,,,,,,,,,,,,,,,1.163,0.09912014,0,,,,,,,,,,,,
,,,,,,,,,,,,,,,,,1.164,0.104761124,0,,,,,,,,,,,,
,,,,,,,,,,,,,,,,,1.165,0.09912014,0,,,,,,,,,,,,
,,,,,,,,,,,,,,,,,1.166,0.107984543,0,,,,,,,,,,,,
,,,,,,,,,,,,,,,,,1.167,0.109596252,0,,,,,,,,,,,,
,,,,,,,,,,,,,,,,,1.168,0.106372833,0,,,,,,,,,,,,
,,,,,,,,,,,,,,,,,1.169,0.103149414,0,,,,,,,,,,,,
,,,,,,,,,,,,,,,,,1.17,0.113625526,0,,,,,,,,,,,,
,,,,,,,,,,,,,,,,,1.171,0.103149414,0,,,,,,,,,,,,
,,,,,,,,,,,,,,,,,1.172,0.105566978,0,,,,,,,,,,,,
,,,,,,,,,,,,,,,,,1.173,0.106372833,0,,,,,,,,,,,,
,,,,,,,,,,,,,,,,,1.174,0.107178688,0,,,,,,,,,,,,
,,,,,,,,,,,,,,,,,1.175,0.106372833,0,,,,,,,,,,,,
,,,,,,,,,,,,,,,,,1.176,0.107984543,0,,,,,,,,,,,,
,,,,,,,,,,,,,,,,,1.177,0.110402107,0,,,,,,,,,,,,
,,,,,,,,,,,,,,,,,1.178,0.107984543,0,,,,,,,,,,,,
,,,,,,,,,,,,,,,,,1.179,0.09912014,0,,,,,,,,,,,,
,,,,,,,,,,,,,,,,,1.18,0.110402107,0,,,,,,,,,,,,
,,,,,,,,,,,,,,,,,1.181,0.113625526,0,,,,,,,,,,,,
,,,,,,,,,,,,,,,,,1.182,0.109596252,0,,,,,,,,,,,,
,,,,,,,,,,,,,,,,,1.183,0.101537704,0,,,,,,,,,,,,
,,,,,,,,,,,,,,,,,1.184,0.111207962,0,,,,,,,,,,,,
,,,,,,,,,,,,,,,,,1.185,0.104761124,0,,,,,,,,,,,,
,,,,,,,,,,,,,,,,,1.186,0.106372833,0,,,,,,,,,,,,
,,,,,,,,,,,,,,,,,1.187,0.108790398,0,,,,,,,,,,,,
,,,,,,,,,,,,,,,,,1.188,0.109596252,0,,,,,,,,,,,,
,,,,,,,,,,,,,,,,,1.189,0.112013817,0,,,,,,,,,,,,
,,,,,,,,,,,,,,,,,1.19,0.111207962,0,,,,,,,,,,,,
,,,,,,,,,,,,,,,,,1.191,0.108790398,0,,,,,,,,,,,,
,,,,,,,,,,,,,,,,,1.192,0.112819672,0,,,,,,,,,,,,
,,,,,,,,,,,,,,,,,1.193,0.111207962,0,,,,,,,,,,,,
,,,,,,,,,,,,,,,,,1.194,0.110402107,0,,,,,,,,,,,,
,,,,,,,,,,,,,,,,,1.195,0.111207962,0,,,,,,,,,,,,
,,,,,,,,,,,,,,,,,1.196,0.113625526,0,,,,,,,,,,,,
,,,,,,,,,,,,,,,,,1.197,0.116043091,0,,,,,,,,,,,,
,,,,,,,,,,,,,,,,,1.198,0.114431381,0,,,,,,,,,,,,
,,,,,,,,,,,,,,,,,1.199,0.112013817,0,,,,,,,,,,,,
,,,,,,,,,,,,,,,,,1.2,0.107178688,0,,,,,,,,,,,,
,,,,,,,,,,,,,,,,,1.201,0.115237236,0,,,,,,,,,,,,
,,,,,,,,,,,,,,,,,1.202,0.114431381,0,,,,,,,,,,,,
,,,,,,,,,,,,,,,,,1.203,0.112013817,0,,,,,,,,,,,,
,,,,,,,,,,,,,,,,,1.204,0.107178688,0,,,,,,,,,,,,
,,,,,,,,,,,,,,,,,1.205,0.111207962,0,,,,,,,,,,,,
,,,,,,,,,,,,,,,,,1.206,0.115237236,0,,,,,,,,,,,,
,,,,,,,,,,,,,,,,,1.207,0.116043091,0,,,,,,,,,,,,
,,,,,,,,,,,,,,,,,1.208,0.112013817,0,,,,,,,,,,,,
,,,,,,,,,,,,,,,,,1.209,0.113625526,0,,,,,,,,,,,,
,,,,,,,,,,,,,,,,,1.21,0.112819672,0,,,,,,,,,,,,
,,,,,,,,,,,,,,,,,1.211,0.118460655,0,,,,,,,,,,,,
,,,,,,,,,,,,,,,,,1.212,0.113625526,0,,,,,,,,,,,,
,,,,,,,,,,,,,,,,,1.213,0.114431381,0,,,,,,,,,,,,
,,,,,,,,,,,,,,,,,1.214,0.114431381,0,,,,,,,,,,,,
,,,,,,,,,,,,,,,,,1.215,0.114431381,0,,,,,,,,,,,,
,,,,,,,,,,,,,,,,,1.216,0.116043091,0,,,,,,,,,,,,
,,,,,,,,,,,,,,,,,1.217,0.1176548,0,,,,,,,,,,,,
,,,,,,,,,,,,,,,,,1.218,0.120072365,0,,,,,,,,,,,,
,,,,,,,,,,,,,,,,,1.219,0.120072365,0,,,,,,,,,,,,
,,,,,,,,,,,,,,,,,1.22,0.112819672,0,,,,,,,,,,,,
,,,,,,,,,,,,,,,,,1.221,0.115237236,0,,,,,,,,,,,,
,,,,,,,,,,,,,,,,,1.222,0.113625526,0,,,,,,,,,,,,
,,,,,,,,,,,,,,,,,1.223,0.118460655,0,,,,,,,,,,,,
,,,,,,,,,,,,,,,,,1.224,0.12087822,0,,,,,,,,,,,,
,,,,,,,,,,,,,,,,,1.225,0.115237236,0,,,,,,,,,,,,
,,,,,,,,,,,,,,,,,1.226,0.112819672,0,,,,,,,,,,,,
,,,,,,,,,,,,,,,,,1.227,0.1176548,0,,,,,,,,,,,,
,,,,,,,,,,,,,,,,,1.228,0.116848946,0,,,,,,,,,,,,
,,,,,,,,,,,,,,,,,1.229,0.120072365,0,,,,,,,,,,,,
,,,,,,,,,,,,,,,,,1.23,0.118460655,0,,,,,,,,,,,,
,,,,,,,,,,,,,,,,,1.231,0.1176548,0,,,,,,,,,,,,
,,,,,,,,,,,,,,,,,1.232,0.118460655,0,,,,,,,,,,,,
,,,,,,,,,,,,,,,,,1.233,0.122489929,0,,,,,,,,,,,,
,,,,,,,,,,,,,,,,,1.234,0.116848946,0,,,,,,,,,,,,
,,,,,,,,,,,,,,,,,1.235,0.118460655,0,,,,,,,,,,,,
,,,,,,,,,,,,,,,,,1.236,0.1176548,0,,,,,,,,,,,,
,,,,,,,,,,,,,,,,,1.237,0.118460655,0,,,,,,,,,,,,
,,,,,,,,,,,,,,,,,1.238,0.114431381,0,,,,,,,,,,,,
,,,,,,,,,,,,,,,,,1.239,0.1176548,0,,,,,,,,,,,,
,,,,,,,,,,,,,,,,,1.24,0.118460655,0,,,,,,,,,,,,
,,,,,,,,,,,,,,,,,1.241,0.116848946,0,,,,,,,,,,,,
,,,,,,,,,,,,,,,,,1.242,0.11926651,0,,,,,,,,,,,,
,,,,,,,,,,,,,,,,,1.243,0.118460655,0,,,,,,,,,,,,
,,,,,,,,,,,,,,,,,1.244,0.1176548,0,,,,,,,,,,,,
,,,,,,,,,,,,,,,,,1.245,0.122489929,0,,,,,,,,,,,,
,,,,,,,,,,,,,,,,,1.246,0.126519203,0,,,,,,,,,,,,
,,,,,,,,,,,,,,,,,1.247,0.121684074,0,,,,,,,,,,,,
,,,,,,,,,,,,,,,,,1.248,0.128936768,0,,,,,,,,,,,,
,,,,,,,,,,,,,,,,,1.249,0.122489929,0,,,,,,,,,,,,
,,,,,,,,,,,,,,,,,1.25,0.121684074,0,,,,,,,,,,,,
,,,,,,,,,,,,,,,,,1.251,0.121684074,0,,,,,,,,,,,,
,,,,,,,,,,,,,,,,,1.252,0.124907494,0,,,,,,,,,,,,
,,,,,,,,,,,,,,,,,1.253,0.120072365,0,,,,,,,,,,,,
,,,,,,,,,,,,,,,,,1.254,0.121684074,0,,,,,,,,,,,,
,,,,,,,,,,,,,,,,,1.255,0.12087822,0,,,,,,,,,,,,
,,,,,,,,,,,,,,,,,1.256,0.121684074,0,,,,,,,,,,,,
,,,,,,,,,,,,,,,,,1.257,0.121684074,0,,,,,,,,,,,,
,,,,,,,,,,,,,,,,,1.258,0.166811943,0,,,,,,,,,,,,
,,,,,,,,,,,,,,,,,1.259,0.170035362,0,,,,,,,,,,,,
,,,,,,,,,,,,,,,,,1.26,0.167617798,0,,,,,,,,,,,,
,,,,,,,,,,,,,,,,,1.261,0.178899765,0,,,,,,,,,,,,
,,,,,,,,,,,,,,,,,1.262,0.177288055,0,,,,,,,,,,,,
,,,,,,,,,,,,,,,,,1.263,0.173258781,0,,,,,,,,,,,,
,,,,,,,,,,,,,,,,,1.264,0.170841217,0,,,,,,,,,,,,
,,,,,,,,,,,,,,,,,1.265,0.175676346,0,,,,,,,,,,,,
,,,,,,,,,,,,,,,,,1.266,0.176482201,0,,,,,,,,,,,,
,,,,,,,,,,,,,,,,,1.267,0.175676346,0,,,,,,,,,,,,
,,,,,,,,,,,,,,,,,1.268,0.172452927,0,,,,,,,,,,,,
,,,,,,,,,,,,,,,,,1.269,0.176482201,0,,,,,,,,,,,,
,,,,,,,,,,,,,,,,,1.27,0.181317329,0,,,,,,,,,,,,
,,,,,,,,,,,,,,,,,1.271,0.17809391,0,,,,,,,,,,,,
,,,,,,,,,,,,,,,,,1.272,0.17809391,0,,,,,,,,,,,,
,,,,,,,,,,,,,,,,,1.273,0.173258781,0,,,,,,,,,,,,
,,,,,,,,,,,,,,,,,1.274,0.172452927,0,,,,,,,,,,,,
,,,,,,,,,,,,,,,,,1.275,0.176482201,0,,,,,,,,,,,,
,,,,,,,,,,,,,,,,,1.276,0.182929039,0,,,,,,,,,,,,
,,,,,,,,,,,,,,,,,1.277,0.175676346,0,,,,,,,,,,,,
,,,,,,,,,,,,,,,,,1.278,0.176482201,0,,,,,,,,,,,,
,,,,,,,,,,,,,,,,,1.279,0.180511475,0,,,,,,,,,,,,
,,,,,,,,,,,,,,,,,1.28,0.183734894,0,,,,,,,,,,,,
,,,,,,,,,,,,,,,,,1.281,0.187764168,0,,,,,,,,,,,,
,,,,,,,,,,,,,,,,,1.282,0.182929039,0,,,,,,,,,,,,
,,,,,,,,,,,,,,,,,1.283,0.186152458,0,,,,,,,,,,,,
,,,,,,,,,,,,,,,,,1.284,0.185346603,0,,,,,,,,,,,,
,,,,,,,,,,,,,,,,,1.285,0.178899765,0,,,,,,,,,,,,
,,,,,,,,,,,,,,,,,1.286,0.186152458,0,,,,,,,,,,,,
,,,,,,,,,,,,,,,,,1.287,0.177288055,0,,,,,,,,,,,,
,,,,,,,,,,,,,,,,,1.288,0.180511475,0,,,,,,,,,,,,
,,,,,,,,,,,,,,,,,1.289,0.176482201,0,,,,,,,,,,,,
,,,,,,,,,,,,,,,,,1.29,0.182123184,0,,,,,,,,,,,,
,,,,,,,,,,,,,,,,,1.291,0.17970562,0,,,,,,,,,,,,
,,,,,,,,,,,,,,,,,1.292,0.176482201,0,,,,,,,,,,,,
,,,,,,,,,,,,,,,,,1.293,0.189375877,0,,,,,,,,,,,,
,,,,,,,,,,,,,,,,,1.294,0.181317329,0,,,,,,,,,,,,
,,,,,,,,,,,,,,,,,1.295,0.17809391,0,,,,,,,,,,,,
,,,,,,,,,,,,,,,,,1.296,0.175676346,0,,,,,,,,,,,,
,,,,,,,,,,,,,,,,,1.297,0.178899765,0,,,,,,,,,,,,
,,,,,,,,,,,,,,,,,1.298,0.186152458,0,,,,,,,,,,,,
,,,,,,,,,,,,,,,,,1.299,0.186152458,0,,,,,,,,,,,,
,,,,,,,,,,,,,,,,,1.3,0.17970562,0,,,,,,,,,,,,
,,,,,,,,,,,,,,,,,1.301,0.188570023,0,,,,,,,,,,,,
,,,,,,,,,,,,,,,,,1.302,0.17970562,0,,,,,,,,,,,,
,,,,,,,,,,,,,,,,,1.303,0.186958313,0,,,,,,,,,,,,
,,,,,,,,,,,,,,,,,1.304,0.187764168,0,,,,,,,,,,,,
,,,,,,,,,,,,,,,,,1.305,0.183734894,0,,,,,,,,,,,,
,,,,,,,,,,,,,,,,,1.306,0.184540749,0,,,,,,,,,,,,
,,,,,,,,,,,,,,,,,1.307,0.187764168,0,,,,,,,,,,,,
,,,,,,,,,,,,,,,,,1.308,0.188570023,0,,,,,,,,,,,,
,,,,,,,,,,,,,,,,,1.309,0.186958313,0,,,,,,,,,,,,
,,,,,,,,,,,,,,,,,1.31,0.191793442,0,,,,,,,,,,,,
,,,,,,,,,,,,,,,,,1.311,0.185346603,0,,,,,,,,,,,,
,,,,,,,,,,,,,,,,,1.312,0.186958313,0,,,,,,,,,,,,
,,,,,,,,,,,,,,,,,1.313,0.193405151,0,,,,,,,,,,,,
,,,,,,,,,,,,,,,,,1.314,0.185346603,0,,,,,,,,,,,,
,,,,,,,,,,,,,,,,,1.315,0.186152458,0,,,,,,,,,,,,
,,,,,,,,,,,,,,,,,1.316,0.187764168,0,,,,,,,,,,,,
,,,,,,,,,,,,,,,,,1.317,0.184540749,0,,,,,,,,,,,,
,,,,,,,,,,,,,,,,,1.318,0.184540749,0,,,,,,,,,,,,
,,,,,,,,,,,,,,,,,1.319,0.186152458,0,,,,,,,,,,,,
,,,,,,,,,,,,,,,,,1.32,0.187764168,0,,,,,,,,,,,,
,,,,,,,,,,,,,,,,,1.321,0.190181732,0,,,,,,,,,,,,
,,,,,,,,,,,,,,,,,1.322,0.190181732,0,,,,,,,,,,,,
,,,,,,,,,,,,,,,,,1.323,0.187764168,0,,,,,,,,,,,,
,,,,,,,,,,,,,,,,,1.324,0.187764168,0,,,,,,,,,,,,
,,,,,,,,,,,,,,,,,1.325,0.194211006,0,,,,,,,,,,,,
,,,,,,,,,,,,,,,,,1.326,0.189375877,0,,,,,,,,,,,,
,,,,,,,,,,,,,,,,,1.327,0.195016861,0,,,,,,,,,,,,
,,,,,,,,,,,,,,,,,1.328,0.188570023,0,,,,,,,,,,,,
,,,,,,,,,,,,,,,,,1.329,0.189375877,0,,,,,,,,,,,,
,,,,,,,,,,,,,,,,,1.33,0.188570023,0,,,,,,,,,,,,
,,,,,,,,,,,,,,,,,1.331,0.190181732,0,,,,,,,,,,,,
,,,,,,,,,,,,,,,,,1.332,0.190181732,0,,,,,,,,,,,,
,,,,,,,,,,,,,,,,,1.333,0.193405151,0,,,,,,,,,,,,
,,,,,,,,,,,,,,,,,1.334,0.196628571,0,,,,,,,,,,,,
,,,,,,,,,,,,,,,,,1.335,0.189375877,0,,,,,,,,,,,,
,,,,,,,,,,,,,,,,,1.336,0.19824028,0,,,,,,,,,,,,
,,,,,,,,,,,,,,,,,1.337,0.186152458,0,,,,,,,,,,,,
,,,,,,,,,,,,,,,,,1.338,0.190987587,0,,,,,,,,,,,,
,,,,,,,,,,,,,,,,,1.339,0.195822716,0,,,,,,,,,,,,
,,,,,,,,,,,,,,,,,1.34,0.189375877,0,,,,,,,,,,,,
,,,,,,,,,,,,,,,,,1.341,0.190987587,0,,,,,,,,,,,,
,,,,,,,,,,,,,,,,,1.342,0.19824028,0,,,,,,,,,,,,
,,,,,,,,,,,,,,,,,1.343,0.201463699,0,,,,,,,,,,,,
,,,,,,,,,,,,,,,,,1.344,0.197434425,0,,,,,,,,,,,,
,,,,,,,,,,,,,,,,,1.345,0.195016861,0,,,,,,,,,,,,
,,,,,,,,,,,,,,,,,1.346,0.189375877,0,,,,,,,,,,,,
,,,,,,,,,,,,,,,,,1.347,0.195016861,0,,,,,,,,,,,,
,,,,,,,,,,,,,,,,,1.348,0.195822716,0,,,,,,,,,,,,
,,,,,,,,,,,,,,,,,1.349,0.190181732,0,,,,,,,,,,,,
,,,,,,,,,,,,,,,,,1.35,0.202269554,0,,,,,,,,,,,,
,,,,,,,,,,,,,,,,,1.351,0.197434425,0,,,,,,,,,,,,
,,,,,,,,,,,,,,,,,1.352,0.195016861,0,,,,,,,,,,,,
,,,,,,,,,,,,,,,,,1.353,0.194211006,0,,,,,,,,,,,,
,,,,,,,,,,,,,,,,,1.354,0.199046135,0,,,,,,,,,,,,
,,,,,,,,,,,,,,,,,1.355,0.196628571,0,,,,,,,,,,,,
,,,,,,,,,,,,,,,,,1.356,0.199046135,0,,,,,,,,,,,,
,,,,,,,,,,,,,,,,,1.357,0.203075409,0,,,,,,,,,,,,
,,,,,,,,,,,,,,,,,1.358,0.190987587,0,,,,,,,,,,,,
,,,,,,,,,,,,,,,,,1.359,0.195016861,0,,,,,,,,,,,,
,,,,,,,,,,,,,,,,,1.36,0.19824028,0,,,,,,,,,,,,
,,,,,,,,,,,,,,,,,1.361,0.194211006,0,,,,,,,,,,,,
,,,,,,,,,,,,,,,,,1.362,0.190987587,0,,,,,,,,,,,,
,,,,,,,,,,,,,,,,,1.363,0.202269554,0,,,,,,,,,,,,
,,,,,,,,,,,,,,,,,1.364,0.192599297,0,,,,,,,,,,,,
,,,,,,,,,,,,,,,,,1.365,0.199046135,0,,,,,,,,,,,,
,,,,,,,,,,,,,,,,,1.366,0.195016861,0,,,,,,,,,,,,
,,,,,,,,,,,,,,,,,1.367,0.192599297,0,,,,,,,,,,,,
,,,,,,,,,,,,,,,,,1.368,0.195016861,0,,,,,,,,,,,,
,,,,,,,,,,,,,,,,,1.369,0.203075409,0,,,,,,,,,,,,
,,,,,,,,,,,,,,,,,1.37,0.19985199,0,,,,,,,,,,,,
,,,,,,,,,,,,,,,,,1.371,0.203075409,0,,,,,,,,,,,,
,,,,,,,,,,,,,,,,,1.372,0.19985199,0,,,,,,,,,,,,
,,,,,,,,,,,,,,,,,1.373,0.202269554,0,,,,,,,,,,,,
,,,,,,,,,,,,,,,,,1.374,0.203881264,0,,,,,,,,,,,,
,,,,,,,,,,,,,,,,,1.375,0.194211006,0,,,,,,,,,,,,
,,,,,,,,,,,,,,,,,1.376,0.200657845,0,,,,,,,,,,,,
,,,,,,,,,,,,,,,,,1.377,0.196628571,0,,,,,,,,,,,,
,,,,,,,,,,,,,,,,,1.378,0.201463699,0,,,,,,,,,,,,
,,,,,,,,,,,,,,,,,1.379,0.199046135,0,,,,,,,,,,,,
,,,,,,,,,,,,,,,,,1.38,0.200657845,0,,,,,,,,,,,,
,,,,,,,,,,,,,,,,,1.381,0.191793442,0,,,,,,,,,,,,
,,,,,,,,,,,,,,,,,1.382,0.195822716,0,,,,,,,,,,,,
,,,,,,,,,,,,,,,,,1.383,0.194211006,0,,,,,,,,,,,,
,,,,,,,,,,,,,,,,,1.384,0.19824028,0,,,,,,,,,,,,
,,,,,,,,,,,,,,,,,1.385,0.201463699,0,,,,,,,,,,,,
,,,,,,,,,,,,,,,,,1.386,0.19985199,0,,,,,,,,,,,,
,,,,,,,,,,,,,,,,,1.387,0.197434425,0,,,,,,,,,,,,
,,,,,,,,,,,,,,,,,1.388,0.202269554,0,,,,,,,,,,,,
,,,,,,,,,,,,,,,,,1.389,0.201463699,0,,,,,,,,,,,,
,,,,,,,,,,,,,,,,,1.39,0.197434425,0,,,,,,,,,,,,
,,,,,,,,,,,,,,,,,1.391,0.195016861,0,,,,,,,,,,,,
,,,,,,,,,,,,,,,,,1.392,0.203075409,0,,,,,,,,,,,,
,,,,,,,,,,,,,,,,,1.393,0.199046135,0,,,,,,,,,,,,
,,,,,,,,,,,,,,,,,1.394,0.201463699,0,,,,,,,,,,,,
,,,,,,,,,,,,,,,,,1.395,0.200657845,0,,,,,,,,,,,,
,,,,,,,,,,,,,,,,,1.396,0.207104683,0,,,,,,,,,,,,
,,,,,,,,,,,,,,,,,1.397,0.199046135,0,,,,,,,,,,,,
,,,,,,,,,,,,,,,,,1.398,0.201463699,0,,,,,,,,,,,,
,,,,,,,,,,,,,,,,,1.399,0.199046135,0,,,,,,,,,,,,
,,,,,,,,,,,,,,,,,1.4,0.195016861,0,,,,,,,,,,,,
,,,,,,,,,,,,,,,,,1.401,0.195016861,0,,,,,,,,,,,,
,,,,,,,,,,,,,,,,,1.402,0.206298828,0,,,,,,,,,,,,
,,,,,,,,,,,,,,,,,1.403,0.207104683,0,,,,,,,,,,,,
,,,,,,,,,,,,,,,,,1.404,0.206298828,0,,,,,,,,,,,,
,,,,,,,,,,,,,,,,,1.405,0.206298828,0,,,,,,,,,,,,
,,,,,,,,,,,,,,,,,1.406,0.201463699,0,,,,,,,,,,,,
,,,,,,,,,,,,,,,,,1.407,0.19985199,0,,,,,,,,,,,,
,,,,,,,,,,,,,,,,,1.408,0.207104683,0,,,,,,,,,,,,
,,,,,,,,,,,,,,,,,1.409,0.200657845,0,,,,,,,,,,,,
,,,,,,,,,,,,,,,,,1.41,0.203075409,0,,,,,,,,,,,,
,,,,,,,,,,,,,,,,,1.411,0.203881264,0,,,,,,,,,,,,
,,,,,,,,,,,,,,,,,1.412,0.203881264,0,,,,,,,,,,,,
,,,,,,,,,,,,,,,,,1.413,0.211939812,0,,,,,,,,,,,,
,,,,,,,,,,,,,,,,,1.414,0.206298828,0,,,,,,,,,,,,
,,,,,,,,,,,,,,,,,1.415,0.19985199,0,,,,,,,,,,,,
,,,,,,,,,,,,,,,,,1.416,0.203075409,0,,,,,,,,,,,,
,,,,,,,,,,,,,,,,,1.417,0.19985199,0,,,,,,,,,,,,
,,,,,,,,,,,,,,,,,1.418,0.203075409,0,,,,,,,,,,,,
,,,,,,,,,,,,,,,,,1.419,0.200657845,0,,,,,,,,,,,,
,,,,,,,,,,,,,,,,,1.42,0.196628571,0,,,,,,,,,,,,
,,,,,,,,,,,,,,,,,1.421,0.208716393,0,,,,,,,,,,,,
,,,,,,,,,,,,,,,,,1.422,0.206298828,0,,,,,,,,,,,,
,,,,,,,,,,,,,,,,,1.423,0.19985199,0,,,,,,,,,,,,
,,,,,,,,,,,,,,,,,1.424,0.207104683,0,,,,,,,,,,,,
,,,,,,,,,,,,,,,,,1.425,0.206298828,0,,,,,,,,,,,,
,,,,,,,,,,,,,,,,,1.426,0.206298828,0,,,,,,,,,,,,
,,,,,,,,,,,,,,,,,1.427,0.206298828,0,,,,,,,,,,,,
,,,,,,,,,,,,,,,,,1.428,0.209522247,0,,,,,,,,,,,,
,,,,,,,,,,,,,,,,,1.429,0.209522247,0,,,,,,,,,,,,
,,,,,,,,,,,,,,,,,1.43,0.206298828,0,,,,,,,,,,,,
,,,,,,,,,,,,,,,,,1.431,0.206298828,0,,,,,,,,,,,,
,,,,,,,,,,,,,,,,,1.432,0.211939812,0,,,,,,,,,,,,
,,,,,,,,,,,,,,,,,1.433,0.209522247,0,,,,,,,,,,,,
,,,,,,,,,,,,,,,,,1.434,0.203881264,0,,,,,,,,,,,,
,,,,,,,,,,,,,,,,,1.435,0.209522247,0,,,,,,,,,,,,
,,,,,,,,,,,,,,,,,1.436,0.209522247,0,,,,,,,,,,,,
,,,,,,,,,,,,,,,,,1.437,0.210328102,0,,,,,,,,,,,,
,,,,,,,,,,,,,,,,,1.438,0.203075409,0,,,,,,,,,,,,
,,,,,,,,,,,,,,,,,1.439,0.206298828,0,,,,,,,,,,,,
,,,,,,,,,,,,,,,,,1.44,0.212745667,0,,,,,,,,,,,,
,,,,,,,,,,,,,,,,,1.441,0.201463699,0,,,,,,,,,,,,
,,,,,,,,,,,,,,,,,1.442,0.206298828,0,,,,,,,,,,,,
,,,,,,,,,,,,,,,,,1.443,0.209522247,0,,,,,,,,,,,,
,,,,,,,,,,,,,,,,,1.444,0.209522247,0,,,,,,,,,,,,
,,,,,,,,,,,,,,,,,1.445,0.203881264,0,,,,,,,,,,,,
,,,,,,,,,,,,,,,,,1.446,0.206298828,0,,,,,,,,,,,,
,,,,,,,,,,,,,,,,,1.447,0.208716393,0,,,,,,,,,,,,
,,,,,,,,,,,,,,,,,1.448,0.207910538,0,,,,,,,,,,,,
,,,,,,,,,,,,,,,,,1.449,0.209522247,0,,,,,,,,,,,,
,,,,,,,,,,,,,,,,,1.45,0.204687119,0,,,,,,,,,,,,
,,,,,,,,,,,,,,,,,1.451,0.203075409,0,,,,,,,,,,,,
,,,,,,,,,,,,,,,,,1.452,0.210328102,0,,,,,,,,,,,,
,,,,,,,,,,,,,,,,,1.453,0.211133957,0,,,,,,,,,,,,
,,,,,,,,,,,,,,,,,1.454,0.211939812,0,,,,,,,,,,,,
,,,,,,,,,,,,,,,,,1.455,0.206298828,0,,,,,,,,,,,,
,,,,,,,,,,,,,,,,,1.456,0.210328102,0,,,,,,,,,,,,
,,,,,,,,,,,,,,,,,1.457,0.211939812,0,,,,,,,,,,,,
,,,,,,,,,,,,,,,,,1.458,0.212745667,0,,,,,,,,,,,,
,,,,,,,,,,,,,,,,,1.459,0.208716393,0,,,,,,,,,,,,
,,,,,,,,,,,,,,,,,1.46,0.208716393,0,,,,,,,,,,,,
,,,,,,,,,,,,,,,,,1.461,0.21838665,0,,,,,,,,,,,,
,,,,,,,,,,,,,,,,,1.462,0.230474472,0,,,,,,,,,,,,
,,,,,,,,,,,,,,,,,1.463,0.21999836,0,,,,,,,,,,,,
,,,,,,,,,,,,,,,,,1.464,0.224833488,0,,,,,,,,,,,,
,,,,,,,,,,,,,,,,,1.465,0.228862762,0,,,,,,,,,,,,
,,,,,,,,,,,,,,,,,1.466,0.229668617,0,,,,,,,,,,,,
,,,,,,,,,,,,,,,,,1.467,0.224833488,0,,,,,,,,,,,,
,,,,,,,,,,,,,,,,,1.468,0.232086182,0,,,,,,,,,,,,
,,,,,,,,,,,,,,,,,1.469,0.225639343,0,,,,,,,,,,,,
,,,,,,,,,,,,,,,,,1.47,0.231280327,0,,,,,,,,,,,,
,,,,,,,,,,,,,,,,,1.471,0.224027634,0,,,,,,,,,,,,
,,,,,,,,,,,,,,,,,1.472,0.234503746,0,,,,,,,,,,,,
,,,,,,,,,,,,,,,,,1.473,0.228056908,0,,,,,,,,,,,,
,,,,,,,,,,,,,,,,,1.474,0.229668617,0,,,,,,,,,,,,
,,,,,,,,,,,,,,,,,1.475,0.232892036,0,,,,,,,,,,,,
,,,,,,,,,,,,,,,,,1.476,0.222415924,0,,,,,,,,,,,,
,,,,,,,,,,,,,,,,,1.477,0.229668617,0,,,,,,,,,,,,
,,,,,,,,,,,,,,,,,1.478,0.228862762,0,,,,,,,,,,,,
,,,,,,,,,,,,,,,,,1.479,0.228056908,0,,,,,,,,,,,,
,,,,,,,,,,,,,,,,,1.48,0.230474472,0,,,,,,,,,,,,
,,,,,,,,,,,,,,,,,1.481,0.23692131,0,,,,,,,,,,,,
,,,,,,,,,,,,,,,,,1.482,0.224833488,0,,,,,,,,,,,,
,,,,,,,,,,,,,,,,,1.483,0.230474472,0,,,,,,,,,,,,
,,,,,,,,,,,,,,,,,1.484,0.233697891,0,,,,,,,,,,,,
,,,,,,,,,,,,,,,,,1.485,0.230474472,0,,,,,,,,,,,,
,,,,,,,,,,,,,,,,,1.486,0.228056908,0,,,,,,,,,,,,
,,,,,,,,,,,,,,,,,1.487,0.228862762,0,,,,,,,,,,,,
,,,,,,,,,,,,,,,,,1.488,0.232086182,0,,,,,,,,,,,,
,,,,,,,,,,,,,,,,,1.489,0.225639343,0,,,,,,,,,,,,
,,,,,,,,,,,,,,,,,1.49,0.233697891,0,,,,,,,,,,,,
,,,,,,,,,,,,,,,,,1.491,0.236115456,0,,,,,,,,,,,,
,,,,,,,,,,,,,,,,,1.492,0.234503746,0,,,,,,,,,,,,
,,,,,,,,,,,,,,,,,1.493,0.239338875,0,,,,,,,,,,,,
,,,,,,,,,,,,,,,,,1.494,0.24014473,0,,,,,,,,,,,,
,,,,,,,,,,,,,,,,,1.495,0.230474472,0,,,,,,,,,,,,
,,,,,,,,,,,,,,,,,1.496,0.231280327,0,,,,,,,,,,,,
,,,,,,,,,,,,,,,,,1.497,0.23692131,0,,,,,,,,,,,,
,,,,,,,,,,,,,,,,,1.498,0.239338875,0,,,,,,,,,,,,
,,,,,,,,,,,,,,,,,1.499,0.240950584,0,,,,,,,,,,,,
,,,,,,,,,,,,,,,,,1.5,0.239338875,0,,,,,,,,,,,,
,,,,,,,,,,,,,,,,,1.501,0.23853302,0,,,,,,,,,,,,
,,,,,,,,,,,,,,,,,1.502,0.23853302,0,,,,,,,,,,,,
,,,,,,,,,,,,,,,,,1.503,0.234503746,0,,,,,,,,,,,,
,,,,,,,,,,,,,,,,,1.504,0.232086182,0,,,,,,,,,,,,
,,,,,,,,,,,,,,,,,1.505,0.234503746,0,,,,,,,,,,,,
,,,,,,,,,,,,,,,,,1.506,0.233697891,0,,,,,,,,,,,,
,,,,,,,,,,,,,,,,,1.507,0.232086182,0,,,,,,,,,,,,
,,,,,,,,,,,,,,,,,1.508,0.239338875,0,,,,,,,,,,,,
,,,,,,,,,,,,,,,,,1.509,0.237727165,0,,,,,,,,,,,,
,,,,,,,,,,,,,,,,,1.51,0.239338875,0,,,,,,,,,,,,
,,,,,,,,,,,,,,,,,1.511,0.23692131,0,,,,,,,,,,,,
,,,,,,,,,,,,,,,,,1.512,0.24014473,0,,,,,,,,,,,,
,,,,,,,,,,,,,,,,,1.513,0.244174004,0,,,,,,,,,,,,
,,,,,,,,,,,,,,,,,1.514,0.237727165,0,,,,,,,,,,,,
,,,,,,,,,,,,,,,,,1.515,0.236115456,0,,,,,,,,,,,,
,,,,,,,,,,,,,,,,,1.516,0.240950584,0,,,,,,,,,,,,
,,,,,,,,,,,,,,,,,1.517,0.23692131,0,,,,,,,,,,,,
,,,,,,,,,,,,,,,,,1.518,0.234503746,0,,,,,,,,,,,,
,,,,,,,,,,,,,,,,,1.519,0.23692131,0,,,,,,,,,,,,
,,,,,,,,,,,,,,,,,1.52,0.239338875,0,,,,,,,,,,,,
,,,,,,,,,,,,,,,,,1.521,0.245785713,0,,,,,,,,,,,,
,,,,,,,,,,,,,,,,,1.522,0.239338875,0,,,,,,,,,,,,
,,,,,,,,,,,,,,,,,1.523,0.24014473,0,,,,,,,,,,,,
,,,,,,,,,,,,,,,,,1.524,0.24014473,0,,,,,,,,,,,,
,,,,,,,,,,,,,,,,,1.525,0.239338875,0,,,,,,,,,,,,
,,,,,,,,,,,,,,,,,1.526,0.24014473,0,,,,,,,,,,,,
,,,,,,,,,,,,,,,,,1.527,0.240950584,0,,,,,,,,,,,,
,,,,,,,,,,,,,,,,,1.528,0.24014473,0,,,,,,,,,,,,
,,,,,,,,,,,,,,,,,1.529,0.246591568,0,,,,,,,,,,,,
,,,,,,,,,,,,,,,,,1.53,0.245785713,0,,,,,,,,,,,,
,,,,,,,,,,,,,,,,,1.531,0.247397423,0,,,,,,,,,,,,
,,,,,,,,,,,,,,,,,1.532,0.23853302,0,,,,,,,,,,,,
,,,,,,,,,,,,,,,,,1.533,0.23692131,0,,,,,,,,,,,,
,,,,,,,,,,,,,,,,,1.534,0.236115456,0,,,,,,,,,,,,
,,,,,,,,,,,,,,,,,1.535,0.242562294,0,,,,,,,,,,,,
,,,,,,,,,,,,,,,,,1.536,0.23853302,0,,,,,,,,,,,,
,,,,,,,,,,,,,,,,,1.537,0.240950584,0,,,,,,,,,,,,
,,,,,,,,,,,,,,,,,1.538,0.245785713,0,,,,,,,,,,,,
,,,,,,,,,,,,,,,,,1.539,0.240950584,0,,,,,,,,,,,,
,,,,,,,,,,,,,,,,,1.54,0.239338875,0,,,,,,,,,,,,
,,,,,,,,,,,,,,,,,1.541,0.248203278,0,,,,,,,,,,,,
,,,,,,,,,,,,,,,,,1.542,0.242562294,0,,,,,,,,,,,,
,,,,,,,,,,,,,,,,,1.543,0.242562294,0,,,,,,,,,,,,
,,,,,,,,,,,,,,,,,1.544,0.249814987,0,,,,,,,,,,,,
,,,,,,,,,,,,,,,,,1.545,0.247397423,0,,,,,,,,,,,,
,,,,,,,,,,,,,,,,,1.546,0.244979858,0,,,,,,,,,,,,
,,,,,,,,,,,,,,,,,1.547,0.244979858,0,,,,,,,,,,,,
,,,,,,,,,,,,,,,,,1.548,0.253038406,0,,,,,,,,,,,,
,,,,,,,,,,,,,,,,,1.549,0.247397423,0,,,,,,,,,,,,
,,,,,,,,,,,,,,,,,1.55,0.245785713,0,,,,,,,,,,,,
,,,,,,,,,,,,,,,,,1.551,0.249814987,0,,,,,,,,,,,,
,,,,,,,,,,,,,,,,,1.552,0.251426697,0,,,,,,,,,,,,
,,,,,,,,,,,,,,,,,1.553,0.252232552,0,,,,,,,,,,,,
,,,,,,,,,,,,,,,,,1.554,0.248203278,0,,,,,,,,,,,,
,,,,,,,,,,,,,,,,,1.555,0.247397423,0,,,,,,,,,,,,
,,,,,,,,,,,,,,,,,1.556,0.246591568,0,,,,,,,,,,,,
,,,,,,,,,,,,,,,,,1.557,0.253844261,0,,,,,,,,,,,,
,,,,,,,,,,,,,,,,,1.558,0.250620842,0,,,,,,,,,,,,
,,,,,,,,,,,,,,,,,1.559,0.245785713,0,,,,,,,,,,,,
,,,,,,,,,,,,,,,,,1.56,0.253038406,0,,,,,,,,,,,,
,,,,,,,,,,,,,,,,,1.561,0.251426697,0,,,,,,,,,,,,
,,,,,,,,,,,,,,,,,1.562,0.244979858,0,,,,,,,,,,,,
,,,,,,,,,,,,,,,,,1.563,0.256261826,0,,,,,,,,,,,,
,,,,,,,,,,,,,,,,,1.564,0.250620842,0,,,,,,,,,,,,
,,,,,,,,,,,,,,,,,1.565,0.251426697,0,,,,,,,,,,,,
,,,,,,,,,,,,,,,,,1.566,0.251426697,0,,,,,,,,,,,,
,,,,,,,,,,,,,,,,,1.567,0.25867939,0,,,,,,,,,,,,
,,,,,,,,,,,,,,,,,1.568,0.253844261,0,,,,,,,,,,,,
,,,,,,,,,,,,,,,,,1.569,0.2602911,0,,,,,,,,,,,,
,,,,,,,,,,,,,,,,,1.57,0.249009132,0,,,,,,,,,,,,
,,,,,,,,,,,,,,,,,1.571,0.261902809,0,,,,,,,,,,,,
,,,,,,,,,,,,,,,,,1.572,0.253038406,0,,,,,,,,,,,,
,,,,,,,,,,,,,,,,,1.573,0.265126228,0,,,,,,,,,,,,
,,,,,,,,,,,,,,,,,1.574,0.249814987,0,,,,,,,,,,,,
,,,,,,,,,,,,,,,,,1.575,0.253844261,0,,,,,,,,,,,,
,,,,,,,,,,,,,,,,,1.576,0.253844261,0,,,,,,,,,,,,
,,,,,,,,,,,,,,,,,1.577,0.255455971,0,,,,,,,,,,,,
,,,,,,,,,,,,,,,,,1.578,0.262708664,0,,,,,,,,,,,,
,,,,,,,,,,,,,,,,,1.579,0.262708664,0,,,,,,,,,,,,
,,,,,,,,,,,,,,,,,1.58,0.261902809,0,,,,,,,,,,,,
,,,,,,,,,,,,,,,,,1.581,0.2602911,0,,,,,,,,,,,,
,,,,,,,,,,,,,,,,,1.582,0.261096954,0,,,,,,,,,,,,
,,,,,,,,,,,,,,,,,1.583,0.261902809,0,,,,,,,,,,,,
,,,,,,,,,,,,,,,,,1.584,0.257873535,0,,,,,,,,,,,,
,,,,,,,,,,,,,,,,,1.585,0.25867939,0,,,,,,,,,,,,
,,,,,,,,,,,,,,,,,1.586,0.266737938,0,,,,,,,,,,,,
,,,,,,,,,,,,,,,,,1.587,0.261096954,0,,,,,,,,,,,,
,,,,,,,,,,,,,,,,,1.588,0.257873535,0,,,,,,,,,,,,
,,,,,,,,,,,,,,,,,1.589,0.268349648,0,,,,,,,,,,,,
,,,,,,,,,,,,,,,,,1.59,0.264320374,0,,,,,,,,,,,,
,,,,,,,,,,,,,,,,,1.591,0.269155502,0,,,,,,,,,,,,
,,,,,,,,,,,,,,,,,1.592,0.265126228,0,,,,,,,,,,,,
,,,,,,,,,,,,,,,,,1.593,0.272378922,0,,,,,,,,,,,,
,,,,,,,,,,,,,,,,,1.594,0.265932083,0,,,,,,,,,,,,
,,,,,,,,,,,,,,,,,1.595,0.265932083,0,,,,,,,,,,,,
,,,,,,,,,,,,,,,,,1.596,0.267543793,0,,,,,,,,,,,,
,,,,,,,,,,,,,,,,,1.597,0.261096954,0,,,,,,,,,,,,
,,,,,,,,,,,,,,,,,1.598,0.265932083,0,,,,,,,,,,,,
,,,,,,,,,,,,,,,,,1.599,0.265126228,0,,,,,,,,,,,,
,,,,,,,,,,,,,,,,,1.6,0.267543793,0,,,,,,,,,,,,
,,,,,,,,,,,,,,,,,1.601,0.261902809,0,,,,,,,,,,,,
,,,,,,,,,,,,,,,,,1.602,0.261902809,0,,,,,,,,,,,,
,,,,,,,,,,,,,,,,,1.603,0.264320374,0,,,,,,,,,,,,
,,,,,,,,,,,,,,,,,1.604,0.265126228,0,,,,,,,,,,,,
,,,,,,,,,,,,,,,,,1.605,0.273990631,0,,,,,,,,,,,,
,,,,,,,,,,,,,,,,,1.606,0.266737938,0,,,,,,,,,,,,
,,,,,,,,,,,,,,,,,1.607,0.267543793,0,,,,,,,,,,,,
,,,,,,,,,,,,,,,,,1.608,0.274796486,0,,,,,,,,,,,,
,,,,,,,,,,,,,,,,,1.609,0.261902809,0,,,,,,,,,,,,
,,,,,,,,,,,,,,,,,1.61,0.263514519,0,,,,,,,,,,,,
,,,,,,,,,,,,,,,,,1.611,0.268349648,0,,,,,,,,,,,,
,,,,,,,,,,,,,,,,,1.612,0.269155502,0,,,,,,,,,,,,
,,,,,,,,,,,,,,,,,1.613,0.269961357,0,,,,,,,,,,,,
,,,,,,,,,,,,,,,,,1.614,0.27721405,0,,,,,,,,,,,,
,,,,,,,,,,,,,,,,,1.615,0.269155502,0,,,,,,,,,,,,
,,,,,,,,,,,,,,,,,1.616,0.275602341,0,,,,,,,,,,,,
,,,,,,,,,,,,,,,,,1.617,0.273184776,0,,,,,,,,,,,,
,,,,,,,,,,,,,,,,,1.618,0.270767212,0,,,,,,,,,,,,
,,,,,,,,,,,,,,,,,1.619,0.27721405,0,,,,,,,,,,,,
,,,,,,,,,,,,,,,,,1.62,0.276408195,0,,,,,,,,,,,,
,,,,,,,,,,,,,,,,,1.621,0.269961357,0,,,,,,,,,,,,
,,,,,,,,,,,,,,,,,1.622,0.269961357,0,,,,,,,,,,,,
,,,,,,,,,,,,,,,,,1.623,0.269155502,0,,,,,,,,,,,,
,,,,,,,,,,,,,,,,,1.624,0.272378922,0,,,,,,,,,,,,
,,,,,,,,,,,,,,,,,1.625,0.279631615,0,,,,,,,,,,,,
,,,,,,,,,,,,,,,,,1.626,0.27721405,0,,,,,,,,,,,,
,,,,,,,,,,,,,,,,,1.627,0.279631615,0,,,,,,,,,,,,
,,,,,,,,,,,,,,,,,1.628,0.27721405,0,,,,,,,,,,,,
,,,,,,,,,,,,,,,,,1.629,0.274796486,0,,,,,,,,,,,,
,,,,,,,,,,,,,,,,,1.63,0.27882576,0,,,,,,,,,,,,
,,,,,,,,,,,,,,,,,1.631,0.270767212,0,,,,,,,,,,,,
,,,,,,,,,,,,,,,,,1.632,0.276408195,0,,,,,,,,,,,,
,,,,,,,,,,,,,,,,,1.633,0.275602341,0,,,,,,,,,,,,
,,,,,,,,,,,,,,,,,1.634,0.281243324,0,,,,,,,,,,,,
,,,,,,,,,,,,,,,,,1.635,0.278019905,0,,,,,,,,,,,,
,,,,,,,,,,,,,,,,,1.636,0.27882576,0,,,,,,,,,,,,
,,,,,,,,,,,,,,,,,1.637,0.279631615,0,,,,,,,,,,,,
,,,,,,,,,,,,,,,,,1.638,0.275602341,0,,,,,,,,,,,,
,,,,,,,,,,,,,,,,,1.639,0.289301872,0,,,,,,,,,,,,
,,,,,,,,,,,,,,,,,1.64,0.282855034,0,,,,,,,,,,,,
,,,,,,,,,,,,,,,,,1.641,0.286078453,0,,,,,,,,,,,,
,,,,,,,,,,,,,,,,,1.642,0.282049179,0,,,,,,,,,,,,
,,,,,,,,,,,,,,,,,1.643,0.283660889,0,,,,,,,,,,,,
,,,,,,,,,,,,,,,,,1.644,0.281243324,0,,,,,,,,,,,,
,,,,,,,,,,,,,,,,,1.645,0.27721405,0,,,,,,,,,,,,
,,,,,,,,,,,,,,,,,1.646,0.279631615,0,,,,,,,,,,,,
,,,,,,,,,,,,,,,,,1.647,0.286078453,0,,,,,,,,,,,,
,,,,,,,,,,,,,,,,,1.648,0.290913582,0,,,,,,,,,,,,
,,,,,,,,,,,,,,,,,1.649,0.281243324,0,,,,,,,,,,,,
,,,,,,,,,,,,,,,,,1.65,0.286884308,0,,,,,,,,,,,,
,,,,,,,,,,,,,,,,,1.651,0.285272598,0,,,,,,,,,,,,
,,,,,,,,,,,,,,,,,1.652,0.283660889,0,,,,,,,,,,,,
,,,,,,,,,,,,,,,,,1.653,0.296554565,0,,,,,,,,,,,,
,,,,,,,,,,,,,,,,,1.654,0.296554565,0,,,,,,,,,,,,
,,,,,,,,,,,,,,,,,1.655,0.549592972,0,,,,,,,,,,,,
,,,,,,,,,,,,,,,,,1.656,0.55765152,0,,,,,,,,,,,,
,,,,,,,,,,,,,,,,,1.657,0.552010536,0,,,,,,,,,,,,
,,,,,,,,,,,,,,,,,1.658,0.543951988,0,,,,,,,,,,,,
,,,,,,,,,,,,,,,,,1.659,0.547175407,0,,,,,,,,,,,,
,,,,,,,,,,,,,,,,,1.66,0.553622246,0,,,,,,,,,,,,
,,,,,,,,,,,,,,,,,1.661,0.552816391,0,,,,,,,,,,,,
,,,,,,,,,,,,,,,,,1.662,0.55603981,0,,,,,,,,,,,,
,,,,,,,,,,,,,,,,,1.663,0.556845665,0,,,,,,,,,,,,
,,,,,,,,,,,,,,,,,1.664,0.556845665,0,,,,,,,,,,,,
,,,,,,,,,,,,,,,,,1.665,0.564904213,0,,,,,,,,,,,,
,,,,,,,,,,,,,,,,,1.666,0.564098358,0,,,,,,,,,,,,
,,,,,,,,,,,,,,,,,1.667,0.573768616,0,,,,,,,,,,,,
,,,,,,,,,,,,,,,,,1.668,0.562486649,0,,,,,,,,,,,,
,,,,,,,,,,,,,,,,,1.669,0.558457375,0,,,,,,,,,,,,
,,,,,,,,,,,,,,,,,1.67,0.559263229,0,,,,,,,,,,,,
,,,,,,,,,,,,,,,,,1.671,0.566515923,0,,,,,,,,,,,,
,,,,,,,,,,,,,,,,,1.672,0.576992035,0,,,,,,,,,,,,
,,,,,,,,,,,,,,,,,1.673,0.564098358,0,,,,,,,,,,,,
,,,,,,,,,,,,,,,,,1.674,0.569739342,0,,,,,,,,,,,,
,,,,,,,,,,,,,,,,,1.675,0.568933487,0,,,,,,,,,,,,
,,,,,,,,,,,,,,,,,1.676,0.581021309,0,,,,,,,,,,,,
,,,,,,,,,,,,,,,,,1.677,0.57618618,0,,,,,,,,,,,,
,,,,,,,,,,,,,,,,,1.678,0.572962761,0,,,,,,,,,,,,
,,,,,,,,,,,,,,,,,1.679,0.575380325,0,,,,,,,,,,,,
,,,,,,,,,,,,,,,,,1.68,0.584244728,0,,,,,,,,,,,,
,,,,,,,,,,,,,,,,,1.681,0.586662292,0,,,,,,,,,,,,
,,,,,,,,,,,,,,,,,1.682,0.581827164,0,,,,,,,,,,,,
,,,,,,,,,,,,,,,,,1.683,0.581827164,0,,,,,,,,,,,,
,,,,,,,,,,,,,,,,,1.684,0.581827164,0,,,,,,,,,,,,
,,,,,,,,,,,,,,,,,1.685,0.583438873,0,,,,,,,,,,,,
,,,,,,,,,,,,,,,,,1.686,0.589079857,0,,,,,,,,,,,,
,,,,,,,,,,,,,,,,,1.687,0.59633255,0,,,,,,,,,,,,
,,,,,,,,,,,,,,,,,1.688,0.584244728,0,,,,,,,,,,,,
,,,,,,,,,,,,,,,,,1.689,0.592303276,0,,,,,,,,,,,,
,,,,,,,,,,,,,,,,,1.69,0.589885712,0,,,,,,,,,,,,
,,,,,,,,,,,,,,,,,1.691,0.593109131,0,,,,,,,,,,,,
,,,,,,,,,,,,,,,,,1.692,0.59472084,0,,,,,,,,,,,,
,,,,,,,,,,,,,,,,,1.693,0.590691566,0,,,,,,,,,,,,
,,,,,,,,,,,,,,,,,1.694,0.59472084,0,,,,,,,,,,,,
,,,,,,,,,,,,,,,,,1.695,0.59633255,0,,,,,,,,,,,,
,,,,,,,,,,,,,,,,,1.696,0.578603745,0,,,,,,,,,,,,
,,,,,,,,,,,,,,,,,1.697,0.601167679,0,,,,,,,,,,,,
,,,,,,,,,,,,,,,,,1.698,0.590691566,0,,,,,,,,,,,,
,,,,,,,,,,,,,,,,,1.699,0.600361824,0,,,,,,,,,,,,
,,,,,,,,,,,,,,,,,1.7,0.598750114,0,,,,,,,,,,,,
,,,,,,,,,,,,,,,,,1.701,0.598750114,0,,,,,,,,,,,,
,,,,,,,,,,,,,,,,,1.702,0.601167679,0,,,,,,,,,,,,
,,,,,,,,,,,,,,,,,1.703,0.595526695,0,,,,,,,,,,,,
,,,,,,,,,,,,,,,,,1.704,0.601973534,0,,,,,,,,,,,,
,,,,,,,,,,,,,,,,,1.705,0.609226227,0,,,,,,,,,,,,
,,,,,,,,,,,,,,,,,1.706,0.59472084,0,,,,,,,,,,,,
,,,,,,,,,,,,,,,,,1.707,0.610032082,0,,,,,,,,,,,,
,,,,,,,,,,,,,,,,,1.708,0.600361824,0,,,,,,,,,,,,
,,,,,,,,,,,,,,,,,1.709,0.603585243,0,,,,,,,,,,,,
,,,,,,,,,,,,,,,,,1.71,0.606002808,0,,,,,,,,,,,,
,,,,,,,,,,,,,,,,,1.711,0.618896484,0,,,,,,,,,,,,
,,,,,,,,,,,,,,,,,1.712,0.608420372,0,,,,,,,,,,,,
,,,,,,,,,,,,,,,,,1.713,0.601973534,0,,,,,,,,,,,,
,,,,,,,,,,,,,,,,,1.714,0.61486721,0,,,,,,,,,,,,
,,,,,,,,,,,,,,,,,1.715,0.606002808,0,,,,,,,,,,,,
,,,,,,,,,,,,,,,,,1.716,0.610032082,0,,,,,,,,,,,,
,,,,,,,,,,,,,,,,,1.717,0.606808662,0,,,,,,,,,,,,
,,,,,,,,,,,,,,,,,1.718,0.617284775,0,,,,,,,,,,,,
,,,,,,,,,,,,,,,,,1.719,0.606808662,0,,,,,,,,,,,,
,,,,,,,,,,,,,,,,,1.72,0.613255501,0,,,,,,,,,,,,
,,,,,,,,,,,,,,,,,1.721,0.608420372,0,,,,,,,,,,,,
,,,,,,,,,,,,,,,,,1.722,0.610837936,0,,,,,,,,,,,,
,,,,,,,,,,,,,,,,,1.723,0.613255501,0,,,,,,,,,,,,
,,,,,,,,,,,,,,,,,1.724,0.612449646,0,,,,,,,,,,,,
,,,,,,,,,,,,,,,,,1.725,0.604391098,0,,,,,,,,,,,,
,,,,,,,,,,,,,,,,,1.726,0.61647892,0,,,,,,,,,,,,
,,,,,,,,,,,,,,,,,1.727,0.615673065,0,,,,,,,,,,,,
,,,,,,,,,,,,,,,,,1.728,0.617284775,0,,,,,,,,,,,,
,,,,,,,,,,,,,,,,,1.729,0.615673065,0,,,,,,,,,,,,
,,,,,,,,,,,,,,,,,1.73,0.61486721,0,,,,,,,,,,,,
,,,,,,,,,,,,,,,,,1.731,0.625343323,0,,,,,,,,,,,,
,,,,,,,,,,,,,,,,,1.732,0.61809063,0,,,,,,,,,,,,
,,,,,,,,,,,,,,,,,1.733,0.615673065,0,,,,,,,,,,,,
,,,,,,,,,,,,,,,,,1.734,0.620508194,0,,,,,,,,,,,,
,,,,,,,,,,,,,,,,,1.735,0.617284775,0,,,,,,,,,,,,
,,,,,,,,,,,,,,,,,1.736,0.614061356,0,,,,,,,,,,,,
,,,,,,,,,,,,,,,,,1.737,0.606808662,0,,,,,,,,,,,,
,,,,,,,,,,,,,,,,,1.738,0.613255501,0,,,,,,,,,,,,
,,,,,,,,,,,,,,,,,1.739,0.61809063,0,,,,,,,,,,,,
,,,,,,,,,,,,,,,,,1.74,0.613255501,0,,,,,,,,,,,,
,,,,,,,,,,,,,,,,,1.741,0.614061356,0,,,,,,,,,,,,
,,,,,,,,,,,,,,,,,1.742,0.622925758,0,,,,,,,,,,,,
,,,,,,,,,,,,,,,,,1.743,0.61647892,0,,,,,,,,,,,,
,,,,,,,,,,,,,,,,,1.744,0.618896484,0,,,,,,,,,,,,
,,,,,,,,,,,,,,,,,1.745,0.621314049,0,,,,,,,,,,,,
,,,,,,,,,,,,,,,,,1.746,0.620508194,0,,,,,,,,,,,,
,,,,,,,,,,,,,,,,,1.747,0.626955032,0,,,,,,,,,,,,
,,,,,,,,,,,,,,,,,1.748,0.621314049,0,,,,,,,,,,,,
,,,,,,,,,,,,,,,,,1.749,0.624537468,0,,,,,,,,,,,,
,,,,,,,,,,,,,,,,,1.75,0.623731613,0,,,,,,,,,,,,
,,,,,,,,,,,,,,,,,1.751,0.619702339,0,,,,,,,,,,,,
,,,,,,,,,,,,,,,,,1.752,0.629372597,0,,,,,,,,,,,,
,,,,,,,,,,,,,,,,,1.753,0.618896484,0,,,,,,,,,,,,
,,,,,,,,,,,,,,,,,1.754,0.628566742,0,,,,,,,,,,,,
,,,,,,,,,,,,,,,,,1.755,0.624537468,0,,,,,,,,,,,,
,,,,,,,,,,,,,,,,,1.756,0.618896484,0,,,,,,,,,,,,
,,,,,,,,,,,,,,,,,1.757,0.634207726,0,,,,,,,,,,,,
,,,,,,,,,,,,,,,,,1.758,0.633401871,0,,,,,,,,,,,,
,,,,,,,,,,,,,,,,,1.759,0.631790161,0,,,,,,,,,,,,
,,,,,,,,,,,,,,,,,1.76,0.633401871,0,,,,,,,,,,,,
,,,,,,,,,,,,,,,,,1.761,0.63662529,0,,,,,,,,,,,,
,,,,,,,,,,,,,,,,,1.762,0.622925758,0,,,,,,,,,,,,
,,,,,,,,,,,,,,,,,1.763,0.637431145,0,,,,,,,,,,,,
,,,,,,,,,,,,,,,,,1.764,0.632596016,0,,,,,,,,,,,,
,,,,,,,,,,,,,,,,,1.765,0.631790161,0,,,,,,,,,,,,
,,,,,,,,,,,,,,,,,1.766,0.632596016,0,,,,,,,,,,,,
,,,,,,,,,,,,,,,,,1.767,0.632596016,0,,,,,,,,,,,,
,,,,,,,,,,,,,,,,,1.768,0.630178452,0,,,,,,,,,,,,
,,,,,,,,,,,,,,,,,1.769,0.634207726,0,,,,,,,,,,,,
,,,,,,,,,,,,,,,,,1.77,0.638237,0,,,,,,,,,,,,
,,,,,,,,,,,,,,,,,1.771,0.632596016,0,,,,,,,,,,,,
,,,,,,,,,,,,,,,,,1.772,0.626149178,0,,,,,,,,,,,,
,,,,,,,,,,,,,,,,,1.773,0.626955032,0,,,,,,,,,,,,
,,,,,,,,,,,,,,,,,1.774,0.642266273,0,,,,,,,,,,,,
,,,,,,,,,,,,,,,,,1.775,0.639042854,0,,,,,,,,,,,,
,,,,,,,,,,,,,,,,,1.776,0.646295547,0,,,,,,,,,,,,
,,,,,,,,,,,,,,,,,1.777,0.633401871,0,,,,,,,,,,,,
,,,,,,,,,,,,,,,,,1.778,0.63662529,0,,,,,,,,,,,,
,,,,,,,,,,,,,,,,,1.779,0.639848709,0,,,,,,,,,,,,
,,,,,,,,,,,,,,,,,1.78,0.648713112,0,,,,,,,,,,,,
,,,,,,,,,,,,,,,,,1.781,0.643072128,0,,,,,,,,,,,,
,,,,,,,,,,,,,,,,,1.782,0.640654564,0,,,,,,,,,,,,
,,,,,,,,,,,,,,,,,1.783,0.635819435,0,,,,,,,,,,,,
,,,,,,,,,,,,,,,,,1.784,0.637431145,0,,,,,,,,,,,,
,,,,,,,,,,,,,,,,,1.785,0.644683838,0,,,,,,,,,,,,
,,,,,,,,,,,,,,,,,1.786,0.634207726,0,,,,,,,,,,,,
,,,,,,,,,,,,,,,,,1.787,0.640654564,0,,,,,,,,,,,,
,,,,,,,,,,,,,,,,,1.788,0.638237,0,,,,,,,,,,,,
,,,,,,,,,,,,,,,,,1.789,0.634207726,0,,,,,,,,,,,,
,,,,,,,,,,,,,,,,,1.79,0.653548241,0,,,,,,,,,,,,
,,,,,,,,,,,,,,,,,1.791,0.638237,0,,,,,,,,,,,,
,,,,,,,,,,,,,,,,,1.792,0.650324821,0,,,,,,,,,,,,
,,,,,,,,,,,,,,,,,1.793,0.639848709,0,,,,,,,,,,,,
,,,,,,,,,,,,,,,,,1.794,0.648713112,0,,,,,,,,,,,,
,,,,,,,,,,,,,,,,,1.795,0.647101402,0,,,,,,,,,,,,
,,,,,,,,,,,,,,,,,1.796,0.646295547,0,,,,,,,,,,,,
,,,,,,,,,,,,,,,,,1.797,0.647907257,0,,,,,,,,,,,,
,,,,,,,,,,,,,,,,,1.798,0.647101402,0,,,,,,,,,,,,
,,,,,,,,,,,,,,,,,1.799,0.640654564,0,,,,,,,,,,,,
,,,,,,,,,,,,,,,,,1.8,0.644683838,0,,,,,,,,,,,,
,,,,,,,,,,,,,,,,,1.801,0.652742386,0,,,,,,,,,,,,
,,,,,,,,,,,,,,,,,1.802,0.647101402,0,,,,,,,,,,,,
,,,,,,,,,,,,,,,,,1.803,0.654354095,0,,,,,,,,,,,,
,,,,,,,,,,,,,,,,,1.804,0.65677166,0,,,,,,,,,,,,
,,,,,,,,,,,,,,,,,1.805,0.662412643,0,,,,,,,,,,,,
,,,,,,,,,,,,,,,,,1.806,0.650324821,0,,,,,,,,,,,,
,,,,,,,,,,,,,,,,,1.807,0.658383369,0,,,,,,,,,,,,
,,,,,,,,,,,,,,,,,1.808,0.661606789,0,,,,,,,,,,,,
,,,,,,,,,,,,,,,,,1.809,0.661606789,0,,,,,,,,,,,,
,,,,,,,,,,,,,,,,,1.81,0.655965805,0,,,,,,,,,,,,
,,,,,,,,,,,,,,,,,1.811,0.67530632,0,,,,,,,,,,,,
,,,,,,,,,,,,,,,,,1.812,0.666441917,0,,,,,,,,,,,,
,,,,,,,,,,,,,,,,,1.813,0.672888756,0,,,,,,,,,,,,
,,,,,,,,,,,,,,,,,1.814,0.668859482,0,,,,,,,,,,,,
,,,,,,,,,,,,,,,,,1.815,0.660800934,0,,,,,,,,,,,,
,,,,,,,,,,,,,,,,,1.816,0.668859482,0,,,,,,,,,,,,
,,,,,,,,,,,,,,,,,1.817,0.679335594,0,,,,,,,,,,,,
,,,,,,,,,,,,,,,,,1.818,0.669665337,0,,,,,,,,,,,,
,,,,,,,,,,,,,,,,,1.819,0.673694611,0,,,,,,,,,,,,
,,,,,,,,,,,,,,,,,1.82,0.677723885,0,,,,,,,,,,,,
,,,,,,,,,,,,,,,,,1.821,0.672888756,0,,,,,,,,,,,,
,,,,,,,,,,,,,,,,,1.822,0.669665337,0,,,,,,,,,,,,
,,,,,,,,,,,,,,,,,1.823,0.677723885,0,,,,,,,,,,,,
,,,,,,,,,,,,,,,,,1.824,0.666441917,0,,,,,,,,,,,,
,,,,,,,,,,,,,,,,,1.825,0.670471191,0,,,,,,,,,,,,
,,,,,,,,,,,,,,,,,1.826,0.669665337,0,,,,,,,,,,,,
,,,,,,,,,,,,,,,,,1.827,0.665636063,0,,,,,,,,,,,,
,,,,,,,,,,,,,,,,,1.828,0.673694611,0,,,,,,,,,,,,
,,,,,,,,,,,,,,,,,1.829,0.676112175,0,,,,,,,,,,,,
,,,,,,,,,,,,,,,,,1.83,0.671277046,0,,,,,,,,,,,,
,,,,,,,,,,,,,,,,,1.831,0.671277046,0,,,,,,,,,,,,
,,,,,,,,,,,,,,,,,1.832,0.672888756,0,,,,,,,,,,,,
,,,,,,,,,,,,,,,,,1.833,0.683364868,0,,,,,,,,,,,,
,,,,,,,,,,,,,,,,,1.834,0.672888756,0,,,,,,,,,,,,
,,,,,,,,,,,,,,,,,1.835,0.687394142,0,,,,,,,,,,,,
,,,,,,,,,,,,,,,,,1.836,0.688199997,0,,,,,,,,,,,,
,,,,,,,,,,,,,,,,,1.837,0.688199997,0,,,,,,,,,,,,
,,,,,,,,,,,,,,,,,1.838,0.687394142,0,,,,,,,,,,,,
,,,,,,,,,,,,,,,,,1.839,0.683364868,0,,,,,,,,,,,,
,,,,,,,,,,,,,,,,,1.84,0.691423416,0,,,,,,,,,,,,
,,,,,,,,,,,,,,,,,1.841,0.683364868,0,,,,,,,,,,,,
,,,,,,,,,,,,,,,,,1.842,0.696258545,0,,,,,,,,,,,,
,,,,,,,,,,,,,,,,,1.843,0.689005852,0,,,,,,,,,,,,
,,,,,,,,,,,,,,,,,1.844,0.693840981,0,,,,,,,,,,,,
,,,,,,,,,,,,,,,,,1.845,0.685782433,0,,,,,,,,,,,,
,,,,,,,,,,,,,,,,,1.846,0.693840981,0,,,,,,,,,,,,
,,,,,,,,,,,,,,,,,1.847,0.692229271,0,,,,,,,,,,,,
,,,,,,,,,,,,,,,,,1.848,0.685782433,0,,,,,,,,,,,,
,,,,,,,,,,,,,,,,,1.849,0.696258545,0,,,,,,,,,,,,
,,,,,,,,,,,,,,,,,1.85,0.696258545,0,,,,,,,,,,,,
,,,,,,,,,,,,,,,,,1.851,0.809884071,0,,,,,,,,,,,,
,,,,,,,,,,,,,,,,,1.852,0.805048943,0,,,,,,,,,,,,
,,,,,,,,,,,,,,,,,1.853,0.807466507,0,,,,,,,,,,,,
,,,,,,,,,,,,,,,,,1.854,0.801019669,0,,,,,,,,,,,,
,,,,,,,,,,,,,,,,,1.855,0.804243088,0,,,,,,,,,,,,
,,,,,,,,,,,,,,,,,1.856,0.809884071,0,,,,,,,,,,,,
,,,,,,,,,,,,,,,,,1.857,0.820360184,0,,,,,,,,,,,,
,,,,,,,,,,,,,,,,,1.858,0.817942619,0,,,,,,,,,,,,
,,,,,,,,,,,,,,,,,1.859,0.815525055,0,,,,,,,,,,,,
,,,,,,,,,,,,,,,,,1.86,0.81633091,0,,,,,,,,,,,,
,,,,,,,,,,,,,,,,,1.861,0.820360184,0,,,,,,,,,,,,
,,,,,,,,,,,,,,,,,1.862,0.826807022,0,,,,,,,,,,,,
,,,,,,,,,,,,,,,,,1.863,0.825195313,0,,,,,,,,,,,,
,,,,,,,,,,,,,,,,,1.864,0.817942619,0,,,,,,,,,,,,
,,,,,,,,,,,,,,,,,1.865,0.821166039,0,,,,,,,,,,,,
,,,,,,,,,,,,,,,,,1.866,0.825195313,0,,,,,,,,,,,,
,,,,,,,,,,,,,,,,,1.867,0.830836296,0,,,,,,,,,,,,
,,,,,,,,,,,,,,,,,1.868,0.840506554,0,,,,,,,,,,,,
,,,,,,,,,,,,,,,,,1.869,0.821166039,0,,,,,,,,,,,,
,,,,,,,,,,,,,,,,,1.87,0.831642151,0,,,,,,,,,,,,
,,,,,,,,,,,,,,,,,1.871,0.826807022,0,,,,,,,,,,,,
,,,,,,,,,,,,,,,,,1.872,0.83325386,0,,,,,,,,,,,,
,,,,,,,,,,,,,,,,,1.873,0.834059715,0,,,,,,,,,,,,
,,,,,,,,,,,,,,,,,1.874,0.83647728,0,,,,,,,,,,,,
,,,,,,,,,,,,,,,,,1.875,0.843729973,0,,,,,,,,,,,,
,,,,,,,,,,,,,,,,,1.876,0.821971893,0,,,,,,,,,,,,
,,,,,,,,,,,,,,,,,1.877,0.846147537,0,,,,,,,,,,,,
,,,,,,,,,,,,,,,,,1.878,0.826807022,0,,,,,,,,,,,,
,,,,,,,,,,,,,,,,,1.879,0.845341682,0,,,,,,,,,,,,
,,,,,,,,,,,,,,,,,1.88,0.831642151,0,,,,,,,,,,,,
,,,,,,,,,,,,,,,,,1.881,0.838894844,0,,,,,,,,,,,,
,,,,,,,,,,,,,,,,,1.882,0.845341682,0,,,,,,,,,,,,
,,,,,,,,,,,,,,,,,1.883,0.841312408,0,,,,,,,,,,,,
,,,,,,,,,,,,,,,,,1.884,0.842924118,0,,,,,,,,,,,,
,,,,,,,,,,,,,,,,,1.885,0.849370956,0,,,,,,,,,,,,
,,,,,,,,,,,,,,,,,1.886,0.849370956,0,,,,,,,,,,,,
,,,,,,,,,,,,,,,,,1.887,0.850176811,0,,,,,,,,,,,,
,,,,,,,,,,,,,,,,,1.888,0.866293907,0,,,,,,,,,,,,
,,,,,,,,,,,,,,,,,1.889,0.863876343,0,,,,,,,,,,,,
,,,,,,,,,,,,,,,,,1.89,0.851788521,0,,,,,,,,,,,,
,,,,,,,,,,,,,,,,,1.891,0.85662365,0,,,,,,,,,,,,
,,,,,,,,,,,,,,,,,1.892,0.866293907,0,,,,,,,,,,,,
,,,,,,,,,,,,,,,,,1.893,0.865488052,0,,,,,,,,,,,,
,,,,,,,,,,,,,,,,,1.894,0.870323181,0,,,,,,,,,,,,
,,,,,,,,,,,,,,,,,1.895,0.864682198,0,,,,,,,,,,,,
,,,,,,,,,,,,,,,,,1.896,0.872740746,0,,,,,,,,,,,,
,,,,,,,,,,,,,,,,,1.897,0.867905617,0,,,,,,,,,,,,
,,,,,,,,,,,,,,,,,1.898,0.872740746,0,,,,,,,,,,,,
,,,,,,,,,,,,,,,,,1.899,0.866293907,0,,,,,,,,,,,,
,,,,,,,,,,,,,,,,,1.9,0.882411003,0,,,,,,,,,,,,
,,,,,,,,,,,,,,,,,1.901,0.871129036,0,,,,,,,,,,,,
,,,,,,,,,,,,,,,,,1.902,0.881605148,0,,,,,,,,,,,,
,,,,,,,,,,,,,,,,,1.903,0.884828568,0,,,,,,,,,,,,
,,,,,,,,,,,,,,,,,1.904,0.881605148,0,,,,,,,,,,,,
,,,,,,,,,,,,,,,,,1.905,0.888857841,0,,,,,,,,,,,,
,,,,,,,,,,,,,,,,,1.906,0.889663696,0,,,,,,,,,,,,
,,,,,,,,,,,,,,,,,1.907,0.889663696,0,,,,,,,,,,,,
,,,,,,,,,,,,,,,,,1.908,0.886440277,0,,,,,,,,,,,,
,,,,,,,,,,,,,,,,,1.909,0.904169083,0,,,,,,,,,,,,
,,,,,,,,,,,,,,,,,1.91,0.900139809,0,,,,,,,,,,,,
,,,,,,,,,,,,,,,,,1.911,0.889663696,0,,,,,,,,,,,,
,,,,,,,,,,,,,,,,,1.912,0.891275406,0,,,,,,,,,,,,
,,,,,,,,,,,,,,,,,1.913,0.900945663,0,,,,,,,,,,,,
,,,,,,,,,,,,,,,,,1.914,0.907392502,0,,,,,,,,,,,,
,,,,,,,,,,,,,,,,,1.915,0.898528099,0,,,,,,,,,,,,
,,,,,,,,,,,,,,,,,1.916,0.908198357,0,,,,,,,,,,,,
,,,,,,,,,,,,,,,,,1.917,0.898528099,0,,,,,,,,,,,,
,,,,,,,,,,,,,,,,,1.918,0.903363228,0,,,,,,,,,,,,
,,,,,,,,,,,,,,,,,1.919,0.909810066,0,,,,,,,,,,,,
,,,,,,,,,,,,,,,,,1.92,0.91545105,0,,,,,,,,,,,,
,,,,,,,,,,,,,,,,,1.921,0.914645195,0,,,,,,,,,,,,
,,,,,,,,,,,,,,,,,1.922,0.917868614,0,,,,,,,,,,,,
,,,,,,,,,,,,,,,,,1.923,0.912227631,0,,,,,,,,,,,,
,,,,,,,,,,,,,,,,,1.924,0.920286179,0,,,,,,,,,,,,
,,,,,,,,,,,,,,,,,1.925,0.928344727,0,,,,,,,,,,,,
,,,,,,,,,,,,,,,,,1.926,0.924315453,0,,,,,,,,,,,,
,,,,,,,,,,,,,,,,,1.927,0.927538872,0,,,,,,,,,,,,
,,,,,,,,,,,,,,,,,1.928,0.942850113,0,,,,,,,,,,,,
,,,,,,,,,,,,,,,,,1.929,0.926733017,0,,,,,,,,,,,,
,,,,,,,,,,,,,,,,,1.93,0.926733017,0,,,,,,,,,,,,
,,,,,,,,,,,,,,,,,1.931,0.938820839,0,,,,,,,,,,,,
,,,,,,,,,,,,,,,,,1.932,0.938014984,0,,,,,,,,,,,,
,,,,,,,,,,,,,,,,,1.933,0.941238403,0,,,,,,,,,,,,
,,,,,,,,,,,,,,,,,1.934,0.942044258,0,,,,,,,,,,,,
,,,,,,,,,,,,,,,,,1.935,0.942044258,0,,,,,,,,,,,,
,,,,,,,,,,,,,,,,,1.936,0.946073532,0,,,,,,,,,,,,
,,,,,,,,,,,,,,,,,1.937,0.956549644,0,,,,,,,,,,,,
,,,,,,,,,,,,,,,,,1.938,0.947685242,0,,,,,,,,,,,,
,,,,,,,,,,,,,,,,,1.939,0.957355499,0,,,,,,,,,,,,
,,,,,,,,,,,,,,,,,1.94,0.947685242,0,,,,,,,,,,,,
,,,,,,,,,,,,,,,,,1.941,0.957355499,0,,,,,,,,,,,,
,,,,,,,,,,,,,,,,,1.942,0.962190628,0,,,,,,,,,,,,
,,,,,,,,,,,,,,,,,1.943,0.97266674,0,,,,,,,,,,,,
,,,,,,,,,,,,,,,,,1.944,0.968637466,0,,,,,,,,,,,,
,,,,,,,,,,,,,,,,,1.945,0.971055031,0,,,,,,,,,,,,
,,,,,,,,,,,,,,,,,1.946,0.97266674,0,,,,,,,,,,,,
,,,,,,,,,,,,,,,,,1.947,0.962996483,0,,,,,,,,,,,,
,,,,,,,,,,,,,,,,,1.948,0.958967209,0,,,,,,,,,,,,
,,,,,,,,,,,,,,,,,1.949,0.97589016,0,,,,,,,,,,,,
,,,,,,,,,,,,,,,,,1.95,0.979919434,0,,,,,,,,,,,,
,,,,,,,,,,,,,,,,,1.951,0.97589016,0,,,,,,,,,,,,
,,,,,,,,,,,,,,,,,1.952,0.97266674,0,,,,,,,,,,,,
,,,,,,,,,,,,,,,,,1.953,0.985560417,0,,,,,,,,,,,,
,,,,,,,,,,,,,,,,,1.954,1.011347771,0,,,,,,,,,,,,
,,,,,,,,,,,,,,,,,1.955,0.978307724,0,,,,,,,,,,,,
,,,,,,,,,,,,,,,,,1.956,0.984754562,0,,,,,,,,,,,,
,,,,,,,,,,,,,,,,,1.957,1.002483368,0,,,,,,,,,,,,
,,,,,,,,,,,,,,,,,1.958,0.983142853,0,,,,,,,,,,,,
,,,,,,,,,,,,,,,,,1.959,1.004900932,0,,,,,,,,,,,,
,,,,,,,,,,,,,,,,,1.96,0.995230675,0,,,,,,,,,,,,
,,,,,,,,,,,,,,,,,1.961,0.998454094,0,,,,,,,,,,,,
,,,,,,,,,,,,,,,,,1.962,0.99281311,0,,,,,,,,,,,,
,,,,,,,,,,,,,,,,,1.963,0.998454094,0,,,,,,,,,,,,
,,,,,,,,,,,,,,,,,1.964,0.991201401,0,,,,,,,,,,,,
,,,,,,,,,,,,,,,,,1.965,1.002483368,0,,,,,,,,,,,,
,,,,,,,,,,,,,,,,,1.966,0.990395546,0,,,,,,,,,,,,
,,,,,,,,,,,,,,,,,1.967,1.011347771,0,,,,,,,,,,,,
,,,,,,,,,,,,,,,,,1.968,1.016182899,0,,,,,,,,,,,,
,,,,,,,,,,,,,,,,,1.969,1.003289223,0,,,,,,,,,,,,
,,,,,,,,,,,,,,,,,1.97,1.000871658,0,,,,,,,,,,,,
,,,,,,,,,,,,,,,,,1.971,1.009736061,0,,,,,,,,,,,,
,,,,,,,,,,,,,,,,,1.972,1.018600464,0,,,,,,,,,,,,
,,,,,,,,,,,,,,,,,1.973,1.01457119,0,,,,,,,,,,,,
,,,,,,,,,,,,,,,,,1.974,1.019406319,0,,,,,,,,,,,,
,,,,,,,,,,,,,,,,,1.975,1.012153625,0,,,,,,,,,,,,
,,,,,,,,,,,,,,,,,1.976,1.013765335,0,,,,,,,,,,,,
,,,,,,,,,,,,,,,,,1.977,1.017794609,0,,,,,,,,,,,,
,,,,,,,,,,,,,,,,,1.978,1.01457119,0,,,,,,,,,,,,
,,,,,,,,,,,,,,,,,1.979,1.020212173,0,,,,,,,,,,,,
,,,,,,,,,,,,,,,,,1.98,1.009736061,0,,,,,,,,,,,,
,,,,,,,,,,,,,,,,,1.981,1.021018028,0,,,,,,,,,,,,
,,,,,,,,,,,,,,,,,1.982,1.020212173,0,,,,,,,,,,,,
,,,,,,,,,,,,,,,,,1.983,1.021823883,0,,,,,,,,,,,,
,,,,,,,,,,,,,,,,,1.984,1.024241447,0,,,,,,,,,,,,
,,,,,,,,,,,,,,,,,1.985,1.03471756,0,,,,,,,,,,,,
,,,,,,,,,,,,,,,,,1.986,1.023435593,0,,,,,,,,,,,,
,,,,,,,,,,,,,,,,,1.987,1.029076576,0,,,,,,,,,,,,
,,,,,,,,,,,,,,,,,1.988,1.028270721,0,,,,,,,,,,,,
,,,,,,,,,,,,,,,,,1.989,1.022629738,0,,,,,,,,,,,,
,,,,,,,,,,,,,,,,,1.99,1.044387817,0,,,,,,,,,,,,
,,,,,,,,,,,,,,,,,1.991,1.03310585,0,,,,,,,,,,,,
,,,,,,,,,,,,,,,,,1.992,1.030688286,0,,,,,,,,,,,,
,,,,,,,,,,,,,,,,,1.993,1.040358543,0,,,,,,,,,,,,
,,,,,,,,,,,,,,,,,1.994,1.040358543,0,,,,,,,,,,,,
,,,,,,,,,,,,,,,,,1.995,1.046805382,0,,,,,,,,,,,,
,,,,,,,,,,,,,,,,,1.996,1.041164398,0,,,,,,,,,,,,
,,,,,,,,,,,,,,,,,1.997,1.054058075,0,,,,,,,,,,,,
,,,,,,,,,,,,,,,,,1.998,1.043581963,0,,,,,,,,,,,,
,,,,,,,,,,,,,,,,,1.999,1.050834656,0,,,,,,,,,,,,
,,,,,,,,,,,,,,,,,2,1.040358543,0,,,,,,,,,,,,
,,,,,,,,,,,,,,,,,2.001,1.039552689,0,,,,,,,,,,,,
,,,,,,,,,,,,,,,,,2.002,1.05486393,0,,,,,,,,,,,,
,,,,,,,,,,,,,,,,,2.003,1.047611237,0,,,,,,,,,,,,
,,,,,,,,,,,,,,,,,2.004,1.039552689,0,,,,,,,,,,,,
,,,,,,,,,,,,,,,,,2.005,1.046805382,0,,,,,,,,,,,,
,,,,,,,,,,,,,,,,,2.006,1.056475639,0,,,,,,,,,,,,
,,,,,,,,,,,,,,,,,2.007,1.050028801,0,,,,,,,,,,,,
,,,,,,,,,,,,,,,,,2.008,1.05486393,0,,,,,,,,,,,,
,,,,,,,,,,,,,,,,,2.009,1.057281494,0,,,,,,,,,,,,
,,,,,,,,,,,,,,,,,2.01,1.060504913,0,,,,,,,,,,,,
,,,,,,,,,,,,,,,,,2.011,1.064534187,0,,,,,,,,,,,,
,,,,,,,,,,,,,,,,,2.012,1.061310768,0,,,,,,,,,,,,
,,,,,,,,,,,,,,,,,2.013,1.056475639,0,,,,,,,,,,,,
,,,,,,,,,,,,,,,,,2.014,1.068563461,0,,,,,,,,,,,,
,,,,,,,,,,,,,,,,,2.015,1.066145897,0,,,,,,,,,,,,
,,,,,,,,,,,,,,,,,2.016,1.067757607,0,,,,,,,,,,,,
,,,,,,,,,,,,,,,,,2.017,1.072592735,0,,,,,,,,,,,,
,,,,,,,,,,,,,,,,,2.018,1.057281494,0,,,,,,,,,,,,
,,,,,,,,,,,,,,,,,2.019,1.063728333,0,,,,,,,,,,,,
,,,,,,,,,,,,,,,,,2.02,1.068563461,0,,,,,,,,,,,,
,,,,,,,,,,,,,,,,,2.021,1.063728333,0,,,,,,,,,,,,
,,,,,,,,,,,,,,,,,2.022,1.0750103,0,,,,,,,,,,,,
,,,,,,,,,,,,,,,,,2.023,1.0750103,0,,,,,,,,,,,,
,,,,,,,,,,,,,,,,,2.024,1.085486412,0,,,,,,,,,,,,
,,,,,,,,,,,,,,,,,2.025,1.083068848,0,,,,,,,,,,,,
,,,,,,,,,,,,,,,,,2.026,1.088709831,0,,,,,,,,,,,,
,,,,,,,,,,,,,,,,,2.027,1.091127396,0,,,,,,,,,,,,
,,,,,,,,,,,,,,,,,2.028,1.080651283,0,,,,,,,,,,,,
,,,,,,,,,,,,,,,,,2.029,1.089515686,0,,,,,,,,,,,,
,,,,,,,,,,,,,,,,,2.03,1.090321541,0,,,,,,,,,,,,
,,,,,,,,,,,,,,,,,2.031,1.080651283,0,,,,,,,,,,,,
,,,,,,,,,,,,,,,,,2.032,1.080651283,0,,,,,,,,,,,,
,,,,,,,,,,,,,,,,,2.033,1.081457138,0,,,,,,,,,,,,
,,,,,,,,,,,,,,,,,2.034,1.088709831,0,,,,,,,,,,,,
,,,,,,,,,,,,,,,,,2.035,1.097574234,0,,,,,,,,,,,,
,,,,,,,,,,,,,,,,,2.036,1.095962524,0,,,,,,,,,,,,
,,,,,,,,,,,,,,,,,2.037,1.09193325,0,,,,,,,,,,,,
,,,,,,,,,,,,,,,,,2.038,1.094350815,0,,,,,,,,,,,,
,,,,,,,,,,,,,,,,,2.039,1.080651283,0,,,,,,,,,,,,
,,,,,,,,,,,,,,,,,2.04,1.086292267,0,,,,,,,,,,,,
,,,,,,,,,,,,,,,,,2.041,1.087098122,0,,,,,,,,,,,,
,,,,,,,,,,,,,,,,,2.042,1.083068848,0,,,,,,,,,,,,
,,,,,,,,,,,,,,,,,2.043,1.09193325,0,,,,,,,,,,,,
,,,,,,,,,,,,,,,,,2.044,1.099185944,0,,,,,,,,,,,,
,,,,,,,,,,,,,,,,,2.045,1.090321541,0,,,,,,,,,,,,
,,,,,,,,,,,,,,,,,2.046,1.083068848,0,,,,,,,,,,,,
,,,,,,,,,,,,,,,,,2.047,1.094350815,0,,,,,,,,,,,,
,,,,,,,,,,,,,,,,,2.048,1.084680557,0,,,,,,,,,,,,
,,,,,,,,,,,,,,,,,2.049,1.085486412,0,,,,,,,,,,,,
,,,,,,,,,,,,,,,,,2.05,1.084680557,0,,,,,,,,,,,,
,,,,,,,,,,,,,,,,,2.051,1.087098122,0,,,,,,,,,,,,
,,,,,,,,,,,,,,,,,2.052,1.092739105,0,,,,,,,,,,,,
,,,,,,,,,,,,,,,,,2.053,1.075816154,0,,,,,,,,,,,,
,,,,,,,,,,,,,,,,,2.054,1.088709831,0,,,,,,,,,,,,
,,,,,,,,,,,,,,,,,2.055,1.085486412,0,,,,,,,,,,,,
,,,,,,,,,,,,,,,,,2.056,1.090321541,0,,,,,,,,,,,,
,,,,,,,,,,,,,,,,,2.057,1.094350815,0,,,,,,,,,,,,
,,,,,,,,,,,,,,,,,2.058,1.091127396,0,,,,,,,,,,,,
,,,,,,,,,,,,,,,,,2.059,1.087903976,0,,,,,,,,,,,,
,,,,,,,,,,,,,,,,,2.06,1.085486412,0,,,,,,,,,,,,
,,,,,,,,,,,,,,,,,2.061,1.09193325,0,,,,,,,,,,,,
,,,,,,,,,,,,,,,,,2.062,1.09193325,0,,,,,,,,,,,,
,,,,,,,,,,,,,,,,,2.063,1.083874702,0,,,,,,,,,,,,
,,,,,,,,,,,,,,,,,2.064,1.094350815,0,,,,,,,,,,,,
,,,,,,,,,,,,,,,,,2.065,1.087903976,0,,,,,,,,,,,,
,,,,,,,,,,,,,,,,,2.066,1.095962524,0,,,,,,,,,,,,
,,,,,,,,,,,,,,,,,2.067,1.094350815,0,,,,,,,,,,,,
,,,,,,,,,,,,,,,,,2.068,1.091127396,0,,,,,,,,,,,,
,,,,,,,,,,,,,,,,,2.069,1.080651283,0,,,,,,,,,,,,
,,,,,,,,,,,,,,,,,2.07,1.085486412,0,,,,,,,,,,,,
,,,,,,,,,,,,,,,,,2.071,1.083068848,0,,,,,,,,,,,,
,,,,,,,,,,,,,,,,,2.072,1.083068848,0,,,,,,,,,,,,
,,,,,,,,,,,,,,,,,2.073,1.092739105,0,,,,,,,,,,,,
,,,,,,,,,,,,,,,,,2.074,1.09193325,0,,,,,,,,,,,,
,,,,,,,,,,,,,,,,,2.075,1.087903976,0,,,,,,,,,,,,
,,,,,,,,,,,,,,,,,2.076,1.082262993,0,,,,,,,,,,,,
,,,,,,,,,,,,,,,,,2.077,1.085486412,0,,,,,,,,,,,,
,,,,,,,,,,,,,,,,,2.078,1.085486412,0,,,,,,,,,,,,
,,,,,,,,,,,,,,,,,2.079,1.084680557,0,,,,,,,,,,,,
,,,,,,,,,,,,,,,,,2.08,1.088709831,0,,,,,,,,,,,,
,,,,,,,,,,,,,,,,,2.081,1.088709831,0,,,,,,,,,,,,
,,,,,,,,,,,,,,,,,2.082,1.083874702,0,,,,,,,,,,,,
,,,,,,,,,,,,,,,,,2.083,1.09193325,0,,,,,,,,,,,,
,,,,,,,,,,,,,,,,,2.084,1.087098122,0,,,,,,,,,,,,
,,,,,,,,,,,,,,,,,2.085,1.09515667,0,,,,,,,,,,,,
,,,,,,,,,,,,,,,,,2.086,1.085486412,0,,,,,,,,,,,,
,,,,,,,,,,,,,,,,,2.087,1.09193325,0,,,,,,,,,,,,
,,,,,,,,,,,,,,,,,2.088,1.092739105,0,,,,,,,,,,,,
,,,,,,,,,,,,,,,,,2.089,1.086292267,0,,,,,,,,,,,,
,,,,,,,,,,,,,,,,,2.09,1.086292267,0,,,,,,,,,,,,
,,,,,,,,,,,,,,,,,2.091,1.088709831,0,,,,,,,,,,,,
,,,,,,,,,,,,,,,,,2.092,1.089515686,0,,,,,,,,,,,,
,,,,,,,,,,,,,,,,,2.093,1.080651283,0,,,,,,,,,,,,
,,,,,,,,,,,,,,,,,2.094,1.084680557,0,,,,,,,,,,,,
,,,,,,,,,,,,,,,,,2.095,1.083068848,0,,,,,,,,,,,,
,,,,,,,,,,,,,,,,,2.096,1.091127396,0,,,,,,,,,,,,
,,,,,,,,,,,,,,,,,2.097,1.098380089,0,,,,,,,,,,,,
,,,,,,,,,,,,,,,,,2.098,1.082262993,0,,,,,,,,,,,,
,,,,,,,,,,,,,,,,,2.099,1.083874702,0,,,,,,,,,,,,
,,,,,,,,,,,,,,,,,2.1,1.087098122,0,,,,,,,,,,,,
,,,,,,,,,,,,,,,,,2.101,1.089515686,0,,,,,,,,,,,,
,,,,,,,,,,,,,,,,,2.102,1.087098122,0,,,,,,,,,,,,
,,,,,,,,,,,,,,,,,2.103,1.09354496,0,,,,,,,,,,,,
,,,,,,,,,,,,,,,,,2.104,1.083068848,0,,,,,,,,,,,,
,,,,,,,,,,,,,,,,,2.105,1.092739105,0,,,,,,,,,,,,
,,,,,,,,,,,,,,,,,2.106,1.080651283,0,,,,,,,,,,,,
,,,,,,,,,,,,,,,,,2.107,1.097574234,0,,,,,,,,,,,,
,,,,,,,,,,,,,,,,,2.108,1.087903976,0,,,,,,,,,,,,
,,,,,,,,,,,,,,,,,2.109,1.097574234,0,,,,,,,,,,,,
,,,,,,,,,,,,,,,,,2.11,1.09193325,0,,,,,,,,,,,,
,,,,,,,,,,,,,,,,,2.111,1.09193325,0,,,,,,,,,,,,
,,,,,,,,,,,,,,,,,2.112,1.09515667,0,,,,,,,,,,,,
,,,,,,,,,,,,,,,,,2.113,1.098380089,0,,,,,,,,,,,,
,,,,,,,,,,,,,,,,,2.114,1.088709831,0,,,,,,,,,,,,
,,,,,,,,,,,,,,,,,2.115,1.082262993,0,,,,,,,,,,,,
,,,,,,,,,,,,,,,,,2.116,1.090321541,0,,,,,,,,,,,,
,,,,,,,,,,,,,,,,,2.117,1.090321541,0,,,,,,,,,,,,
,,,,,,,,,,,,,,,,,2.118,1.094350815,0,,,,,,,,,,,,
,,,,,,,,,,,,,,,,,2.119,1.091127396,0,,,,,,,,,,,,
,,,,,,,,,,,,,,,,,2.12,1.086292267,0,,,,,,,,,,,,
,,,,,,,,,,,,,,,,,2.121,1.084680557,0,,,,,,,,,,,,
,,,,,,,,,,,,,,,,,2.122,1.083068848,0,,,,,,,,,,,,
,,,,,,,,,,,,,,,,,2.123,1.096768379,0,,,,,,,,,,,,
,,,,,,,,,,,,,,,,,2.124,1.096768379,0,,,,,,,,,,,,
,,,,,,,,,,,,,,,,,2.125,1.09193325,0,,,,,,,,,,,,
,,,,,,,,,,,,,,,,,2.126,1.087903976,0,,,,,,,,,,,,
,,,,,,,,,,,,,,,,,2.127,1.082262993,0,,,,,,,,,,,,
,,,,,,,,,,,,,,,,,2.128,1.098380089,0,,,,,,,,,,,,
,,,,,,,,,,,,,,,,,2.129,1.09193325,0,,,,,,,,,,,,
,,,,,,,,,,,,,,,,,2.13,1.087903976,0,,,,,,,,,,,,
,,,,,,,,,,,,,,,,,2.131,1.094350815,0,,,,,,,,,,,,
,,,,,,,,,,,,,,,,,2.132,1.07178688,0,,,,,,,,,,,,
,,,,,,,,,,,,,,,,,2.133,1.088709831,0,,,,,,,,,,,,
,,,,,,,,,,,,,,,,,2.134,1.087098122,0,,,,,,,,,,,,
,,,,,,,,,,,,,,,,,2.135,1.085486412,0,,,,,,,,,,,,
,,,,,,,,,,,,,,,,,2.136,1.090321541,0,,,,,,,,,,,,
,,,,,,,,,,,,,,,,,2.137,1.088709831,0,,,,,,,,,,,,
,,,,,,,,,,,,,,,,,2.138,1.087903976,0,,,,,,,,,,,,
,,,,,,,,,,,,,,,,,2.139,1.084680557,0,,,,,,,,,,,,
,,,,,,,,,,,,,,,,,2.14,1.090321541,0,,,,,,,,,,,,
,,,,,,,,,,,,,,,,,2.141,1.085486412,0,,,,,,,,,,,,
,,,,,,,,,,,,,,,,,2.142,1.087903976,0,,,,,,,,,,,,
,,,,,,,,,,,,,,,,,2.143,1.088709831,0,,,,,,,,,,,,
,,,,,,,,,,,,,,,,,2.144,1.083068848,0,,,,,,,,,,,,
,,,,,,,,,,,,,,,,,2.145,1.096768379,0,,,,,,,,,,,,
,,,,,,,,,,,,,,,,,2.146,1.09193325,0,,,,,,,,,,,,
,,,,,,,,,,,,,,,,,2.147,1.080651283,0,,,,,,,,,,,,
,,,,,,,,,,,,,,,,,2.148,1.083068848,0,,,,,,,,,,,,
,,,,,,,,,,,,,,,,,2.149,1.085486412,0,,,,,,,,,,,,
,,,,,,,,,,,,,,,,,2.15,1.080651283,0,,,,,,,,,,,,
,,,,,,,,,,,,,,,,,2.151,1.081457138,0,,,,,,,,,,,,
,,,,,,,,,,,,,,,,,2.152,1.105632782,0,,,,,,,,,,,,
,,,,,,,,,,,,,,,,,2.153,1.072592735,0,,,,,,,,,,,,
,,,,,,,,,,,,,,,,,2.154,1.085486412,0,,,,,,,,,,,,
,,,,,,,,,,,,,,,,,2.155,1.091127396,0,,,,,,,,,,,,
,,,,,,,,,,,,,,,,,2.156,1.080651283,0,,,,,,,,,,,,
,,,,,,,,,,,,,,,,,2.157,1.091127396,0,,,,,,,,,,,,
,,,,,,,,,,,,,,,,,2.158,1.086292267,0,,,,,,,,,,,,
,,,,,,,,,,,,,,,,,2.159,1.079845428,0,,,,,,,,,,,,
,,,,,,,,,,,,,,,,,2.16,1.09354496,0,,,,,,,,,,,,
,,,,,,,,,,,,,,,,,2.161,1.088709831,0,,,,,,,,,,,,
,,,,,,,,,,,,,,,,,2.162,1.088709831,0,,,,,,,,,,,,
,,,,,,,,,,,,,,,,,2.163,1.084680557,0,,,,,,,,,,,,
,,,,,,,,,,,,,,,,,2.164,1.099991798,0,,,,,,,,,,,,
,,,,,,,,,,,,,,,,,2.165,1.09354496,0,,,,,,,,,,,,
,,,,,,,,,,,,,,,,,2.166,1.089515686,0,,,,,,,,,,,,
,,,,,,,,,,,,,,,,,2.167,1.086292267,0,,,,,,,,,,,,
,,,,,,,,,,,,,,,,,2.168,1.09354496,0,,,,,,,,,,,,
,,,,,,,,,,,,,,,,,2.169,1.09193325,0,,,,,,,,,,,,
,,,,,,,,,,,,,,,,,2.17,1.089515686,0,,,,,,,,,,,,
,,,,,,,,,,,,,,,,,2.171,1.085486412,0,,,,,,,,,,,,
,,,,,,,,,,,,,,,,,2.172,1.095962524,0,,,,,,,,,,,,
,,,,,,,,,,,,,,,,,2.173,1.079039574,0,,,,,,,,,,,,
,,,,,,,,,,,,,,,,,2.174,1.089515686,0,,,,,,,,,,,,
,,,,,,,,,,,,,,,,,2.175,1.092739105,0,,,,,,,,,,,,
,,,,,,,,,,,,,,,,,2.176,1.086292267,0,,,,,,,,,,,,
,,,,,,,,,,,,,,,,,2.177,1.09193325,0,,,,,,,,,,,,
,,,,,,,,,,,,,,,,,2.178,1.090321541,0,,,,,,,,,,,,
,,,,,,,,,,,,,,,,,2.179,1.084680557,0,,,,,,,,,,,,
,,,,,,,,,,,,,,,,,2.18,1.091127396,0,,,,,,,,,,,,
,,,,,,,,,,,,,,,,,2.181,1.079845428,0,,,,,,,,,,,,
,,,,,,,,,,,,,,,,,2.182,1.081457138,0,,,,,,,,,,,,
,,,,,,,,,,,,,,,,,2.183,1.098380089,0,,,,,,,,,,,,
,,,,,,,,,,,,,,,,,2.184,1.088709831,0,,,,,,,,,,,,
,,,,,,,,,,,,,,,,,2.185,1.088709831,0,,,,,,,,,,,,
,,,,,,,,,,,,,,,,,2.186,1.120138168,0,,,,,,,,,,,,
,,,,,,,,,,,,,,,,,2.187,1.108856201,0,,,,,,,,,,,,
,,,,,,,,,,,,,,,,,2.188,1.111273766,0,,,,,,,,,,,,
,,,,,,,,,,,,,,,,,2.189,1.110467911,0,,,,,,,,,,,,
,,,,,,,,,,,,,,,,,2.19,1.095962524,0,,,,,,,,,,,,
,,,,,,,,,,,,,,,,,2.191,1.104021072,0,,,,,,,,,,,,
,,,,,,,,,,,,,,,,,2.192,1.120138168,0,,,,,,,,,,,,
,,,,,,,,,,,,,,,,,2.193,1.098380089,0,,,,,,,,,,,,
,,,,,,,,,,,,,,,,,2.194,1.108856201,0,,,,,,,,,,,,
,,,,,,,,,,,,,,,,,2.195,1.120138168,0,,,,,,,,,,,,
,,,,,,,,,,,,,,,,,2.196,1.112885475,0,,,,,,,,,,,,
,,,,,,,,,,,,,,,,,2.197,1.116108894,0,,,,,,,,,,,,
,,,,,,,,,,,,,,,,,2.198,1.117720604,0,,,,,,,,,,,,
,,,,,,,,,,,,,,,,,2.199,1.112885475,0,,,,,,,,,,,,
,,,,,,,,,,,,,,,,,2.2,1.11207962,0,,,,,,,,,,,,
,,,,,,,,,,,,,,,,,2.201,1.123361588,0,,,,,,,,,,,,
,,,,,,,,,,,,,,,,,2.202,1.116914749,0,,,,,,,,,,,,
,,,,,,,,,,,,,,,,,2.203,1.119332314,0,,,,,,,,,,,,
,,,,,,,,,,,,,,,,,2.204,1.142702103,0,,,,,,,,,,,,
,,,,,,,,,,,,,,,,,2.205,1.120944023,0,,,,,,,,,,,,
,,,,,,,,,,,,,,,,,2.206,1.133031845,0,,,,,,,,,,,,
,,,,,,,,,,,,,,,,,2.207,1.123361588,0,,,,,,,,,,,,
,,,,,,,,,,,,,,,,,2.208,1.122555733,0,,,,,,,,,,,,
,,,,,,,,,,,,,,,,,2.209,1.131420135,0,,,,,,,,,,,,
,,,,,,,,,,,,,,,,,2.21,1.120138168,0,,,,,,,,,,,,
,,,,,,,,,,,,,,,,,2.211,1.15398407,0,,,,,,,,,,,,
,,,,,,,,,,,,,,,,,2.212,1.135449409,0,,,,,,,,,,,,
,,,,,,,,,,,,,,,,,2.213,1.146731377,0,,,,,,,,,,,,
,,,,,,,,,,,,,,,,,2.214,1.137061119,0,,,,,,,,,,,,
,,,,,,,,,,,,,,,,,2.215,1.137061119,0,,,,,,,,,,,,
,,,,,,,,,,,,,,,,,2.216,1.135449409,0,,,,,,,,,,,,
,,,,,,,,,,,,,,,,,2.217,1.138672829,0,,,,,,,,,,,,
,,,,,,,,,,,,,,,,,2.218,1.140284538,0,,,,,,,,,,,,
,,,,,,,,,,,,,,,,,2.219,1.138672829,0,,,,,,,,,,,,
,,,,,,,,,,,,,,,,,2.22,1.147537231,0,,,,,,,,,,,,
,,,,,,,,,,,,,,,,,2.221,1.145925522,0,,,,,,,,,,,,
,,,,,,,,,,,,,,,,,2.222,1.148343086,0,,,,,,,,,,,,
,,,,,,,,,,,,,,,,,2.223,1.158819199,0,,,,,,,,,,,,
,,,,,,,,,,,,,,,,,2.224,1.15398407,0,,,,,,,,,,,,
,,,,,,,,,,,,,,,,,2.225,1.159625053,0,,,,,,,,,,,,
,,,,,,,,,,,,,,,,,2.226,1.167683601,0,,,,,,,,,,,,
,,,,,,,,,,,,,,,,,2.227,1.159625053,0,,,,,,,,,,,,
,,,,,,,,,,,,,,,,,2.228,1.156401634,0,,,,,,,,,,,,
,,,,,,,,,,,,,,,,,2.229,1.145925522,0,,,,,,,,,,,,
,,,,,,,,,,,,,,,,,2.23,1.182188988,0,,,,,,,,,,,,
,,,,,,,,,,,,,,,,,2.231,1.159625053,0,,,,,,,,,,,,
,,,,,,,,,,,,,,,,,2.232,1.156401634,0,,,,,,,,,,,,
,,,,,,,,,,,,,,,,,2.233,1.17251873,0,,,,,,,,,,,,
,,,,,,,,,,,,,,,,,2.234,1.168489456,0,,,,,,,,,,,,
,,,,,,,,,,,,,,,,,2.235,1.166071892,0,,,,,,,,,,,,
,,,,,,,,,,,,,,,,,2.236,1.169295311,0,,,,,,,,,,,,
,,,,,,,,,,,,,,,,,2.237,1.170907021,0,,,,,,,,,,,,
,,,,,,,,,,,,,,,,,2.238,1.178965569,0,,,,,,,,,,,,
,,,,,,,,,,,,,,,,,2.239,1.17413044,0,,,,,,,,,,,,
,,,,,,,,,,,,,,,,,2.24,1.167683601,0,,,,,,,,,,,,
,,,,,,,,,,,,,,,,,2.241,1.169295311,0,,,,,,,,,,,,
,,,,,,,,,,,,,,,,,2.242,1.174936295,0,,,,,,,,,,,,
,,,,,,,,,,,,,,,,,2.243,1.188635826,0,,,,,,,,,,,,
,,,,,,,,,,,,,,,,,2.244,1.185412407,0,,,,,,,,,,,,
,,,,,,,,,,,,,,,,,2.245,1.184606552,0,,,,,,,,,,,,
,,,,,,,,,,,,,,,,,2.246,1.188635826,0,,,,,,,,,,,,
,,,,,,,,,,,,,,,,,2.247,1.187024117,0,,,,,,,,,,,,
,,,,,,,,,,,,,,,,,2.248,1.185412407,0,,,,,,,,,,,,
,,,,,,,,,,,,,,,,,2.249,1.175742149,0,,,,,,,,,,,,
,,,,,,,,,,,,,,,,,2.25,1.195888519,0,,,,,,,,,,,,
,,,,,,,,,,,,,,,,,2.251,1.185412407,0,,,,,,,,,,,,
,,,,,,,,,,,,,,,,,2.252,1.188635826,0,,,,,,,,,,,,
,,,,,,,,,,,,,,,,,2.253,1.199111938,0,,,,,,,,,,,,
,,,,,,,,,,,,,,,,,2.254,1.195082664,0,,,,,,,,,,,,
,,,,,,,,,,,,,,,,,2.255,1.197500229,0,,,,,,,,,,,,
,,,,,,,,,,,,,,,,,2.256,1.191053391,0,,,,,,,,,,,,
,,,,,,,,,,,,,,,,,2.257,1.206364632,0,,,,,,,,,,,,
,,,,,,,,,,,,,,,,,2.258,1.195082664,0,,,,,,,,,,,,
,,,,,,,,,,,,,,,,,2.259,1.195888519,0,,,,,,,,,,,,
,,,,,,,,,,,,,,,,,2.26,1.195888519,0,,,,,,,,,,,,
,,,,,,,,,,,,,,,,,2.261,1.198306084,0,,,,,,,,,,,,
,,,,,,,,,,,,,,,,,2.262,1.198306084,0,,,,,,,,,,,,
,,,,,,,,,,,,,,,,,2.263,1.202335358,0,,,,,,,,,,,,
,,,,,,,,,,,,,,,,,2.264,1.203141212,0,,,,,,,,,,,,
,,,,,,,,,,,,,,,,,2.265,1.207170486,0,,,,,,,,,,,,
,,,,,,,,,,,,,,,,,2.266,1.207170486,0,,,,,,,,,,,,
,,,,,,,,,,,,,,,,,2.267,1.207976341,0,,,,,,,,,,,,
,,,,,,,,,,,,,,,,,2.268,1.216840744,0,,,,,,,,,,,,
,,,,,,,,,,,,,,,,,2.269,1.220870018,0,,,,,,,,,,,,
,,,,,,,,,,,,,,,,,2.27,1.205558777,0,,,,,,,,,,,,
,,,,,,,,,,,,,,,,,2.271,1.224093437,0,,,,,,,,,,,,
,,,,,,,,,,,,,,,,,2.272,1.207976341,0,,,,,,,,,,,,
,,,,,,,,,,,,,,,,,2.273,1.233763695,0,,,,,,,,,,,,
,,,,,,,,,,,,,,,,,2.274,1.226511002,0,,,,,,,,,,,,
,,,,,,,,,,,,,,,,,2.275,1.222481728,0,,,,,,,,,,,,
,,,,,,,,,,,,,,,,,2.276,1.216840744,0,,,,,,,,,,,,
,,,,,,,,,,,,,,,,,2.277,1.228122711,0,,,,,,,,,,,,
,,,,,,,,,,,,,,,,,2.278,1.220064163,0,,,,,,,,,,,,
,,,,,,,,,,,,,,,,,2.279,1.213617325,0,,,,,,,,,,,,
,,,,,,,,,,,,,,,,,2.28,1.239404678,0,,,,,,,,,,,,
,,,,,,,,,,,,,,,,,2.281,1.23134613,0,,,,,,,,,,,,
,,,,,,,,,,,,,,,,,2.282,1.228928566,0,,,,,,,,,,,,
,,,,,,,,,,,,,,,,,2.283,1.236987114,0,,,,,,,,,,,,
,,,,,,,,,,,,,,,,,2.284,1.217646599,0,,,,,,,,,,,,
,,,,,,,,,,,,,,,,,2.285,1.235375404,0,,,,,,,,,,,,
,,,,,,,,,,,,,,,,,2.286,1.228928566,0,,,,,,,,,,,,
,,,,,,,,,,,,,,,,,2.287,1.246657372,0,,,,,,,,,,,,
,,,,,,,,,,,,,,,,,2.288,1.243433952,0,,,,,,,,,,,,
,,,,,,,,,,,,,,,,,2.289,1.241822243,0,,,,,,,,,,,,
,,,,,,,,,,,,,,,,,2.29,1.252298355,0,,,,,,,,,,,,
,,,,,,,,,,,,,,,,,2.291,1.228928566,0,,,,,,,,,,,,
,,,,,,,,,,,,,,,,,2.292,1.248269081,0,,,,,,,,,,,,
,,,,,,,,,,,,,,,,,2.293,1.249074936,0,,,,,,,,,,,,
,,,,,,,,,,,,,,,,,2.294,1.25310421,0,,,,,,,,,,,,
,,,,,,,,,,,,,,,,,2.295,1.261162758,0,,,,,,,,,,,,
,,,,,,,,,,,,,,,,,2.296,1.255521774,0,,,,,,,,,,,,
,,,,,,,,,,,,,,,,,2.297,1.257939339,0,,,,,,,,,,,,
,,,,,,,,,,,,,,,,,2.298,1.257939339,0,,,,,,,,,,,,
,,,,,,,,,,,,,,,,,2.299,1.264386177,0,,,,,,,,,,,,
,,,,,,,,,,,,,,,,,2.3,1.258745193,0,,,,,,,,,,,,
,,,,,,,,,,,,,,,,,2.301,1.265997887,0,,,,,,,,,,,,
,,,,,,,,,,,,,,,,,2.302,1.274862289,0,,,,,,,,,,,,
,,,,,,,,,,,,,,,,,2.303,1.283726692,0,,,,,,,,,,,,
,,,,,,,,,,,,,,,,,2.304,1.282114983,0,,,,,,,,,,,,
,,,,,,,,,,,,,,,,,2.305,1.288561821,0,,,,,,,,,,,,
,,,,,,,,,,,,,,,,,2.306,1.280503273,0,,,,,,,,,,,,
,,,,,,,,,,,,,,,,,2.307,1.280503273,0,,,,,,,,,,,,
,,,,,,,,,,,,,,,,,2.308,1.284532547,0,,,,,,,,,,,,
,,,,,,,,,,,,,,,,,2.309,1.289367676,0,,,,,,,,,,,,
,,,,,,,,,,,,,,,,,2.31,1.29339695,0,,,,,,,,,,,,
,,,,,,,,,,,,,,,,,2.311,1.282114983,0,,,,,,,,,,,,
,,,,,,,,,,,,,,,,,2.312,1.288561821,0,,,,,,,,,,,,
,,,,,,,,,,,,,,,,,2.313,1.296620369,0,,,,,,,,,,,,
,,,,,,,,,,,,,,,,,2.314,1.301455498,0,,,,,,,,,,,,
,,,,,,,,,,,,,,,,,2.315,1.298232079,0,,,,,,,,,,,,
,,,,,,,,,,,,,,,,,2.316,1.303067207,0,,,,,,,,,,,,
,,,,,,,,,,,,,,,,,2.317,1.307902336,0,,,,,,,,,,,,
,,,,,,,,,,,,,,,,,2.318,1.299843788,0,,,,,,,,,,,,
,,,,,,,,,,,,,,,,,2.319,1.296620369,0,,,,,,,,,,,,
,,,,,,,,,,,,,,,,,2.32,1.301455498,0,,,,,,,,,,,,
,,,,,,,,,,,,,,,,,2.321,1.306290627,0,,,,,,,,,,,,
,,,,,,,,,,,,,,,,,2.322,1.312737465,0,,,,,,,,,,,,
,,,,,,,,,,,,,,,,,2.323,1.31354332,0,,,,,,,,,,,,
,,,,,,,,,,,,,,,,,2.324,1.319184303,0,,,,,,,,,,,,
,,,,,,,,,,,,,,,,,2.325,1.336913109,0,,,,,,,,,,,,
,,,,,,,,,,,,,,,,,2.326,1.335301399,0,,,,,,,,,,,,
,,,,,,,,,,,,,,,,,2.327,1.322407722,0,,,,,,,,,,,,
,,,,,,,,,,,,,,,,,2.328,1.337718964,0,,,,,,,,,,,,
,,,,,,,,,,,,,,,,,2.329,1.331272125,0,,,,,,,,,,,,
,,,,,,,,,,,,,,,,,2.33,1.320796013,0,,,,,,,,,,,,
,,,,,,,,,,,,,,,,,2.331,1.342554092,0,,,,,,,,,,,,
,,,,,,,,,,,,,,,,,2.332,1.318378448,0,,,,,,,,,,,,
,,,,,,,,,,,,,,,,,2.333,1.349000931,0,,,,,,,,,,,,
,,,,,,,,,,,,,,,,,2.334,1.337718964,0,,,,,,,,,,,,
,,,,,,,,,,,,,,,,,2.335,1.346583366,0,,,,,,,,,,,,
,,,,,,,,,,,,,,,,,2.336,1.340136528,0,,,,,,,,,,,,
,,,,,,,,,,,,,,,,,2.337,1.346583366,0,,,,,,,,,,,,
,,,,,,,,,,,,,,,,,2.338,1.349000931,0,,,,,,,,,,,,
,,,,,,,,,,,,,,,,,2.339,1.357865334,0,,,,,,,,,,,,
,,,,,,,,,,,,,,,,,2.34,1.355447769,0,,,,,,,,,,,,
,,,,,,,,,,,,,,,,,2.341,1.359477043,0,,,,,,,,,,,,
,,,,,,,,,,,,,,,,,2.342,1.349806786,0,,,,,,,,,,,,
,,,,,,,,,,,,,,,,,2.343,1.366729736,0,,,,,,,,,,,,
,,,,,,,,,,,,,,,,,2.344,1.374788284,0,,,,,,,,,,,,
,,,,,,,,,,,,,,,,,2.345,1.374788284,0,,,,,,,,,,,,
,,,,,,,,,,,,,,,,,2.346,1.778521538,0,,,,,,,,,,,,
,,,,,,,,,,,,,,,,,2.347,1.780133247,0,,,,,,,,,,,,
,,,,,,,,,,,,,,,,,2.348,1.797056198,0,,,,,,,,,,,,
,,,,,,,,,,,,,,,,,2.349,1.786580086,0,,,,,,,,,,,,
,,,,,,,,,,,,,,,,,2.35,1.778521538,0,,,,,,,,,,,,
,,,,,,,,,,,,,,,,,2.351,1.793026924,0,,,,,,,,,,,,
,,,,,,,,,,,,,,,,,2.352,1.791415215,0,,,,,,,,,,,,
,,,,,,,,,,,,,,,,,2.353,1.809949875,0,,,,,,,,,,,,
,,,,,,,,,,,,,,,,,2.354,1.798667908,0,,,,,,,,,,,,
,,,,,,,,,,,,,,,,,2.355,1.800279617,0,,,,,,,,,,,,
,,,,,,,,,,,,,,,,,2.356,1.80914402,0,,,,,,,,,,,,
,,,,,,,,,,,,,,,,,2.357,1.822037697,0,,,,,,,,,,,,
,,,,,,,,,,,,,,,,,2.358,1.80914402,0,,,,,,,,,,,,
,,,,,,,,,,,,,,,,,2.359,1.81075573,0,,,,,,,,,,,,
,,,,,,,,,,,,,,,,,2.36,1.804308891,0,,,,,,,,,,,,
,,,,,,,,,,,,,,,,,2.361,1.837348938,0,,,,,,,,,,,,
,,,,,,,,,,,,,,,,,2.362,1.818814278,0,,,,,,,,,,,,
,,,,,,,,,,,,,,,,,2.363,1.854271889,0,,,,,,,,,,,,
,,,,,,,,,,,,,,,,,2.364,1.842184067,0,,,,,,,,,,,,
,,,,,,,,,,,,,,,,,2.365,1.861524582,0,,,,,,,,,,,,
,,,,,,,,,,,,,,,,,2.366,1.84943676,0,,,,,,,,,,,,
,,,,,,,,,,,,,,,,,2.367,1.861524582,0,,,,,,,,,,,,
,,,,,,,,,,,,,,,,,2.368,1.850242615,0,,,,,,,,,,,,
,,,,,,,,,,,,,,,,,2.369,1.856689453,0,,,,,,,,,,,,
,,,,,,,,,,,,,,,,,2.37,1.874418259,0,,,,,,,,,,,,
,,,,,,,,,,,,,,,,,2.371,1.856689453,0,,,,,,,,,,,,
,,,,,,,,,,,,,,,,,2.372,1.86797142,0,,,,,,,,,,,,
,,,,,,,,,,,,,,,,,2.373,1.876029968,0,,,,,,,,,,,,
,,,,,,,,,,,,,,,,,2.374,1.873612404,0,,,,,,,,,,,,
,,,,,,,,,,,,,,,,,2.375,1.880865097,0,,,,,,,,,,,,
,,,,,,,,,,,,,,,,,2.376,1.884088516,0,,,,,,,,,,,,
,,,,,,,,,,,,,,,,,2.377,1.877641678,0,,,,,,,,,,,,
,,,,,,,,,,,,,,,,,2.378,1.871194839,0,,,,,,,,,,,,
,,,,,,,,,,,,,,,,,2.379,1.8897295,0,,,,,,,,,,,,
,,,,,,,,,,,,,,,,,2.38,1.885700226,0,,,,,,,,,,,,
,,,,,,,,,,,,,,,,,2.381,1.901011467,0,,,,,,,,,,,,
,,,,,,,,,,,,,,,,,2.382,1.917128563,0,,,,,,,,,,,,
,,,,,,,,,,,,,,,,,2.383,1.917934418,0,,,,,,,,,,,,
,,,,,,,,,,,,,,,,,2.384,1.922769547,0,,,,,,,,,,,,
,,,,,,,,,,,,,,,,,2.385,1.921157837,0,,,,,,,,,,,,
,,,,,,,,,,,,,,,,,2.386,1.917934418,0,,,,,,,,,,,,
,,,,,,,,,,,,,,,,,2.387,1.92841053,0,,,,,,,,,,,,
,,,,,,,,,,,,,,,,,2.388,1.925992966,0,,,,,,,,,,,,
,,,,,,,,,,,,,,,,,2.389,1.93002224,0,,,,,,,,,,,,
,,,,,,,,,,,,,,,,,2.39,1.938886642,0,,,,,,,,,,,,
,,,,,,,,,,,,,,,,,2.391,1.932439804,0,,,,,,,,,,,,
,,,,,,,,,,,,,,,,,2.392,1.951780319,0,,,,,,,,,,,,
,,,,,,,,,,,,,,,,,2.393,1.9485569,0,,,,,,,,,,,,
,,,,,,,,,,,,,,,,,2.394,1.955809593,0,,,,,,,,,,,,
,,,,,,,,,,,,,,,,,2.395,1.955809593,0,,,,,,,,,,,,
,,,,,,,,,,,,,,,,,2.396,1.952586174,0,,,,,,,,,,,,
,,,,,,,,,,,,,,,,,2.397,1.957421303,0,,,,,,,,,,,,
,,,,,,,,,,,,,,,,,2.398,1.959033012,0,,,,,,,,,,,,
,,,,,,,,,,,,,,,,,2.399,1.979179382,0,,,,,,,,,,,,
,,,,,,,,,,,,,,,,,2.4,1.975150108,0,,,,,,,,,,,,
,,,,,,,,,,,,,,,,,2.401,1.967897415,0,,,,,,,,,,,,
,,,,,,,,,,,,,,,,,2.402,1.992073059,0,,,,,,,,,,,,
,,,,,,,,,,,,,,,,,2.403,1.995296478,0,,,,,,,,,,,,
,,,,,,,,,,,,,,,,,2.404,1.993684769,0,,,,,,,,,,,,
,,,,,,,,,,,,,,,,,2.405,1.990461349,0,,,,,,,,,,,,
,,,,,,,,,,,,,,,,,2.406,2.004160881,3.299917502,,,,,,,,,,,,
,,,,,,,,,,,,,,,,,2.407,2.017054558,3.299999998,,,,,,,,,,,,
,,,,,,,,,,,,,,,,,2.408,2.005772591,3.3,,,,,,,,,,,,
,,,,,,,,,,,,,,,,,2.409,1.992073059,3.3,,,,,,,,,,,,
,,,,,,,,,,,,,,,,,2.41,2.021889687,3.3,,,,,,,,,,,,
,,,,,,,,,,,,,,,,,2.411,2.015442848,3.3,,,,,,,,,,,,
,,,,,,,,,,,,,,,,,2.412,2.031559944,3.3,,,,,,,,,,,,
,,,,,,,,,,,,,,,,,2.413,2.032365799,3.3,,,,,,,,,,,,
,,,,,,,,,,,,,,,,,2.414,2.021083832,3.3,,,,,,,,,,,,
,,,,,,,,,,,,,,,,,2.415,2.030754089,3.3,,,,,,,,,,,,
,,,,,,,,,,,,,,,,,2.416,2.042036057,3.3,,,,,,,,,,,,
,,,,,,,,,,,,,,,,,2.417,2.036395073,3.3,,,,,,,,,,,,
,,,,,,,,,,,,,,,,,2.418,2.057347298,3.3,,,,,,,,,,,,
,,,,,,,,,,,,,,,,,2.419,2.062988281,3.3,,,,,,,,,,,,
,,,,,,,,,,,,,,,,,2.42,2.052512169,3.3,,,,,,,,,,,,
,,,,,,,,,,,,,,,,,2.421,2.062988281,3.3,,,,,,,,,,,,
,,,,,,,,,,,,,,,,,2.422,2.082328796,3.3,,,,,,,,,,,,
,,,,,,,,,,,,,,,,,2.423,2.060570717,3.3,,,,,,,,,,,,
,,,,,,,,,,,,,,,,,2.424,2.071046829,3.3,,,,,,,,,,,,
,,,,,,,,,,,,,,,,,2.425,2.087163925,3.3,,,,,,,,,,,,
,,,,,,,,,,,,,,,,,2.426,2.080717087,3.3,,,,,,,,,,,,
,,,,,,,,,,,,,,,,,2.427,2.083134651,3.3,,,,,,,,,,,,
,,,,,,,,,,,,,,,,,2.428,2.075076103,3.3,,,,,,,,,,,,
,,,,,,,,,,,,,,,,,2.429,2.100863457,3.3,,,,,,,,,,,,
,,,,,,,,,,,,,,,,,2.43,2.104086876,3.3,,,,,,,,,,,,
,,,,,,,,,,,,,,,,,2.431,2.096834183,3.3,,,,,,,,,,,,
,,,,,,,,,,,,,,,,,2.432,2.116980553,3.3,,,,,,,,,,,,
,,,,,,,,,,,,,,,,,2.433,2.112145424,3.3,,,,,,,,,,,,
,,,,,,,,,,,,,,,,,2.434,2.131485939,3.3,,,,,,,,,,,,
,,,,,,,,,,,,,,,,,2.435,2.115368843,3.3,,,,,,,,,,,,
,,,,,,,,,,,,,,,,,2.436,2.121815681,3.3,,,,,,,,,,,,
,,,,,,,,,,,,,,,,,2.437,2.136321068,3.3,,,,,,,,,,,,
,,,,,,,,,,,,,,,,,2.438,2.140350342,3.3,,,,,,,,,,,,
,,,,,,,,,,,,,,,,,2.439,2.140350342,3.3,,,,,,,,,,,,
,,,,,,,,,,,,,,,,,2.44,2.133903503,3.3,,,,,,,,,,,,
,,,,,,,,,,,,,,,,,2.441,2.135515213,3.3,,,,,,,,,,,,
,,,,,,,,,,,,,,,,,2.442,2.158885002,3.3,,,,,,,,,,,,
,,,,,,,,,,,,,,,,,2.443,2.142767906,3.3,,,,,,,,,,,,
,,,,,,,,,,,,,,,,,2.444,2.14679718,3.3,,,,,,,,,,,,
,,,,,,,,,,,,,,,,,2.445,2.158885002,3.3,,,,,,,,,,,,
,,,,,,,,,,,,,,,,,2.446,2.167749405,3.3,,,,,,,,,,,,
,,,,,,,,,,,,,,,,,2.447,2.186284065,3.3,,,,,,,,,,,,
,,,,,,,,,,,,,,,,,2.448,2.189507484,3.3,,,,,,,,,,,,
,,,,,,,,,,,,,,,,,2.449,2.178225517,3.3,,,,,,,,,,,,
,,,,,,,,,,,,,,,,,2.45,2.194342613,3.3,,,,,,,,,,,,
,,,,,,,,,,,,,,,,,2.451,2.167749405,3.3,,,,,,,,,,,,
,,,,,,,,,,,,,,,,,2.452,2.189507484,3.3,,,,,,,,,,,,
,,,,,,,,,,,,,,,,,2.453,2.190313339,3.3,,,,,,,,,,,,
,,,,,,,,,,,,,,,,,2.454,2.191925049,3.3,,,,,,,,,,,,
,,,,,,,,,,,,,,,,,2.455,2.204012871,3.3,,,,,,,,,,,,
,,,,,,,,,,,,,,,,,2.456,2.194342613,3.3,,,,,,,,,,,,
,,,,,,,,,,,,,,,,,2.457,2.199177742,3.3,,,,,,,,,,,,
,,,,,,,,,,,,,,,,,2.458,2.204012871,3.3,,,,,,,,,,,,
,,,,,,,,,,,,,,,,,2.459,2.197566032,3.3,,,,,,,,,,,,
,,,,,,,,,,,,,,,,,2.46,2.211265564,3.3,,,,,,,,,,,,
,,,,,,,,,,,,,,,,,2.461,2.206430435,3.3,,,,,,,,,,,,
,,,,,,,,,,,,,,,,,2.462,2.214488983,3.3,,,,,,,,,,,,
,,,,,,,,,,,,,,,,,2.463,2.22899437,3.3,,,,,,,,,,,,
,,,,,,,,,,,,,,,,,2.464,2.233023643,3.3,,,,,,,,,,,,
,,,,,,,,,,,,,,,,,2.465,2.224159241,3.3,,,,,,,,,,,,
,,,,,,,,,,,,,,,,,2.466,2.235441208,3.3,,,,,,,,,,,,
,,,,,,,,,,,,,,,,,2.467,2.224159241,3.3,,,,,,,,,,,,
,,,,,,,,,,,,,,,,,2.468,2.249140739,3.3,,,,,,,,,,,,
,,,,,,,,,,,,,,,,,2.469,2.233829498,3.3,,,,,,,,,,,,
,,,,,,,,,,,,,,,,,2.47,2.244305611,3.3,,,,,,,,,,,,
,,,,,,,,,,,,,,,,,2.471,2.257199287,3.3,,,,,,,,,,,,
,,,,,,,,,,,,,,,,,2.472,2.249140739,3.3,,,,,,,,,,,,
,,,,,,,,,,,,,,,,,2.473,2.258005142,3.3,,,,,,,,,,,,
,,,,,,,,,,,,,,,,,2.474,2.253975868,3.3,,,,,,,,,,,,
,,,,,,,,,,,,,,,,,2.475,2.260422707,3.3,,,,,,,,,,,,
,,,,,,,,,,,,,,,,,2.476,2.274122238,3.3,,,,,,,,,,,,
,,,,,,,,,,,,,,,,,2.477,2.270898819,3.3,,,,,,,,,,,,
,,,,,,,,,,,,,,,,,2.478,2.268481255,3.3,,,,,,,,,,,,
,,,,,,,,,,,,,,,,,2.479,2.270898819,3.3,,,,,,,,,,,,
,,,,,,,,,,,,,,,,,2.48,2.283792496,3.3,,,,,,,,,,,,
,,,,,,,,,,,,,,,,,2.481,2.285404205,3.3,,,,,,,,,,,,
,,,,,,,,,,,,,,,,,2.482,2.299103737,3.3,,,,,,,,,,,,
,,,,,,,,,,,,,,,,,2.483,2.291851044,3.3,,,,,,,,,,,,
,,,,,,,,,,,,,,,,,2.484,2.294268608,3.3,,,,,,,,,,,,
,,,,,,,,,,,,,,,,,2.485,2.282180786,3.3,,,,,,,,,,,,
,,,,,,,,,,,,,,,,,2.486,2.300715446,3.3,,,,,,,,,,,,
,,,,,,,,,,,,,,,,,2.487,2.303938866,3.3,,,,,,,,,,,,
,,,,,,,,,,,,,,,,,2.488,2.319250107,3.3,,,,,,,,,,,,
,,,,,,,,,,,,,,,,,2.489,2.303938866,3.3,,,,,,,,,,,,
,,,,,,,,,,,,,,,,,2.49,2.307162285,3.3,,,,,,,,,,,,
,,,,,,,,,,,,,,,,,2.491,2.316026688,3.3,,,,,,,,,,,,
,,,,,,,,,,,,,,,,,2.492,2.314414978,3.3,,,,,,,,,,,,
,,,,,,,,,,,,,,,,,2.493,2.320055962,3.3,,,,,,,,,,,,
,,,,,,,,,,,,,,,,,2.494,2.331337929,3.3,,,,,,,,,,,,
,,,,,,,,,,,,,,,,,2.495,2.318444252,3.3,,,,,,,,,,,,
,,,,,,,,,,,,,,,,,2.496,2.325696945,3.3,,,,,,,,,,,,
,,,,,,,,,,,,,,,,,2.497,2.32811451,3.3,,,,,,,,,,,,
,,,,,,,,,,,,,,,,,2.498,2.329726219,3.3,,,,,,,,,,,,
,,,,,,,,,,,,,,,,,2.499,2.333755493,3.3,,,,,,,,,,,,
,,,,,,,,,,,,,,,,,2.5,2.341008186,3.3,,,,,,,,,,,,
,,,,,,,,,,,,,,,,,2.501,2.341008186,3.3,,,,,,,,,,,,
,,,,,,,,,,,,,,,,,2.502,2.335367203,3.3,,,,,,,,,,,,
,,,,,,,,,,,,,,,,,2.503,2.351484299,3.3,,,,,,,,,,,,
,,,,,,,,,,,,,,,,,2.504,2.354707718,3.3,,,,,,,,,,,,
,,,,,,,,,,,,,,,,,2.505,2.359542847,3.3,,,,,,,,,,,,
,,,,,,,,,,,,,,,,,2.506,2.364377975,3.3,,,,,,,,,,,,
,,,,,,,,,,,,,,,,,2.507,2.367601395,3.3,,,,,,,,,,,,
,,,,,,,,,,,,,,,,,2.508,2.368407249,3.3,,,,,,,,,,,,
,,,,,,,,,,,,,,,,,2.509,2.369213104,3.3,,,,,,,,,,,,
,,,,,,,,,,,,,,,,,2.51,2.369213104,3.3,,,,,,,,,,,,
,,,,,,,,,,,,,,,,,2.511,2.897047997,3.3,,,,,,,,,,,,
,,,,,,,,,,,,,,,,,2.512,2.901883125,3.3,,,,,,,,,,,,
,,,,,,,,,,,,,,,,,2.513,2.906718254,3.3,,,,,,,,,,,,
,,,,,,,,,,,,,,,,,2.514,2.908329964,3.3,,,,,,,,,,,,
,,,,,,,,,,,,,,,,,2.515,2.918000221,3.3,,,,,,,,,,,,
,,,,,,,,,,,,,,,,,2.516,2.916388512,3.3,,,,,,,,,,,,
,,,,,,,,,,,,,,,,,2.517,2.92283535,3.3,,,,,,,,,,,,
,,,,,,,,,,,,,,,,,2.518,2.926058769,3.3,,,,,,,,,,,,
,,,,,,,,,,,,,,,,,2.519,2.936534882,3.3,,,,,,,,,,,,
,,,,,,,,,,,,,,,,,2.52,2.930893898,3.3,,,,,,,,,,,,
,,,,,,,,,,,,,,,,,2.521,2.938952446,3.3,,,,,,,,,,,,
,,,,,,,,,,,,,,,,,2.522,2.937340736,3.3,,,,,,,,,,,,
,,,,,,,,,,,,,,,,,2.523,2.945399284,3.3,,,,,,,,,,,,
,,,,,,,,,,,,,,,,,2.524,2.950234413,3.3,,,,,,,,,,,,
,,,,,,,,,,,,,,,,,2.525,2.959904671,3.3,,,,,,,,,,,,
,,,,,,,,,,,,,,,,,2.526,2.943787575,3.3,,,,,,,,,,,,
,,,,,,,,,,,,,,,,,2.527,2.951846123,3.3,,,,,,,,,,,,
,,,,,,,,,,,,,,,,,2.528,2.953457832,3.3,,,,,,,,,,,,
,,,,,,,,,,,,,,,,,2.529,2.953457832,3.3,,,,,,,,,,,,
,,,,,,,,,,,,,,,,,2.53,2.950234413,3.3,,,,,,,,,,,,
,,,,,,,,,,,,,,,,,2.531,2.963933945,3.3,,,,,,,,,,,,
,,,,,,,,,,,,,,,,,2.532,2.966351509,3.3,,,,,,,,,,,,
,,,,,,,,,,,,,,,,,2.533,2.974410057,3.3,,,,,,,,,,,,
,,,,,,,,,,,,,,,,,2.534,2.974410057,3.3,,,,,,,,,,,,
,,,,,,,,,,,,,,,,,2.535,2.972798347,3.3,,,,,,,,,,,,
,,,,,,,,,,,,,,,,,2.536,2.977633476,3.3,,,,,,,,,,,,
,,,,,,,,,,,,,,,,,2.537,2.980051041,3.3,,,,,,,,,,,,
,,,,,,,,,,,,,,,,,2.538,2.988915443,3.3,,,,,,,,,,,,
,,,,,,,,,,,,,,,,,2.539,2.989721298,3.3,,,,,,,,,,,,
,,,,,,,,,,,,,,,,,2.54,2.996168137,3.3,,,,,,,,,,,,
,,,,,,,,,,,,,,,,,2.541,3.005032539,3.3,,,,,,,,,,,,
,,,,,,,,,,,,,,,,,2.542,3.00180912,3.3,,,,,,,,,,,,
,,,,,,,,,,,,,,,,,2.543,3.009867668,3.3,,,,,,,,,,,,
,,,,,,,,,,,,,,,,,2.544,3.010673523,3.3,,,,,,,,,,,,
,,,,,,,,,,,,,,,,,2.545,3.012285233,3.3,,,,,,,,,,,,
,,,,,,,,,,,,,,,,,2.546,3.029208183,3.3,,,,,,,,,,,,
,,,,,,,,,,,,,,,,,2.547,3.012285233,3.3,,,,,,,,,,,,
,,,,,,,,,,,,,,,,,2.548,3.027596474,3.3,,,,,,,,,,,,
,,,,,,,,,,,,,,,,,2.549,3.02195549,3.3,,,,,,,,,,,,
,,,,,,,,,,,,,,,,,2.55,3.0235672,3.3,,,,,,,,,,,,
,,,,,,,,,,,,,,,,,2.551,3.037266731,3.3,,,,,,,,,,,,
,,,,,,,,,,,,,,,,,2.552,3.034043312,3.3,,,,,,,,,,,,
,,,,,,,,,,,,,,,,,2.553,3.04210186,3.3,,,,,,,,,,,,
,,,,,,,,,,,,,,,,,2.554,3.046936989,3.3,,,,,,,,,,,,
,,,,,,,,,,,,,,,,,2.555,3.045325279,3.3,,,,,,,,,,,,
,,,,,,,,,,,,,,,,,2.556,3.046131134,3.3,,,,,,,,,,,,
,,,,,,,,,,,,,,,,,2.557,3.050966263,3.3,,,,,,,,,,,,
,,,,,,,,,,,,,,,,,2.558,3.046131134,3.3,,,,,,,,,,,,
,,,,,,,,,,,,,,,,,2.559,3.054189682,3.3,,,,,,,,,,,,
,,,,,,,,,,,,,,,,,2.56,3.06063652,3.3,,,,,,,,,,,,
,,,,,,,,,,,,,,,,,2.561,3.067889214,3.3,,,,,,,,,,,,
,,,,,,,,,,,,,,,,,2.562,3.070306778,3.3,,,,,,,,,,,,
,,,,,,,,,,,,,,,,,2.563,3.077559471,3.3,,,,,,,,,,,,
,,,,,,,,,,,,,,,,,2.564,3.079171181,3.3,,,,,,,,,,,,
,,,,,,,,,,,,,,,,,2.565,3.077559471,3.3,,,,,,,,,,,,
,,,,,,,,,,,,,,,,,2.566,3.089647293,3.3,,,,,,,,,,,,
,,,,,,,,,,,,,,,,,2.567,3.088841438,3.3,,,,,,,,,,,,
,,,,,,,,,,,,,,,,,2.568,3.085618019,3.3,,,,,,,,,,,,
,,,,,,,,,,,,,,,,,2.569,3.093676567,3.3,,,,,,,,,,,,
,,,,,,,,,,,,,,,,,2.57,3.095288277,3.3,,,,,,,,,,,,
,,,,,,,,,,,,,,,,,2.571,3.100123405,3.3,,,,,,,,,,,,
,,,,,,,,,,,,,,,,,2.572,3.096899986,3.3,,,,,,,,,,,,
,,,,,,,,,,,,,,,,,2.573,3.104958534,3.3,,,,,,,,,,,,
,,,,,,,,,,,,,,,,,2.574,3.100123405,3.3,,,,,,,,,,,,
,,,,,,,,,,,,,,,,,2.575,3.104152679,3.3,,,,,,,,,,,,
,,,,,,,,,,,,,,,,,2.576,3.104958534,3.3,,,,,,,,,,,,
,,,,,,,,,,,,,,,,,2.577,3.111405373,3.3,,,,,,,,,,,,
,,,,,,,,,,,,,,,,,2.578,3.119463921,3.3,,,,,,,,,,,,
,,,,,,,,,,,,,,,,,2.579,3.118658066,3.3,,,,,,,,,,,,
,,,,,,,,,,,,,,,,,2.58,3.118658066,3.3,,,,,,,,,,,,
,,,,,,,,,,,,,,,,,2.581,3.125910759,3.3,,,,,,,,,,,,
,,,,,,,,,,,,,,,,,2.582,3.129134178,3.3,,,,,,,,,,,,
,,,,,,,,,,,,,,,,,2.583,3.134775162,3.3,,,,,,,,,,,,
,,,,,,,,,,,,,,,,,2.584,3.133163452,3.3,,,,,,,,,,,,
,,,,,,,,,,,,,,,,,2.585,3.138804436,3.3,,,,,,,,,,,,
,,,,,,,,,,,,,,,,,2.586,3.133969307,3.3,,,,,,,,,,,,
,,,,,,,,,,,,,,,,,2.587,3.139610291,3.3,,,,,,,,,,,,
,,,,,,,,,,,,,,,,,2.588,3.146057129,3.3,,,,,,,,,,,,
,,,,,,,,,,,,,,,,,2.589,3.145251274,3.3,,,,,,,,,,,,
,,,,,,,,,,,,,,,,,2.59,3.150892258,3.3,,,,,,,,,,,,
,,,,,,,,,,,,,,,,,2.591,3.157339096,3.3,,,,,,,,,,,,
,,,,,,,,,,,,,,,,,2.592,3.158950806,3.3,,,,,,,,,,,,
,,,,,,,,,,,,,,,,,2.593,3.163785934,3.3,,,,,,,,,,,,
,,,,,,,,,,,,,,,,,2.594,3.165397644,3.3,,,,,,,,,,,,
,,,,,,,,,,,,,,,,,2.595,3.167815208,3.3,,,,,,,,,,,,
,,,,,,,,,,,,,,,,,2.596,3.169426918,3.3,,,,,,,,,,,,
,,,,,,,,,,,,,,,,,2.597,3.175873756,3.3,,,,,,,,,,,,
,,,,,,,,,,,,,,,,,2.598,3.177485466,3.3,,,,,,,,,,,,
,,,,,,,,,,,,,,,,,2.599,3.184738159,3.3,,,,,,,,,,,,
,,,,,,,,,,,,,,,,,2.6,3.189573288,3.3,,,,,,,,,,,,
,,,,,,,,,,,,,,,,,2.601,3.187961578,3.3,,,,,,,,,,,,
,,,,,,,,,,,,,,,,,2.602,3.188767433,3.3,,,,,,,,,,,,
,,,,,,,,,,,,,,,,,2.603,3.187961578,3.3,,,,,,,,,,,,
,,,,,,,,,,,,,,,,,2.604,3.187961578,3.3,,,,,,,,,,,,
,,,,,,,,,,,,,,,,,2.605,3.195214272,3.3,,,,,,,,,,,,
,,,,,,,,,,,,,,,,,2.606,3.196020126,3.3,,,,,,,,,,,,
,,,,,,,,,,,,,,,,,2.607,3.20166111,3.3,,,,,,,,,,,,
,,,,,,,,,,,,,,,,,2.608,3.206496239,3.3,,,,,,,,,,,,
,,,,,,,,,,,,,,,,,2.609,3.208107948,3.3,,,,,,,,,,,,
,,,,,,,,,,,,,,,,,2.61,3.216166496,3.3,,,,,,,,,,,,
,,,,,,,,,,,,,,,,,2.611,3.218584061,3.3,,,,,,,,,,,,
,,,,,,,,,,,,,,,,,2.612,3.228254318,3.3,,,,,,,,,,,,
,,,,,,,,,,,,,,,,,2.613,3.227448463,3.3,,,,,,,,,,,,
,,,,,,,,,,,,,,,,,2.614,3.227448463,3.3,,,,,,,,,,,,
,,,,,,,,,,,,,,,,,2.615,3.229060173,3.3,,,,,,,,,,,,
,,,,,,,,,,,,,,,,,2.616,3.227448463,3.3,,,,,,,,,,,,
,,,,,,,,,,,,,,,,,2.617,3.233895302,3.3,,,,,,,,,,,,
,,,,,,,,,,,,,,,,,2.618,3.237118721,3.3,,,,,,,,,,,,
,,,,,,,,,,,,,,,,,2.619,3.235507011,3.3,,,,,,,,,,,,
,,,,,,,,,,,,,,,,,2.62,3.237924576,3.3,,,,,,,,,,,,
,,,,,,,,,,,,,,,,,2.621,3.239536285,3.3,,,,,,,,,,,,
,,,,,,,,,,,,,,,,,2.622,3.24195385,3.3,,,,,,,,,,,,
,,,,,,,,,,,,,,,,,2.623,3.244371414,3.3,,,,,,,,,,,,
,,,,,,,,,,,,,,,,,2.624,3.241147995,3.3,,,,,,,,,,,,
,,,,,,,,,,,,,,,,,2.625,3.24034214,3.3,,,,,,,,,,,,
,,,,,,,,,,,,,,,,,2.626,3.24195385,3.3,,,,,,,,,,,,
,,,,,,,,,,,,,,,,,2.627,3.243565559,3.3,,,,,,,,,,,,
,,,,,,,,,,,,,,,,,2.628,3.242759705,3.3,,,,,,,,,,,,
,,,,,,,,,,,,,,,,,2.629,3.242759705,3.3,,,,,,,,,,,,
,,,,,,,,,,,,,,,,,2.63,3.245177269,3.3,,,,,,,,,,,,
,,,,,,,,,,,,,,,,,2.631,3.243565559,3.3,,,,,,,,,,,,
,,,,,,,,,,,,,,,,,2.632,3.245177269,3.3,,,,,,,,,,,,
,,,,,,,,,,,,,,,,,2.633,3.244371414,3.3,,,,,,,,,,,,
,,,,,,,,,,,,,,,,,2.634,3.244371414,3.3,,,,,,,,,,,,
,,,,,,,,,,,,,,,,,2.635,3.24195385,3.3,,,,,,,,,,,,
,,,,,,,,,,,,,,,,,2.636,3.245177269,3.3,,,,,,,,,,,,
,,,,,,,,,,,,,,,,,2.637,3.249206543,3.3,,,,,,,,,,,,
,,,,,,,,,,,,,,,,,2.638,3.244371414,3.3,,,,,,,,,,,,
,,,,,,,,,,,,,,,,,2.639,3.245983124,3.3,,,,,,,,,,,,
,,,,,,,,,,,,,,,,,2.64,3.245177269,3.3,,,,,,,,,,,,
,,,,,,,,,,,,,,,,,2.641,3.245177269,3.3,,,,,,,,,,,,
,,,,,,,,,,,,,,,,,2.642,3.245177269,3.3,,,,,,,,,,,,
,,,,,,,,,,,,,,,,,2.643,3.245177269,3.3,,,,,,,,,,,,
,,,,,,,,,,,,,,,,,2.644,3.244371414,3.3,,,,,,,,,,,,
,,,,,,,,,,,,,,,,,2.645,3.245177269,3.3,,,,,,,,,,,,
,,,,,,,,,,,,,,,,,2.646,3.245177269,3.3,,,,,,,,,,,,
,,,,,,,,,,,,,,,,,2.647,3.244371414,3.3,,,,,,,,,,,,
,,,,,,,,,,,,,,,,,2.648,3.245177269,3.3,,,,,,,,,,,,
,,,,,,,,,,,,,,,,,2.649,3.245177269,3.3,,,,,,,,,,,,
,,,,,,,,,,,,,,,,,2.65,3.244371414,3.3,,,,,,,,,,,,
,,,,,,,,,,,,,,,,,2.651,3.246788979,3.3,,,,,,,,,,,,
,,,,,,,,,,,,,,,,,2.652,3.245177269,3.3,,,,,,,,,,,,
,,,,,,,,,,,,,,,,,2.653,3.244371414,3.3,,,,,,,,,,,,
,,,,,,,,,,,,,,,,,2.654,3.245177269,3.3,,,,,,,,,,,,
,,,,,,,,,,,,,,,,,2.655,3.245177269,3.3,,,,,,,,,,,,
,,,,,,,,,,,,,,,,,2.656,3.245177269,3.3,,,,,,,,,,,,
,,,,,,,,,,,,,,,,,2.657,3.245177269,3.3,,,,,,,,,,,,
,,,,,,,,,,,,,,,,,2.658,3.244371414,3.3,,,,,,,,,,,,
,,,,,,,,,,,,,,,,,2.659,3.243565559,3.3,,,,,,,,,,,,
,,,,,,,,,,,,,,,,,2.66,3.245177269,3.3,,,,,,,,,,,,
,,,,,,,,,,,,,,,,,2.661,3.246788979,3.3,,,,,,,,,,,,
,,,,,,,,,,,,,,,,,2.662,3.245177269,3.3,,,,,,,,,,,,
,,,,,,,,,,,,,,,,,2.663,3.242759705,3.3,,,,,,,,,,,,
,,,,,,,,,,,,,,,,,2.664,3.24034214,3.3,,,,,,,,,,,,
,,,,,,,,,,,,,,,,,2.665,3.245983124,3.3,,,,,,,,,,,,
,,,,,,,,,,,,,,,,,2.666,3.244371414,3.3,,,,,,,,,,,,
,,,,,,,,,,,,,,,,,2.667,3.245983124,3.3,,,,,,,,,,,,
,,,,,,,,,,,,,,,,,2.668,3.246788979,3.3,,,,,,,,,,,,
,,,,,,,,,,,,,,,,,2.669,3.242759705,3.3,,,,,,,,,,,,
,,,,,,,,,,,,,,,,,2.67,3.249206543,3.3,,,,,,,,,,,,
,,,,,,,,,,,,,,,,,2.671,3.245177269,3.3,,,,,,,,,,,,
,,,,,,,,,,,,,,,,,2.672,3.244371414,3.3,,,,,,,,,,,,
,,,,,,,,,,,,,,,,,2.673,3.244371414,3.3,,,,,,,,,,,,
,,,,,,,,,,,,,,,,,2.674,3.245177269,3.3,,,,,,,,,,,,
,,,,,,,,,,,,,,,,,2.675,3.245177269,3.3,,,,,,,,,,,,
,,,,,,,,,,,,,,,,,2.676,3.247594833,3.3,,,,,,,,,,,,
,,,,,,,,,,,,,,,,,2.677,3.248400688,3.3,,,,,,,,,,,,
,,,,,,,,,,,,,,,,,2.678,3.24034214,3.3,,,,,,,,,,,,
,,,,,,,,,,,,,,,,,2.679,3.245177269,3.3,,,,,,,,,,,,
,,,,,,,,,,,,,,,,,2.68,3.245177269,3.3,,,,,,,,,,,,
,,,,,,,,,,,,,,,,,2.681,3.245983124,3.3,,,,,,,,,,,,
,,,,,,,,,,,,,,,,,2.682,3.245177269,3.3,,,,,,,,,,,,
,,,,,,,,,,,,,,,,,2.683,3.24034214,3.3,,,,,,,,,,,,
,,,,,,,,,,,,,,,,,2.684,3.245177269,3.3,,,,,,,,,,,,
,,,,,,,,,,,,,,,,,2.685,3.24034214,3.3,,,,,,,,,,,,
,,,,,,,,,,,,,,,,,2.686,3.250818253,3.3,,,,,,,,,,,,
,,,,,,,,,,,,,,,,,2.687,3.24034214,3.3,,,,,,,,,,,,
,,,,,,,,,,,,,,,,,2.688,3.245177269,3.3,,,,,,,,,,,,
,,,,,,,,,,,,,,,,,2.689,3.24195385,3.3,,,,,,,,,,,,
,,,,,,,,,,,,,,,,,2.69,3.245177269,3.3,,,,,,,,,,,,
,,,,,,,,,,,,,,,,,2.691,3.245177269,3.3,,,,,,,,,,,,
,,,,,,,,,,,,,,,,,2.692,3.245177269,3.3,,,,,,,,,,,,
,,,,,,,,,,,,,,,,,2.693,3.245177269,3.3,,,,,,,,,,,,
,,,,,,,,,,,,,,,,,2.694,3.245177269,3.3,,,,,,,,,,,,
,,,,,,,,,,,,,,,,,2.695,3.244371414,3.3,,,,,,,,,,,,
,,,,,,,,,,,,,,,,,2.696,3.24195385,3.3,,,,,,,,,,,,
,,,,,,,,,,,,,,,,,2.697,3.243565559,3.3,,,,,,,,,,,,
,,,,,,,,,,,,,,,,,2.698,3.245177269,3.3,,,,,,,,,,,,
,,,,,,,,,,,,,,,,,2.699,3.243565559,3.3,,,,,,,,,,,,
,,,,,,,,,,,,,,,,,2.7,3.24195385,3.3,,,,,,,,,,,,
,,,,,,,,,,,,,,,,,2.701,3.250818253,3.3,,,,,,,,,,,,
,,,,,,,,,,,,,,,,,2.702,3.245983124,3.3,,,,,,,,,,,,
,,,,,,,,,,,,,,,,,2.703,3.245177269,3.3,,,,,,,,,,,,
,,,,,,,,,,,,,,,,,2.704,3.245177269,3.3,,,,,,,,,,,,
,,,,,,,,,,,,,,,,,2.705,3.245177269,3.3,,,,,,,,,,,,
,,,,,,,,,,,,,,,,,2.706,3.242759705,3.3,,,,,,,,,,,,
,,,,,,,,,,,,,,,,,2.707,3.250012398,3.3,,,,,,,,,,,,
,,,,,,,,,,,,,,,,,2.708,3.243565559,3.3,,,,,,,,,,,,
,,,,,,,,,,,,,,,,,2.709,3.250818253,3.3,,,,,,,,,,,,
,,,,,,,,,,,,,,,,,2.71,3.245177269,3.3,,,,,,,,,,,,
,,,,,,,,,,,,,,,,,2.711,3.243565559,3.3,,,,,,,,,,,,
,,,,,,,,,,,,,,,,,2.712,3.245177269,3.3,,,,,,,,,,,,
,,,,,,,,,,,,,,,,,2.713,3.245983124,3.3,,,,,,,,,,,,
,,,,,,,,,,,,,,,,,2.714,3.244371414,3.3,,,,,,,,,,,,
,,,,,,,,,,,,,,,,,2.715,3.251624107,3.3,,,,,,,,,,,,
,,,,,,,,,,,,,,,,,2.716,3.245177269,3.3,,,,,,,,,,,,
,,,,,,,,,,,,,,,,,2.717,3.245983124,3.3,,,,,,,,,,,,
,,,,,,,,,,,,,,,,,2.718,3.244371414,3.3,,,,,,,,,,,,
,,,,,,,,,,,,,,,,,2.719,3.246788979,3.3,,,,,,,,,,,,
,,,,,,,,,,,,,,,,,2.72,3.245177269,3.3,,,,,,,,,,,,
,,,,,,,,,,,,,,,,,2.721,3.245177269,3.3,,,,,,,,,,,,
,,,,,,,,,,,,,,,,,2.722,3.245177269,3.3,,,,,,,,,,,,
,,,,,,,,,,,,,,,,,2.723,3.245983124,3.3,,,,,,,,,,,,
,,,,,,,,,,,,,,,,,2.724,3.245177269,3.3,,,,,,,,,,,,
,,,,,,,,,,,,,,,,,2.725,3.245177269,3.3,,,,,,,,,,,,
,,,,,,,,,,,,,,,,,2.726,3.244371414,3.3,,,,,,,,,,,,
,,,,,,,,,,,,,,,,,2.727,3.245177269,3.3,,,,,,,,,,,,
,,,,,,,,,,,,,,,,,2.728,3.246788979,3.3,,,,,,,,,,,,
,,,,,,,,,,,,,,,,,2.729,3.244371414,3.3,,,,,,,,,,,,
,,,,,,,,,,,,,,,,,2.73,3.238730431,3.3,,,,,,,,,,,,
,,,,,,,,,,,,,,,,,2.731,3.245177269,3.3,,,,,,,,,,,,
,,,,,,,,,,,,,,,,,2.732,3.245177269,3.3,,,,,,,,,,,,
,,,,,,,,,,,,,,,,,2.733,3.245983124,3.3,,,,,,,,,,,,
,,,,,,,,,,,,,,,,,2.734,3.245177269,3.3,,,,,,,,,,,,
,,,,,,,,,,,,,,,,,2.735,3.243565559,3.3,,,,,,,,,,,,
,,,,,,,,,,,,,,,,,2.736,3.245177269,3.3,,,,,,,,,,,,
,,,,,,,,,,,,,,,,,2.737,3.247594833,3.3,,,,,,,,,,,,
,,,,,,,,,,,,,,,,,2.738,3.246788979,3.3,,,,,,,,,,,,
,,,,,,,,,,,,,,,,,2.739,3.246788979,3.3,,,,,,,,,,,,
,,,,,,,,,,,,,,,,,2.74,3.245983124,3.3,,,,,,,,,,,,
,,,,,,,,,,,,,,,,,2.741,3.245983124,3.3,,,,,,,,,,,,
,,,,,,,,,,,,,,,,,2.742,3.245177269,3.3,,,,,,,,,,,,
,,,,,,,,,,,,,,,,,2.743,3.245177269,3.3,,,,,,,,,,,,
,,,,,,,,,,,,,,,,,2.744,3.245177269,3.3,,,,,,,,,,,,
,,,,,,,,,,,,,,,,,2.745,3.243565559,3.3,,,,,,,,,,,,
,,,,,,,,,,,,,,,,,2.746,3.24195385,3.3,,,,,,,,,,,,
,,,,,,,,,,,,,,,,,2.747,3.244371414,3.3,,,,,,,,,,,,
,,,,,,,,,,,,,,,,,2.748,3.243565559,3.3,,,,,,,,,,,,
,,,,,,,,,,,,,,,,,2.749,3.245177269,3.3,,,,,,,,,,,,
,,,,,,,,,,,,,,,,,2.75,3.244371414,3.3,,,,,,,,,,,,
,,,,,,,,,,,,,,,,,2.751,3.245177269,3.3,,,,,,,,,,,,
,,,,,,,,,,,,,,,,,2.752,3.245177269,3.3,,,,,,,,,,,,
,,,,,,,,,,,,,,,,,2.753,3.238730431,3.3,,,,,,,,,,,,
,,,,,,,,,,,,,,,,,2.754,3.250818253,3.3,,,,,,,,,,,,
,,,,,,,,,,,,,,,,,2.755,3.245177269,3.3,,,,,,,,,,,,
,,,,,,,,,,,,,,,,,2.756,3.243565559,3.3,,,,,,,,,,,,
,,,,,,,,,,,,,,,,,2.757,3.243565559,3.3,,,,,,,,,,,,
,,,,,,,,,,,,,,,,,2.758,3.242759705,3.3,,,,,,,,,,,,
,,,,,,,,,,,,,,,,,2.759,3.244371414,3.3,,,,,,,,,,,,
,,,,,,,,,,,,,,,,,2.76,3.243565559,3.3,,,,,,,,,,,,
,,,,,,,,,,,,,,,,,2.761,3.244371414,3.3,,,,,,,,,,,,
,,,,,,,,,,,,,,,,,2.762,3.245177269,3.3,,,,,,,,,,,,
,,,,,,,,,,,,,,,,,2.763,3.246788979,3.3,,,,,,,,,,,,
,,,,,,,,,,,,,,,,,2.764,3.24195385,3.3,,,,,,,,,,,,
,,,,,,,,,,,,,,,,,2.765,3.245983124,3.3,,,,,,,,,,,,
,,,,,,,,,,,,,,,,,2.766,3.245177269,3.3,,,,,,,,,,,,
,,,,,,,,,,,,,,,,,2.767,3.245177269,3.3,,,,,,,,,,,,
,,,,,,,,,,,,,,,,,2.768,3.245177269,3.3,,,,,,,,,,,,
,,,,,,,,,,,,,,,,,2.769,3.250818253,3.3,,,,,,,,,,,,
,,,,,,,,,,,,,,,,,2.77,3.245983124,3.3,,,,,,,,,,,,
,,,,,,,,,,,,,,,,,2.771,3.244371414,3.3,,,,,,,,,,,,
,,,,,,,,,,,,,,,,,2.772,3.246788979,3.3,,,,,,,,,,,,
,,,,,,,,,,,,,,,,,2.773,3.242759705,3.3,,,,,,,,,,,,
,,,,,,,,,,,,,,,,,2.774,3.247594833,3.3,,,,,,,,,,,,
,,,,,,,,,,,,,,,,,2.775,3.245983124,3.3,,,,,,,,,,,,
,,,,,,,,,,,,,,,,,2.776,3.245177269,3.3,,,,,,,,,,,,
,,,,,,,,,,,,,,,,,2.777,3.245177269,3.3,,,,,,,,,,,,
,,,,,,,,,,,,,,,,,2.778,3.24195385,3.3,,,,,,,,,,,,
,,,,,,,,,,,,,,,,,2.779,3.24034214,3.3,,,,,,,,,,,,
,,,,,,,,,,,,,,,,,2.78,3.245177269,3.3,,,,,,,,,,,,
,,,,,,,,,,,,,,,,,2.781,3.245983124,3.3,,,,,,,,,,,,
,,,,,,,,,,,,,,,,,2.782,3.243565559,3.3,,,,,,,,,,,,
,,,,,,,,,,,,,,,,,2.783,3.24034214,3.3,,,,,,,,,,,,
,,,,,,,,,,,,,,,,,2.784,3.24034214,3.3,,,,,,,,,,,,
,,,,,,,,,,,,,,,,,2.785,3.245177269,3.3,,,,,,,,,,,,
,,,,,,,,,,,,,,,,,2.786,3.244371414,3.3,,,,,,,,,,,,
,,,,,,,,,,,,,,,,,2.787,3.250012398,3.3,,,,,,,,,,,,
,,,,,,,,,,,,,,,,,2.788,3.245177269,3.3,,,,,,,,,,,,
,,,,,,,,,,,,,,,,,2.789,3.243565559,3.3,,,,,,,,,,,,
,,,,,,,,,,,,,,,,,2.79,3.242759705,3.3,,,,,,,,,,,,
,,,,,,,,,,,,,,,,,2.791,3.245177269,3.3,,,,,,,,,,,,
,,,,,,,,,,,,,,,,,2.792,3.245177269,3.3,,,,,,,,,,,,
,,,,,,,,,,,,,,,,,2.793,3.245177269,3.3,,,,,,,,,,,,
,,,,,,,,,,,,,,,,,2.794,3.245177269,3.3,,,,,,,,,,,,
,,,,,,,,,,,,,,,,,2.795,3.245983124,3.3,,,,,,,,,,,,
,,,,,,,,,,,,,,,,,2.796,3.245983124,3.3,,,,,,,,,,,,
,,,,,,,,,,,,,,,,,2.797,3.247594833,3.3,,,,,,,,,,,,
,,,,,,,,,,,,,,,,,2.798,3.245177269,3.3,,,,,,,,,,,,
,,,,,,,,,,,,,,,,,2.799,3.239536285,3.3,,,,,,,,,,,,
,,,,,,,,,,,,,,,,,2.8,3.248400688,3.3,,,,,,,,,,,,
,,,,,,,,,,,,,,,,,2.801,3.24034214,3.3,,,,,,,,,,,,
,,,,,,,,,,,,,,,,,2.802,3.245177269,3.3,,,,,,,,,,,,
,,,,,,,,,,,,,,,,,2.803,3.245177269,3.3,,,,,,,,,,,,
,,,,,,,,,,,,,,,,,2.804,3.244371414,3.3,,,,,,,,,,,,
,,,,,,,,,,,,,,,,,2.805,3.246788979,3.3,,,,,,,,,,,,
,,,,,,,,,,,,,,,,,2.806,3.245983124,3.3,,,,,,,,,,,,
,,,,,,,,,,,,,,,,,2.807,3.245177269,3.3,,,,,,,,,,,,
,,,,,,,,,,,,,,,,,2.808,3.245983124,3.3,,,,,,,,,,,,
,,,,,,,,,,,,,,,,,2.809,3.247594833,3.3,,,,,,,,,,,,
,,,,,,,,,,,,,,,,,2.81,3.246788979,3.3,,,,,,,,,,,,
,,,,,,,,,,,,,,,,,2.811,3.245983124,3.3,,,,,,,,,,,,
,,,,,,,,,,,,,,,,,2.812,3.245983124,3.3,,,,,,,,,,,,
,,,,,,,,,,,,,,,,,2.813,3.243565559,3.3,,,,,,,,,,,,
,,,,,,,,,,,,,,,,,2.814,3.248400688,3.3,,,,,,,,,,,,
,,,,,,,,,,,,,,,,,2.815,3.245177269,3.3,,,,,,,,,,,,
,,,,,,,,,,,,,,,,,2.816,3.248400688,3.3,,,,,,,,,,,,
,,,,,,,,,,,,,,,,,2.817,3.245177269,3.3,,,,,,,,,,,,
,,,,,,,,,,,,,,,,,2.818,3.245177269,3.3,,,,,,,,,,,,
,,,,,,,,,,,,,,,,,2.819,3.250818253,3.3,,,,,,,,,,,,
,,,,,,,,,,,,,,,,,2.82,3.245177269,3.3,,,,,,,,,,,,
,,,,,,,,,,,,,,,,,2.821,3.245177269,3.3,,,,,,,,,,,,
,,,,,,,,,,,,,,,,,2.822,3.245177269,3.3,,,,,,,,,,,,
,,,,,,,,,,,,,,,,,2.823,3.245177269,3.3,,,,,,,,,,,,
,,,,,,,,,,,,,,,,,2.824,3.246788979,3.3,,,,,,,,,,,,
,,,,,,,,,,,,,,,,,2.825,3.245177269,3.3,,,,,,,,,,,,
,,,,,,,,,,,,,,,,,2.826,3.247594833,3.3,,,,,,,,,,,,
,,,,,,,,,,,,,,,,,2.827,3.244371414,3.3,,,,,,,,,,,,
,,,,,,,,,,,,,,,,,2.828,3.244371414,3.3,,,,,,,,,,,,
,,,,,,,,,,,,,,,,,2.829,3.246788979,3.3,,,,,,,,,,,,
,,,,,,,,,,,,,,,,,2.83,3.245177269,3.3,,,,,,,,,,,,
,,,,,,,,,,,,,,,,,2.831,3.244371414,3.3,,,,,,,,,,,,
,,,,,,,,,,,,,,,,,2.832,3.244371414,3.3,,,,,,,,,,,,
,,,,,,,,,,,,,,,,,2.833,3.245177269,3.3,,,,,,,,,,,,
,,,,,,,,,,,,,,,,,2.834,3.245177269,3.3,,,,,,,,,,,,
,,,,,,,,,,,,,,,,,2.835,3.244371414,3.3,,,,,,,,,,,,
,,,,,,,,,,,,,,,,,2.836,3.245177269,3.3,,,,,,,,,,,,
,,,,,,,,,,,,,,,,,2.837,3.245177269,3.3,,,,,,,,,,,,
,,,,,,,,,,,,,,,,,2.838,3.243565559,3.3,,,,,,,,,,,,
,,,,,,,,,,,,,,,,,2.839,3.245177269,3.3,,,,,,,,,,,,
,,,,,,,,,,,,,,,,,2.84,3.245177269,3.3,,,,,,,,,,,,
,,,,,,,,,,,,,,,,,2.841,3.244371414,3.3,,,,,,,,,,,,
,,,,,,,,,,,,,,,,,2.842,3.24195385,3.3,,,,,,,,,,,,
,,,,,,,,,,,,,,,,,2.843,3.243565559,3.3,,,,,,,,,,,,
,,,,,,,,,,,,,,,,,2.844,3.24034214,3.3,,,,,,,,,,,,
,,,,,,,,,,,,,,,,,2.845,3.243565559,3.3,,,,,,,,,,,,
,,,,,,,,,,,,,,,,,2.846,3.247594833,3.3,,,,,,,,,,,,
,,,,,,,,,,,,,,,,,2.847,3.243565559,3.3,,,,,,,,,,,,
,,,,,,,,,,,,,,,,,2.848,3.245983124,3.3,,,,,,,,,,,,
,,,,,,,,,,,,,,,,,2.849,3.247594833,3.3,,,,,,,,,,,,
,,,,,,,,,,,,,,,,,2.85,3.245177269,3.3,,,,,,,,,,,,
,,,,,,,,,,,,,,,,,2.851,3.245177269,3.3,,,,,,,,,,,,
,,,,,,,,,,,,,,,,,2.852,3.247594833,3.3,,,,,,,,,,,,
,,,,,,,,,,,,,,,,,2.853,3.245177269,3.3,,,,,,,,,,,,
,,,,,,,,,,,,,,,,,2.854,3.250818253,3.3,,,,,,,,,,,,
,,,,,,,,,,,,,,,,,2.855,3.246788979,3.3,,,,,,,,,,,,
,,,,,,,,,,,,,,,,,2.856,3.244371414,3.3,,,,,,,,,,,,
,,,,,,,,,,,,,,,,,2.857,3.245177269,3.3,,,,,,,,,,,,
,,,,,,,,,,,,,,,,,2.858,3.247594833,3.3,,,,,,,,,,,,
,,,,,,,,,,,,,,,,,2.859,3.245983124,3.3,,,,,,,,,,,,
,,,,,,,,,,,,,,,,,2.86,3.245177269,3.3,,,,,,,,,,,,
,,,,,,,,,,,,,,,,,2.861,3.24195385,3.3,,,,,,,,,,,,
,,,,,,,,,,,,,,,,,2.862,3.245983124,3.3,,,,,,,,,,,,
,,,,,,,,,,,,,,,,,2.863,3.245177269,3.3,,,,,,,,,,,,
,,,,,,,,,,,,,,,,,2.864,3.250818253,3.3,,,,,,,,,,,,
,,,,,,,,,,,,,,,,,2.865,3.246788979,3.3,,,,,,,,,,,,
,,,,,,,,,,,,,,,,,2.866,3.245177269,3.3,,,,,,,,,,,,
,,,,,,,,,,,,,,,,,2.867,3.245177269,3.3,,,,,,,,,,,,
,,,,,,,,,,,,,,,,,2.868,3.244371414,3.3,,,,,,,,,,,,
,,,,,,,,,,,,,,,,,2.869,3.243565559,3.3,,,,,,,,,,,,
,,,,,,,,,,,,,,,,,2.87,3.246788979,3.3,,,,,,,,,,,,
,,,,,,,,,,,,,,,,,2.871,3.243565559,3.3,,,,,,,,,,,,
,,,,,,,,,,,,,,,,,2.872,3.244371414,3.3,,,,,,,,,,,,
,,,,,,,,,,,,,,,,,2.873,3.245177269,3.3,,,,,,,,,,,,
,,,,,,,,,,,,,,,,,2.874,3.246788979,3.3,,,,,,,,,,,,
,,,,,,,,,,,,,,,,,2.875,3.24195385,3.3,,,,,,,,,,,,
,,,,,,,,,,,,,,,,,2.876,3.245177269,3.3,,,,,,,,,,,,
,,,,,,,,,,,,,,,,,2.877,3.247594833,3.3,,,,,,,,,,,,
,,,,,,,,,,,,,,,,,2.878,3.24195385,3.3,,,,,,,,,,,,
,,,,,,,,,,,,,,,,,2.879,3.245177269,3.3,,,,,,,,,,,,
,,,,,,,,,,,,,,,,,2.88,3.248400688,3.3,,,,,,,,,,,,
,,,,,,,,,,,,,,,,,2.881,3.244371414,3.3,,,,,,,,,,,,
,,,,,,,,,,,,,,,,,2.882,3.245177269,3.3,,,,,,,,,,,,
,,,,,,,,,,,,,,,,,2.883,3.244371414,3.3,,,,,,,,,,,,
,,,,,,,,,,,,,,,,,2.884,3.249206543,3.3,,,,,,,,,,,,
,,,,,,,,,,,,,,,,,2.885,3.244371414,3.3,,,,,,,,,,,,
,,,,,,,,,,,,,,,,,2.886,3.242759705,3.3,,,,,,,,,,,,
,,,,,,,,,,,,,,,,,2.887,3.246788979,3.3,,,,,,,,,,,,
,,,,,,,,,,,,,,,,,2.888,3.245177269,3.3,,,,,,,,,,,,
,,,,,,,,,,,,,,,,,2.889,3.246788979,3.3,,,,,,,,,,,,
,,,,,,,,,,,,,,,,,2.89,3.243565559,3.3,,,,,,,,,,,,
,,,,,,,,,,,,,,,,,2.891,3.248400688,3.3,,,,,,,,,,,,
,,,,,,,,,,,,,,,,,2.892,3.245177269,3.3,,,,,,,,,,,,
,,,,,,,,,,,,,,,,,2.893,3.245177269,3.3,,,,,,,,,,,,
,,,,,,,,,,,,,,,,,2.894,3.245983124,3.3,,,,,,,,,,,,
,,,,,,,,,,,,,,,,,2.895,3.244371414,3.3,,,,,,,,,,,,
,,,,,,,,,,,,,,,,,2.896,3.243565559,3.3,,,,,,,,,,,,
,,,,,,,,,,,,,,,,,2.897,3.245177269,3.3,,,,,,,,,,,,
,,,,,,,,,,,,,,,,,2.898,3.245177269,3.3,,,,,,,,,,,,
,,,,,,,,,,,,,,,,,2.899,3.245177269,3.3,,,,,,,,,,,,
,,,,,,,,,,,,,,,,,2.9,3.239536285,3.3,,,,,,,,,,,,
,,,,,,,,,,,,,,,,,2.901,3.245177269,3.3,,,,,,,,,,,,
,,,,,,,,,,,,,,,,,2.902,3.245177269,3.3,,,,,,,,,,,,
,,,,,,,,,,,,,,,,,2.903,3.24195385,3.3,,,,,,,,,,,,
,,,,,,,,,,,,,,,,,2.904,3.241147995,3.3,,,,,,,,,,,,
,,,,,,,,,,,,,,,,,2.905,3.243565559,3.3,,,,,,,,,,,,
,,,,,,,,,,,,,,,,,2.906,3.245177269,3.3,,,,,,,,,,,,
,,,,,,,,,,,,,,,,,2.907,3.250012398,3.3,,,,,,,,,,,,
,,,,,,,,,,,,,,,,,2.908,3.245983124,3.3,,,,,,,,,,,,
,,,,,,,,,,,,,,,,,2.909,3.243565559,3.3,,,,,,,,,,,,
,,,,,,,,,,,,,,,,,2.91,3.243565559,3.3,,,,,,,,,,,,
,,,,,,,,,,,,,,,,,2.911,3.24034214,3.3,,,,,,,,,,,,
,,,,,,,,,,,,,,,,,2.912,3.246788979,3.3,,,,,,,,,,,,
,,,,,,,,,,,,,,,,,2.913,3.244371414,3.3,,,,,,,,,,,,
,,,,,,,,,,,,,,,,,2.914,3.248400688,3.3,,,,,,,,,,,,
,,,,,,,,,,,,,,,,,2.915,3.244371414,3.3,,,,,,,,,,,,
,,,,,,,,,,,,,,,,,2.916,3.245177269,3.3,,,,,,,,,,,,
,,,,,,,,,,,,,,,,,2.917,3.245177269,3.3,,,,,,,,,,,,
,,,,,,,,,,,,,,,,,2.918,3.245177269,3.3,,,,,,,,,,,,
,,,,,,,,,,,,,,,,,2.919,3.242759705,3.3,,,,,,,,,,,,
,,,,,,,,,,,,,,,,,2.92,3.24034214,3.3,,,,,,,,,,,,
,,,,,,,,,,,,,,,,,2.921,3.243565559,3.3,,,,,,,,,,,,
,,,,,,,,,,,,,,,,,2.922,3.245177269,3.3,,,,,,,,,,,,
,,,,,,,,,,,,,,,,,2.923,3.245177269,3.3,,,,,,,,,,,,
,,,,,,,,,,,,,,,,,2.924,3.245177269,3.3,,,,,,,,,,,,
,,,,,,,,,,,,,,,,,2.925,3.245983124,3.3,,,,,,,,,,,,
,,,,,,,,,,,,,,,,,2.926,3.245177269,3.3,,,,,,,,,,,,
,,,,,,,,,,,,,,,,,2.927,3.245177269,3.3,,,,,,,,,,,,
,,,,,,,,,,,,,,,,,2.928,3.245983124,3.3,,,,,,,,,,,,
,,,,,,,,,,,,,,,,,2.929,3.245177269,3.3,,,,,,,,,,,,
,,,,,,,,,,,,,,,,,2.93,3.249206543,3.3,,,,,,,,,,,,
,,,,,,,,,,,,,,,,,2.931,3.247594833,3.3,,,,,,,,,,,,
,,,,,,,,,,,,,,,,,2.932,3.244371414,3.3,,,,,,,,,,,,
,,,,,,,,,,,,,,,,,2.933,3.250818253,3.3,,,,,,,,,,,,
,,,,,,,,,,,,,,,,,2.934,3.244371414,3.3,,,,,,,,,,,,
,,,,,,,,,,,,,,,,,2.935,3.247594833,3.3,,,,,,,,,,,,
,,,,,,,,,,,,,,,,,2.936,3.245177269,3.3,,,,,,,,,,,,
,,,,,,,,,,,,,,,,,2.937,3.245983124,3.3,,,,,,,,,,,,
,,,,,,,,,,,,,,,,,2.938,3.245177269,3.3,,,,,,,,,,,,
,,,,,,,,,,,,,,,,,2.939,3.243565559,3.3,,,,,,,,,,,,
,,,,,,,,,,,,,,,,,2.94,3.245177269,3.3,,,,,,,,,,,,
,,,,,,,,,,,,,,,,,2.941,3.244371414,3.3,,,,,,,,,,,,
,,,,,,,,,,,,,,,,,2.942,3.245177269,3.3,,,,,,,,,,,,
,,,,,,,,,,,,,,,,,2.943,3.245177269,3.3,,,,,,,,,,,,
,,,,,,,,,,,,,,,,,2.944,3.241147995,3.3,,,,,,,,,,,,
,,,,,,,,,,,,,,,,,2.945,3.245177269,3.3,,,,,,,,,,,,
,,,,,,,,,,,,,,,,,2.946,3.245983124,3.3,,,,,,,,,,,,
,,,,,,,,,,,,,,,,,2.947,3.245983124,3.3,,,,,,,,,,,,
,,,,,,,,,,,,,,,,,2.948,3.244371414,3.3,,,,,,,,,,,,
,,,,,,,,,,,,,,,,,2.949,3.245177269,3.3,,,,,,,,,,,,
,,,,,,,,,,,,,,,,,2.95,3.247594833,3.3,,,,,,,,,,,,
,,,,,,,,,,,,,,,,,2.951,3.243565559,3.3,,,,,,,,,,,,
,,,,,,,,,,,,,,,,,2.952,3.245177269,3.3,,,,,,,,,,,,
,,,,,,,,,,,,,,,,,2.953,3.243565559,3.3,,,,,,,,,,,,
,,,,,,,,,,,,,,,,,2.954,3.245177269,3.3,,,,,,,,,,,,
,,,,,,,,,,,,,,,,,2.955,3.245177269,3.3,,,,,,,,,,,,
,,,,,,,,,,,,,,,,,2.956,3.246788979,3.3,,,,,,,,,,,,
,,,,,,,,,,,,,,,,,2.957,3.244371414,3.3,,,,,,,,,,,,
,,,,,,,,,,,,,,,,,2.958,3.245177269,3.3,,,,,,,,,,,,
,,,,,,,,,,,,,,,,,2.959,3.247594833,3.3,,,,,,,,,,,,
,,,,,,,,,,,,,,,,,2.96,3.245177269,3.3,,,,,,,,,,,,
,,,,,,,,,,,,,,,,,2.961,3.245177269,3.3,,,,,,,,,,,,
,,,,,,,,,,,,,,,,,2.962,3.245983124,3.3,,,,,,,,,,,,
,,,,,,,,,,,,,,,,,2.963,3.246788979,3.3,,,,,,,,,,,,
,,,,,,,,,,,,,,,,,2.964,3.245177269,3.3,,,,,,,,,,,,
,,,,,,,,,,,,,,,,,2.965,3.245983124,3.3,,,,,,,,,,,,
,,,,,,,,,,,,,,,,,2.966,3.245177269,3.3,,,,,,,,,,,,
,,,,,,,,,,,,,,,,,2.967,3.245177269,3.3,,,,,,,,,,,,
,,,,,,,,,,,,,,,,,2.968,3.245177269,3.3,,,,,,,,,,,,
,,,,,,,,,,,,,,,,,2.969,3.244371414,3.3,,,,,,,,,,,,
,,,,,,,,,,,,,,,,,2.97,3.245177269,3.3,,,,,,,,,,,,
,,,,,,,,,,,,,,,,,2.971,3.245983124,3.3,,,,,,,,,,,,
,,,,,,,,,,,,,,,,,2.972,3.245177269,3.3,,,,,,,,,,,,
,,,,,,,,,,,,,,,,,2.973,3.244371414,3.3,,,,,,,,,,,,
,,,,,,,,,,,,,,,,,2.974,3.245177269,3.3,,,,,,,,,,,,
,,,,,,,,,,,,,,,,,2.975,3.245983124,3.3,,,,,,,,,,,,
,,,,,,,,,,,,,,,,,2.976,3.248400688,3.3,,,,,,,,,,,,
,,,,,,,,,,,,,,,,,2.977,3.246788979,3.3,,,,,,,,,,,,
,,,,,,,,,,,,,,,,,2.978,3.245177269,3.3,,,,,,,,,,,,
,,,,,,,,,,,,,,,,,2.979,3.245983124,3.3,,,,,,,,,,,,
,,,,,,,,,,,,,,,,,2.98,3.245177269,3.3,,,,,,,,,,,,
,,,,,,,,,,,,,,,,,2.981,3.245177269,3.3,,,,,,,,,,,,
,,,,,,,,,,,,,,,,,2.982,3.238730431,3.3,,,,,,,,,,,,
,,,,,,,,,,,,,,,,,2.983,3.244371414,3.3,,,,,,,,,,,,
,,,,,,,,,,,,,,,,,2.984,3.245177269,3.3,,,,,,,,,,,,
,,,,,,,,,,,,,,,,,2.985,3.245177269,3.3,,,,,,,,,,,,
,,,,,,,,,,,,,,,,,2.986,3.246788979,3.3,,,,,,,,,,,,
,,,,,,,,,,,,,,,,,2.987,3.245177269,3.3,,,,,,,,,,,,
,,,,,,,,,,,,,,,,,2.988,3.245177269,3.3,,,,,,,,,,,,
,,,,,,,,,,,,,,,,,2.989,3.244371414,3.3,,,,,,,,,,,,
,,,,,,,,,,,,,,,,,2.99,3.246788979,3.3,,,,,,,,,,,,
,,,,,,,,,,,,,,,,,2.991,3.245983124,3.3,,,,,,,,,,,,
,,,,,,,,,,,,,,,,,2.992,3.245177269,3.3,,,,,,,,,,,,
,,,,,,,,,,,,,,,,,2.993,3.247594833,3.3,,,,,,,,,,,,
,,,,,,,,,,,,,,,,,2.994,3.245177269,3.3,,,,,,,,,,,,
,,,,,,,,,,,,,,,,,2.995,3.245177269,3.3,,,,,,,,,,,,
,,,,,,,,,,,,,,,,,2.996,3.245177269,3.3,,,,,,,,,,,,
,,,,,,,,,,,,,,,,,2.997,3.244371414,3.3,,,,,,,,,,,,
,,,,,,,,,,,,,,,,,2.998,3.242759705,3.3,,,,,,,,,,,,
,,,,,,,,,,,,,,,,,2.999,3.242759705,3.3,,,,,,,,,,,,
,,,,,,,,,,,,,,,,,3,3.243565559,3.3,,,,,,,,,,,,
,,,,,,,,,,,,,,,,,3.001,3.245177269,3.3,,,,,,,,,,,,
,,,,,,,,,,,,,,,,,3.002,3.245177269,3.3,,,,,,,,,,,,
,,,,,,,,,,,,,,,,,3.003,3.243565559,3.3,,,,,,,,,,,,
,,,,,,,,,,,,,,,,,3.004,3.248400688,3.3,,,,,,,,,,,,
,,,,,,,,,,,,,,,,,3.005,3.245177269,3.3,,,,,,,,,,,,
,,,,,,,,,,,,,,,,,3.006,3.244371414,3.3,,,,,,,,,,,,
,,,,,,,,,,,,,,,,,3.007,3.238730431,3.3,,,,,,,,,,,,
,,,,,,,,,,,,,,,,,3.008,3.248400688,3.3,,,,,,,,,,,,
,,,,,,,,,,,,,,,,,3.009,3.246788979,3.3,,,,,,,,,,,,
,,,,,,,,,,,,,,,,,3.01,3.244371414,3.3,,,,,,,,,,,,
,,,,,,,,,,,,,,,,,3.011,3.244371414,3.3,,,,,,,,,,,,
,,,,,,,,,,,,,,,,,3.012,3.245177269,3.3,,,,,,,,,,,,
,,,,,,,,,,,,,,,,,3.013,3.245177269,3.3,,,,,,,,,,,,
,,,,,,,,,,,,,,,,,3.014,3.245177269,3.3,,,,,,,,,,,,
,,,,,,,,,,,,,,,,,3.015,3.245983124,3.3,,,,,,,,,,,,
,,,,,,,,,,,,,,,,,3.016,3.243565559,3.3,,,,,,,,,,,,
,,,,,,,,,,,,,,,,,3.017,3.246788979,3.3,,,,,,,,,,,,
,,,,,,,,,,,,,,,,,3.018,3.245177269,3.3,,,,,,,,,,,,
,,,,,,,,,,,,,,,,,3.019,3.244371414,3.3,,,,,,,,,,,,
,,,,,,,,,,,,,,,,,3.02,3.245177269,3.3,,,,,,,,,,,,
,,,,,,,,,,,,,,,,,3.021,3.245177269,3.3,,,,,,,,,,,,
,,,,,,,,,,,,,,,,,3.022,3.244371414,3.3,,,,,,,,,,,,
,,,,,,,,,,,,,,,,,3.023,3.238730431,3.3,,,,,,,,,,,,
,,,,,,,,,,,,,,,,,3.024,3.244371414,3.3,,,,,,,,,,,,
,,,,,,,,,,,,,,,,,3.025,3.243565559,3.3,,,,,,,,,,,,
,,,,,,,,,,,,,,,,,3.026,3.243565559,3.3,,,,,,,,,,,,
,,,,,,,,,,,,,,,,,3.027,3.24195385,3.3,,,,,,,,,,,,
,,,,,,,,,,,,,,,,,3.028,3.24195385,3.3,,,,,,,,,,,,
,,,,,,,,,,,,,,,,,3.029,3.243565559,3.3,,,,,,,,,,,,
,,,,,,,,,,,,,,,,,3.03,3.24034214,3.3,,,,,,,,,,,,
,,,,,,,,,,,,,,,,,3.031,3.24195385,3.3,,,,,,,,,,,,
,,,,,,,,,,,,,,,,,3.032,3.237924576,3.3,,,,,,,,,,,,
,,,,,,,,,,,,,,,,,3.033,3.237118721,3.3,,,,,,,,,,,,
,,,,,,,,,,,,,,,,,3.034,3.232283592,3.3,,,,,,,,,,,,
,,,,,,,,,,,,,,,,,3.035,3.229060173,3.3,,,,,,,,,,,,
,,,,,,,,,,,,,,,,,3.036,3.224225044,3.3,,,,,,,,,,,,
,,,,,,,,,,,,,,,,,3.037,3.216972351,3.3,,,,,,,,,,,,
,,,,,,,,,,,,,,,,,3.038,3.216166496,3.3,,,,,,,,,,,,
,,,,,,,,,,,,,,,,,3.039,3.206496239,3.3,,,,,,,,,,,,
,,,,,,,,,,,,,,,,,3.04,3.195214272,3.3,,,,,,,,,,,,
,,,,,,,,,,,,,,,,,3.041,3.188767433,3.3,,,,,,,,,,,,
,,,,,,,,,,,,,,,,,3.042,3.187961578,3.3,,,,,,,,,,,,
,,,,,,,,,,,,,,,,,3.043,3.187155724,3.3,,,,,,,,,,,,
,,,,,,,,,,,,,,,,,3.044,3.182320595,3.3,,,,,,,,,,,,
,,,,,,,,,,,,,,,,,3.045,3.173456192,3.3,,,,,,,,,,,,
,,,,,,,,,,,,,,,,,3.046,3.167009354,3.3,,,,,,,,,,,,
,,,,,,,,,,,,,,,,,3.047,3.15975666,3.3,,,,,,,,,,,,
,,,,,,,,,,,,,,,,,3.048,3.158950806,3.3,,,,,,,,,,,,
,,,,,,,,,,,,,,,,,3.049,3.154921532,3.3,,,,,,,,,,,,
,,,,,,,,,,,,,,,,,3.05,3.139610291,3.3,,,,,,,,,,,,
,,,,,,,,,,,,,,,,,3.051,3.139610291,3.3,,,,,,,,,,,,
,,,,,,,,,,,,,,,,,3.052,3.131551743,3.3,,,,,,,,,,,,
,,,,,,,,,,,,,,,,,3.053,3.136386871,3.3,,,,,,,,,,,,
,,,,,,,,,,,,,,,,,3.054,3.128328323,3.3,,,,,,,,,,,,
,,,,,,,,,,,,,,,,,3.055,3.119463921,3.3,,,,,,,,,,,,
,,,,,,,,,,,,,,,,,3.056,3.119463921,3.3,,,,,,,,,,,,
,,,,,,,,,,,,,,,,,3.057,3.106570244,3.3,,,,,,,,,,,,
,,,,,,,,,,,,,,,,,3.058,3.098511696,3.3,,,,,,,,,,,,
,,,,,,,,,,,,,,,,,3.059,3.101735115,3.3,,,,,,,,,,,,
,,,,,,,,,,,,,,,,,3.06,3.096094131,3.3,,,,,,,,,,,,
,,,,,,,,,,,,,,,,,3.061,3.095288277,3.3,,,,,,,,,,,,
,,,,,,,,,,,,,,,,,3.062,3.088035583,3.3,,,,,,,,,,,,
,,,,,,,,,,,,,,,,,3.063,3.083200455,3.3,,,,,,,,,,,,
,,,,,,,,,,,,,,,,,3.064,3.079171181,3.3,,,,,,,,,,,,
,,,,,,,,,,,,,,,,,3.065,3.075141907,3.3,,,,,,,,,,,,
,,,,,,,,,,,,,,,,,3.066,3.075947762,3.3,,,,,,,,,,,,
,,,,,,,,,,,,,,,,,3.067,3.061442375,3.3,,,,,,,,,,,,
,,,,,,,,,,,,,,,,,3.068,3.058218956,3.3,,,,,,,,,,,,
,,,,,,,,,,,,,,,,,3.069,3.050966263,3.3,,,,,,,,,,,,
,,,,,,,,,,,,,,,,,3.07,3.050966263,3.3,,,,,,,,,,,,
,,,,,,,,,,,,,,,,,3.071,3.044519424,3.3,,,,,,,,,,,,
,,,,,,,,,,,,,,,,,3.072,3.045325279,3.3,,,,,,,,,,,,
,,,,,,,,,,,,,,,,,3.073,3.029208183,3.3,,,,,,,,,,,,
,,,,,,,,,,,,,,,,,3.074,3.027596474,3.3,,,,,,,,,,,,
,,,,,,,,,,,,,,,,,3.075,3.020343781,3.3,,,,,,,,,,,,
,,,,,,,,,,,,,,,,,3.076,3.018732071,3.3,,,,,,,,,,,,
,,,,,,,,,,,,,,,,,3.077,3.020343781,3.3,,,,,,,,,,,,
,,,,,,,,,,,,,,,,,3.078,3.014702797,3.3,,,,,,,,,,,,
,,,,,,,,,,,,,,,,,3.079,3.006644249,3.3,,,,,,,,,,,,
,,,,,,,,,,,,,,,,,3.08,3.009867668,3.3,,,,,,,,,,,,
,,,,,,,,,,,,,,,,,3.081,2.996973991,3.3,,,,,,,,,,,,
,,,,,,,,,,,,,,,,,3.082,2.992944717,3.3,,,,,,,,,,,,
,,,,,,,,,,,,,,,,,3.083,2.98327446,3.3,,,,,,,,,,,,
,,,,,,,,,,,,,,,,,3.084,2.98166275,3.3,,,,,,,,,,,,
,,,,,,,,,,,,,,,,,3.085,2.972798347,3.3,,,,,,,,,,,,
,,,,,,,,,,,,,,,,,3.086,2.973604202,3.3,,,,,,,,,,,,
,,,,,,,,,,,,,,,,,3.087,2.955069542,3.3,,,,,,,,,,,,
,,,,,,,,,,,,,,,,,3.088,2.957487106,3.3,,,,,,,,,,,,
,,,,,,,,,,,,,,,,,3.089,2.957487106,3.3,,,,,,,,,,,,
,,,,,,,,,,,,,,,,,3.09,2.949428558,3.3,,,,,,,,,,,,
,,,,,,,,,,,,,,,,,3.091,2.956681252,3.3,,,,,,,,,,,,
,,,,,,,,,,,,,,,,,3.092,2.945399284,3.3,,,,,,,,,,,,
,,,,,,,,,,,,,,,,,3.093,2.94298172,3.3,,,,,,,,,,,,
,,,,,,,,,,,,,,,,,3.094,2.94459343,3.3,,,,,,,,,,,,
,,,,,,,,,,,,,,,,,3.095,2.935729027,3.3,,,,,,,,,,,,
,,,,,,,,,,,,,,,,,3.096,2.933311462,3.3,,,,,,,,,,,,
,,,,,,,,,,,,,,,,,3.097,2.926058769,3.3,,,,,,,,,,,,
,,,,,,,,,,,,,,,,,3.098,2.905106544,3.3,,,,,,,,,,,,
,,,,,,,,,,,,,,,,,3.099,2.910747528,3.3,,,,,,,,,,,,
,,,,,,,,,,,,,,,,,3.1,2.916388512,3.3,,,,,,,,,,,,
,,,,,,,,,,,,,,,,,3.101,2.899465561,3.3,,,,,,,,,,,,
,,,,,,,,,,,,,,,,,3.102,2.895436287,3.3,,,,,,,,,,,,
,,,,,,,,,,,,,,,,,3.103,2.891407013,3.3,,,,,,,,,,,,
,,,,,,,,,,,,,,,,,3.104,2.892212868,3.3,,,,,,,,,,,,
,,,,,,,,,,,,,,,,,3.105,2.894630432,3.3,,,,,,,,,,,,
,,,,,,,,,,,,,,,,,3.106,2.880125046,3.3,,,,,,,,,,,,
,,,,,,,,,,,,,,,,,3.107,2.879319191,3.3,,,,,,,,,,,,
,,,,,,,,,,,,,,,,,3.108,2.881736755,3.3,,,,,,,,,,,,
,,,,,,,,,,,,,,,,,3.109,2.879319191,3.3,,,,,,,,,,,,
,,,,,,,,,,,,,,,,,3.11,2.874484062,3.3,,,,,,,,,,,,
,,,,,,,,,,,,,,,,,3.111,2.872066498,3.3,,,,,,,,,,,,
,,,,,,,,,,,,,,,,,3.112,2.855143547,3.3,,,,,,,,,,,,
,,,,,,,,,,,,,,,,,3.113,2.848696709,3.3,,,,,,,,,,,,
,,,,,,,,,,,,,,,,,3.114,2.854337692,3.3,,,,,,,,,,,,
,,,,,,,,,,,,,,,,,3.115,2.852725983,3.3,,,,,,,,,,,,
,,,,,,,,,,,,,,,,,3.116,2.853531837,3.3,,,,,,,,,,,,
,,,,,,,,,,,,,,,,,3.117,2.850308418,3.3,,,,,,,,,,,,
,,,,,,,,,,,,,,,,,3.118,2.853531837,3.3,,,,,,,,,,,,
,,,,,,,,,,,,,,,,,3.119,2.846279144,3.3,,,,,,,,,,,,
,,,,,,,,,,,,,,,,,3.12,2.839026451,3.3,,,,,,,,,,,,
,,,,,,,,,,,,,,,,,3.121,2.836608887,3.3,,,,,,,,,,,,
,,,,,,,,,,,,,,,,,3.122,2.835803032,3.3,,,,,,,,,,,,
,,,,,,,,,,,,,,,,,3.123,2.827744484,3.3,,,,,,,,,,,,
,,,,,,,,,,,,,,,,,3.124,2.822909355,3.3,,,,,,,,,,,,
,,,,,,,,,,,,,,,,,3.125,2.826132774,3.3,,,,,,,,,,,,
,,,,,,,,,,,,,,,,,3.126,2.822909355,3.3,,,,,,,,,,,,
,,,,,,,,,,,,,,,,,3.127,2.819685936,3.3,,,,,,,,,,,,
,,,,,,,,,,,,,,,,,3.128,2.815656662,3.3,,,,,,,,,,,,
,,,,,,,,,,,,,,,,,3.129,2.810015678,3.3,,,,,,,,,,,,
,,,,,,,,,,,,,,,,,3.13,2.816462517,3.3,,,,,,,,,,,,
,,,,,,,,,,,,,,,,,3.131,2.804374695,3.3,,,,,,,,,,,,
,,,,,,,,,,,,,,,,,3.132,2.808403969,3.3,,,,,,,,,,,,
,,,,,,,,,,,,,,,,,3.133,2.80356884,3.3,,,,,,,,,,,,
,,,,,,,,,,,,,,,,,3.134,2.804374695,3.3,,,,,,,,,,,,
,,,,,,,,,,,,,,,,,3.135,2.800345421,3.3,,,,,,,,,,,,
,,,,,,,,,,,,,,,,,3.136,2.791481018,3.3,,,,,,,,,,,,
,,,,,,,,,,,,,,,,,3.137,2.777781487,3.3,,,,,,,,,,,,
,,,,,,,,,,,,,,,,,3.138,2.796316147,3.3,,,,,,,,,,,,
,,,,,,,,,,,,,,,,,3.139,2.786645889,3.3,,,,,,,,,,,,
,,,,,,,,,,,,,,,,,3.14,2.790675163,3.3,,,,,,,,,,,,
,,,,,,,,,,,,,,,,,3.141,2.78181076,3.3,,,,,,,,,,,,
,,,,,,,,,,,,,,,,,3.142,2.779393196,3.3,,,,,,,,,,,,
,,,,,,,,,,,,,,,,,3.143,2.76488781,3.3,,,,,,,,,,,,
,,,,,,,,,,,,,,,,,3.144,2.771334648,3.3,,,,,,,,,,,,
,,,,,,,,,,,,,,,,,3.145,2.765693665,3.3,,,,,,,,,,,,
,,,,,,,,,,,,,,,,,3.146,2.766499519,3.3,,,,,,,,,,,,
,,,,,,,,,,,,,,,,,3.147,2.759246826,3.3,,,,,,,,,,,,
,,,,,,,,,,,,,,,,,3.148,2.767305374,3.3,,,,,,,,,,,,
,,,,,,,,,,,,,,,,,3.149,2.753605843,3.3,,,,,,,,,,,,
,,,,,,,,,,,,,,,,,3.15,2.758440971,3.3,,,,,,,,,,,,
,,,,,,,,,,,,,,,,,3.151,2.754411697,3.3,,,,,,,,,,,,
,,,,,,,,,,,,,,,,,3.152,2.751188278,3.3,,,,,,,,,,,,
,,,,,,,,,,,,,,,,,3.153,2.757635117,3.3,,,,,,,,,,,,
,,,,,,,,,,,,,,,,,3.154,2.739100456,3.3,,,,,,,,,,,,
,,,,,,,,,,,,,,,,,3.155,2.750382423,3.3,,,,,,,,,,,,
,,,,,,,,,,,,,,,,,3.156,2.739906311,3.3,,,,,,,,,,,,
,,,,,,,,,,,,,,,,,3.157,2.74474144,3.3,,,,,,,,,,,,
,,,,,,,,,,,,,,,,,3.158,2.735071182,3.3,,,,,,,,,,,,
,,,,,,,,,,,,,,,,,3.159,2.731847763,3.3,,,,,,,,,,,,
,,,,,,,,,,,,,,,,,3.16,2.741518021,3.3,,,,,,,,,,,,
,,,,,,,,,,,,,,,,,3.161,2.727012634,3.3,,,,,,,,,,,,
,,,,,,,,,,,,,,,,,3.162,2.727012634,3.3,,,,,,,,,,,,
,,,,,,,,,,,,,,,,,3.163,2.559394836,3.3,,,,,,,,,,,,
,,,,,,,,,,,,,,,,,3.164,2.561812401,3.3,,,,,,,,,,,,
,,,,,,,,,,,,,,,,,3.165,2.557783127,3.3,,,,,,,,,,,,
,,,,,,,,,,,,,,,,,3.166,2.56503582,3.3,,,,,,,,,,,,
,,,,,,,,,,,,,,,,,3.167,2.56342411,3.3,,,,,,,,,,,,
,,,,,,,,,,,,,,,,,3.168,2.56664753,3.3,,,,,,,,,,,,
,,,,,,,,,,,,,,,,,3.169,2.553753853,3.3,,,,,,,,,,,,
,,,,,,,,,,,,,,,,,3.17,2.552947998,3.3,,,,,,,,,,,,
,,,,,,,,,,,,,,,,,3.171,2.542471886,3.3,,,,,,,,,,,,
,,,,,,,,,,,,,,,,,3.172,2.550530434,3.3,,,,,,,,,,,,
,,,,,,,,,,,,,,,,,3.173,2.550530434,3.3,,,,,,,,,,,,
,,,,,,,,,,,,,,,,,3.174,2.557783127,3.3,,,,,,,,,,,,
,,,,,,,,,,,,,,,,,3.175,2.567453384,3.3,,,,,,,,,,,,
,,,,,,,,,,,,,,,,,3.176,2.556171417,3.3,,,,,,,,,,,,
,,,,,,,,,,,,,,,,,3.177,2.562618256,3.3,,,,,,,,,,,,
,,,,,,,,,,,,,,,,,3.178,2.561006546,3.3,,,,,,,,,,,,
,,,,,,,,,,,,,,,,,3.179,2.54650116,3.3,,,,,,,,,,,,
,,,,,,,,,,,,,,,,,3.18,2.556977272,3.3,,,,,,,,,,,,
,,,,,,,,,,,,,,,,,3.181,2.544083595,3.3,,,,,,,,,,,,
,,,,,,,,,,,,,,,,,3.182,2.538442612,3.3,,,,,,,,,,,,
,,,,,,,,,,,,,,,,,3.183,2.534413338,3.3,,,,,,,,,,,,
,,,,,,,,,,,,,,,,,3.184,2.540054321,3.3,,,,,,,,,,,,
,,,,,,,,,,,,,,,,,3.185,2.553753853,3.3,,,,,,,,,,,,
,,,,,,,,,,,,,,,,,3.186,2.540054321,3.3,,,,,,,,,,,,
,,,,,,,,,,,,,,,,,3.187,2.54650116,3.3,,,,,,,,,,,,
,,,,,,,,,,,,,,,,,3.188,2.542471886,3.3,,,,,,,,,,,,
,,,,,,,,,,,,,,,,,3.189,2.548918724,3.3,,,,,,,,,,,,
,,,,,,,,,,,,,,,,,3.19,2.531189919,3.3,,,,,,,,,,,,
,,,,,,,,,,,,,,,,,3.191,2.542471886,3.3,,,,,,,,,,,,
,,,,,,,,,,,,,,,,,3.192,2.536830902,3.3,,,,,,,,,,,,
,,,,,,,,,,,,,,,,,3.193,2.531189919,3.3,,,,,,,,,,,,
,,,,,,,,,,,,,,,,,3.194,2.539248466,3.3,,,,,,,,,,,,
,,,,,,,,,,,,,,,,,3.195,2.523131371,3.3,,,,,,,,,,,,
,,,,,,,,,,,,,,,,,3.196,2.534413338,3.3,,,,,,,,,,,,
,,,,,,,,,,,,,,,,,3.197,2.530384064,3.3,,,,,,,,,,,,
,,,,,,,,,,,,,,,,,3.198,2.522325516,3.3,,,,,,,,,,,,
,,,,,,,,,,,,,,,,,3.199,2.536025047,3.3,,,,,,,,,,,,
,,,,,,,,,,,,,,,,,3.2,2.532801628,3.3,,,,,,,,,,,,
,,,,,,,,,,,,,,,,,3.201,2.525548935,3.3,,,,,,,,,,,,
,,,,,,,,,,,,,,,,,3.202,2.523131371,3.3,,,,,,,,,,,,
,,,,,,,,,,,,,,,,,3.203,2.528772354,3.3,,,,,,,,,,,,
,,,,,,,,,,,,,,,,,3.204,2.522325516,3.3,,,,,,,,,,,,
,,,,,,,,,,,,,,,,,3.205,2.523131371,3.3,,,,,,,,,,,,
,,,,,,,,,,,,,,,,,3.206,2.52474308,3.3,,,,,,,,,,,,
,,,,,,,,,,,,,,,,,3.207,2.511043549,3.3,,,,,,,,,,,,
,,,,,,,,,,,,,,,,,3.208,2.529578209,3.3,,,,,,,,,,,,
,,,,,,,,,,,,,,,,,3.209,2.525548935,3.3,,,,,,,,,,,,
,,,,,,,,,,,,,,,,,3.21,2.513461113,3.3,,,,,,,,,,,,
,,,,,,,,,,,,,,,,,3.211,2.529578209,3.3,,,,,,,,,,,,
,,,,,,,,,,,,,,,,,3.212,2.518296242,3.3,,,,,,,,,,,,
,,,,,,,,,,,,,,,,,3.213,2.515072823,3.3,,,,,,,,,,,,
,,,,,,,,,,,,,,,,,3.214,2.519102097,3.3,,,,,,,,,,,,
,,,,,,,,,,,,,,,,,3.215,2.52474308,3.3,,,,,,,,,,,,
,,,,,,,,,,,,,,,,,3.216,2.521519661,3.3,,,,,,,,,,,,
,,,,,,,,,,,,,,,,,3.217,2.507014275,3.3,,,,,,,,,,,,
,,,,,,,,,,,,,,,,,3.218,2.502985001,3.3,,,,,,,,,,,,
,,,,,,,,,,,,,,,,,3.219,2.507820129,3.3,,,,,,,,,,,,
,,,,,,,,,,,,,,,,,3.22,2.523937225,3.3,,,,,,,,,,,,
,,,,,,,,,,,,,,,,,3.221,2.517490387,3.3,,,,,,,,,,,,
,,,,,,,,,,,,,,,,,3.222,2.516684532,3.3,,,,,,,,,,,,
,,,,,,,,,,,,,,,,,3.223,2.512655258,3.3,,,,,,,,,,,,
,,,,,,,,,,,,,,,,,3.224,2.499761581,3.3,,,,,,,,,,,,
,,,,,,,,,,,,,,,,,3.225,2.497344017,3.3,,,,,,,,,,,,
,,,,,,,,,,,,,,,,,3.226,2.508625984,3.3,,,,,,,,,,,,
,,,,,,,,,,,,,,,,,3.227,2.502985001,3.3,,,,,,,,,,,,
,,,,,,,,,,,,,,,,,3.228,2.509431839,3.3,,,,,,,,,,,,
,,,,,,,,,,,,,,,,,3.229,2.495732307,3.3,,,,,,,,,,,,
,,,,,,,,,,,,,,,,,3.23,2.491703033,3.3,,,,,,,,,,,,
,,,,,,,,,,,,,,,,,3.231,2.499761581,3.3,,,,,,,,,,,,
,,,,,,,,,,,,,,,,,3.232,2.507014275,3.3,,,,,,,,,,,,
,,,,,,,,,,,,,,,,,3.233,2.494926453,3.3,,,,,,,,,,,,
,,,,,,,,,,,,,,,,,3.234,2.497344017,3.3,,,,,,,,,,,,
,,,,,,,,,,,,,,,,,3.235,2.509431839,3.3,,,,,,,,,,,,
,,,,,,,,,,,,,,,,,3.236,2.481226921,3.3,,,,,,,,,,,,
,,,,,,,,,,,,,,,,,3.237,2.490897179,3.3,,,,,,,,,,,,
,,,,,,,,,,,,,,,,,3.238,2.489285469,3.3,,,,,,,,,,,,
,,,,,,,,,,,,,,,,,3.239,2.497344017,3.3,,,,,,,,,,,,
,,,,,,,,,,,,,,,,,3.24,2.499761581,3.3,,,,,,,,,,,,
,,,,,,,,,,,,,,,,,3.241,2.496538162,3.3,,,,,,,,,,,,
,,,,,,,,,,,,,,,,,3.242,2.499761581,3.3,,,,,,,,,,,,
,,,,,,,,,,,,,,,,,3.243,2.488479614,3.3,,,,,,,,,,,,
,,,,,,,,,,,,,,,,,3.244,2.503790855,3.3,,,,,,,,,,,,
,,,,,,,,,,,,,,,,,3.245,2.483644485,3.3,,,,,,,,,,,,
,,,,,,,,,,,,,,,,,3.246,2.491703033,3.3,,,,,,,,,,,,
,,,,,,,,,,,,,,,,,3.247,2.499761581,3.3,,,,,,,,,,,,
,,,,,,,,,,,,,,,,,3.248,2.488479614,3.3,,,,,,,,,,,,
,,,,,,,,,,,,,,,,,3.249,2.490091324,3.3,,,,,,,,,,,,
,,,,,,,,,,,,,,,,,3.25,2.488479614,3.3,,,,,,,,,,,,
,,,,,,,,,,,,,,,,,3.251,2.495732307,3.3,,,,,,,,,,,,
,,,,,,,,,,,,,,,,,3.252,2.481226921,3.3,,,,,,,,,,,,
,,,,,,,,,,,,,,,,,3.253,2.478809357,3.3,,,,,,,,,,,,
,,,,,,,,,,,,,,,,,3.254,2.480421066,3.3,,,,,,,,,,,,
,,,,,,,,,,,,,,,,,3.255,2.468333244,3.3,,,,,,,,,,,,
,,,,,,,,,,,,,,,,,3.256,2.496538162,3.3,,,,,,,,,,,,
,,,,,,,,,,,,,,,,,3.257,2.483644485,3.3,,,,,,,,,,,,
,,,,,,,,,,,,,,,,,3.258,2.472362518,3.3,,,,,,,,,,,,
,,,,,,,,,,,,,,,,,3.259,2.483644485,3.3,,,,,,,,,,,,
,,,,,,,,,,,,,,,,,3.26,2.479615211,3.3,,,,,,,,,,,,
,,,,,,,,,,,,,,,,,3.261,2.470750809,3.3,,,,,,,,,,,,
,,,,,,,,,,,,,,,,,3.262,2.477197647,3.3,,,,,,,,,,,,
,,,,,,,,,,,,,,,,,3.263,2.482838631,3.3,,,,,,,,,,,,
,,,,,,,,,,,,,,,,,3.264,2.466721535,3.3,,,,,,,,,,,,
,,,,,,,,,,,,,,,,,3.265,2.461886406,3.3,,,,,,,,,,,,
,,,,,,,,,,,,,,,,,3.266,2.473168373,3.3,,,,,,,,,,,,
,,,,,,,,,,,,,,,,,3.267,2.471556664,3.3,,,,,,,,,,,,
,,,,,,,,,,,,,,,,,3.268,2.46752739,3.3,,,,,,,,,,,,
,,,,,,,,,,,,,,,,,3.269,2.465109825,3.3,,,,,,,,,,,,
,,,,,,,,,,,,,,,,,3.27,2.460274696,3.3,,,,,,,,,,,,
,,,,,,,,,,,,,,,,,3.271,2.465109825,3.3,,,,,,,,,,,,
,,,,,,,,,,,,,,,,,3.272,2.46752739,3.3,,,,,,,,,,,,
,,,,,,,,,,,,,,,,,3.273,2.462692261,3.3,,,,,,,,,,,,
,,,,,,,,,,,,,,,,,3.274,2.465109825,3.3,,,,,,,,,,,,
,,,,,,,,,,,,,,,,,3.275,2.446575165,3.3,,,,,,,,,,,,
,,,,,,,,,,,,,,,,,3.276,2.477197647,3.3,,,,,,,,,,,,
,,,,,,,,,,,,,,,,,3.277,2.444963455,3.3,,,,,,,,,,,,
,,,,,,,,,,,,,,,,,3.278,2.46752739,3.3,,,,,,,,,,,,
,,,,,,,,,,,,,,,,,3.279,2.448186874,3.3,,,,,,,,,,,,
,,,,,,,,,,,,,,,,,3.28,2.453022003,3.3,,,,,,,,,,,,
,,,,,,,,,,,,,,,,,3.281,2.461886406,3.3,,,,,,,,,,,,
,,,,,,,,,,,,,,,,,3.282,2.448992729,3.3,,,,,,,,,,,,
,,,,,,,,,,,,,,,,,3.283,2.452216148,3.3,,,,,,,,,,,,
,,,,,,,,,,,,,,,,,3.284,2.448992729,3.3,,,,,,,,,,,,
,,,,,,,,,,,,,,,,,3.285,2.441740036,3.3,,,,,,,,,,,,
,,,,,,,,,,,,,,,,,3.286,2.454633713,3.3,,,,,,,,,,,,
,,,,,,,,,,,,,,,,,3.287,2.455439568,3.3,,,,,,,,,,,,
,,,,,,,,,,,,,,,,,3.288,2.457051277,3.3,,,,,,,,,,,,
,,,,,,,,,,,,,,,,,3.289,2.448186874,3.3,,,,,,,,,,,,
,,,,,,,,,,,,,,,,,3.29,2.44576931,3.3,,,,,,,,,,,,
,,,,,,,,,,,,,,,,,3.291,2.448186874,3.3,,,,,,,,,,,,
,,,,,,,,,,,,,,,,,3.292,2.443351746,3.3,,,,,,,,,,,,
,,,,,,,,,,,,,,,,,3.293,2.452216148,3.3,,,,,,,,,,,,
,,,,,,,,,,,,,,,,,3.294,2.440128326,3.3,,,,,,,,,,,,
,,,,,,,,,,,,,,,,,3.295,2.448186874,3.3,,,,,,,,,,,,
,,,,,,,,,,,,,,,,,3.296,2.440934181,3.3,,,,,,,,,,,,
,,,,,,,,,,,,,,,,,3.297,2.440128326,3.3,,,,,,,,,,,,
,,,,,,,,,,,,,,,,,3.298,2.448992729,3.3,,,,,,,,,,,,
,,,,,,,,,,,,,,,,,3.299,2.441740036,3.3,,,,,,,,,,,,
,,,,,,,,,,,,,,,,,3.3,2.442545891,3.3,,,,,,,,,,,,
,,,,,,,,,,,,,,,,,3.301,2.438516617,3.3,,,,,,,,,,,,
,,,,,,,,,,,,,,,,,3.302,2.428846359,3.3,,,,,,,,,,,,
,,,,,,,,,,,,,,,,,3.303,2.428040504,3.3,,,,,,,,,,,,
,,,,,,,,,,,,,,,,,3.304,2.434487343,3.3,,,,,,,,,,,,
,,,,,,,,,,,,,,,,,3.305,2.422399521,3.3,,,,,,,,,,,,
,,,,,,,,,,,,,,,,,3.306,2.42723465,3.3,,,,,,,,,,,,
,,,,,,,,,,,,,,,,,3.307,2.434487343,3.3,,,,,,,,,,,,
,,,,,,,,,,,,,,,,,3.308,2.433681488,3.3,,,,,,,,,,,,
,,,,,,,,,,,,,,,,,3.309,2.436099052,3.3,,,,,,,,,,,,
,,,,,,,,,,,,,,,,,3.31,2.421593666,3.3,,,,,,,,,,,,
,,,,,,,,,,,,,,,,,3.311,2.428846359,3.3,,,,,,,,,,,,
,,,,,,,,,,,,,,,,,3.312,2.419981956,3.3,,,,,,,,,,,,
,,,,,,,,,,,,,,,,,3.313,2.419981956,3.3,,,,,,,,,,,,
,,,,,,,,,,,,,,,,,3.314,2.418370247,3.3,,,,,,,,,,,,
,,,,,,,,,,,,,,,,,3.315,2.406282425,3.3,,,,,,,,,,,,
,,,,,,,,,,,,,,,,,3.316,2.414340973,3.3,,,,,,,,,,,,
,,,,,,,,,,,,,,,,,3.317,2.426428795,3.3,,,,,,,,,,,,
,,,,,,,,,,,,,,,,,3.318,2.411117554,3.3,,,,,,,,,,,,
,,,,,,,,,,,,,,,,,3.319,2.413535118,3.3,,,,,,,,,,,,
,,,,,,,,,,,,,,,,,3.32,2.411117554,3.3,,,,,,,,,,,,
,,,,,,,,,,,,,,,,,3.321,2.413535118,3.3,,,,,,,,,,,,
,,,,,,,,,,,,,,,,,3.322,2.407894135,3.3,,,,,,,,,,,,
,,,,,,,,,,,,,,,,,3.323,2.406282425,3.3,,,,,,,,,,,,
,,,,,,,,,,,,,,,,,3.324,2.403059006,3.3,,,,,,,,,,,,
,,,,,,,,,,,,,,,,,3.325,2.403059006,3.3,,,,,,,,,,,,
,,,,,,,,,,,,,,,,,3.326,2.251558304,3.3,,,,,,,,,,,,
,,,,,,,,,,,,,,,,,3.327,2.242693901,3.3,,,,,,,,,,,,
,,,,,,,,,,,,,,,,,3.328,2.243499756,3.3,,,,,,,,,,,,
,,,,,,,,,,,,,,,,,3.329,2.249140739,3.3,,,,,,,,,,,,
,,,,,,,,,,,,,,,,,3.33,2.246723175,3.3,,,,,,,,,,,,
,,,,,,,,,,,,,,,,,3.331,2.240276337,3.3,,,,,,,,,,,,
,,,,,,,,,,,,,,,,,3.332,2.24591732,3.3,,,,,,,,,,,,
,,,,,,,,,,,,,,,,,3.333,2.228188515,3.3,,,,,,,,,,,,
,,,,,,,,,,,,,,,,,3.334,2.24591732,3.3,,,,,,,,,,,,
,,,,,,,,,,,,,,,,,3.335,2.244305611,3.3,,,,,,,,,,,,
,,,,,,,,,,,,,,,,,3.336,2.253170013,3.3,,,,,,,,,,,,
,,,,,,,,,,,,,,,,,3.337,2.239470482,3.3,,,,,,,,,,,,
,,,,,,,,,,,,,,,,,3.338,2.234635353,3.3,,,,,,,,,,,,
,,,,,,,,,,,,,,,,,3.339,2.239470482,3.3,,,,,,,,,,,,
,,,,,,,,,,,,,,,,,3.34,2.234635353,3.3,,,,,,,,,,,,
,,,,,,,,,,,,,,,,,3.341,2.238664627,3.3,,,,,,,,,,,,
,,,,,,,,,,,,,,,,,3.342,2.22899437,3.3,,,,,,,,,,,,
,,,,,,,,,,,,,,,,,3.343,2.228188515,3.3,,,,,,,,,,,,
,,,,,,,,,,,,,,,,,3.344,2.232217789,3.3,,,,,,,,,,,,
,,,,,,,,,,,,,,,,,3.345,2.228188515,3.3,,,,,,,,,,,,
,,,,,,,,,,,,,,,,,3.346,2.233023643,3.3,,,,,,,,,,,,
,,,,,,,,,,,,,,,,,3.347,2.226576805,3.3,,,,,,,,,,,,
,,,,,,,,,,,,,,,,,3.348,2.219324112,3.3,,,,,,,,,,,,
,,,,,,,,,,,,,,,,,3.349,2.223353386,3.3,,,,,,,,,,,,
,,,,,,,,,,,,,,,,,3.35,2.222547531,3.3,,,,,,,,,,,,
,,,,,,,,,,,,,,,,,3.351,2.232217789,3.3,,,,,,,,,,,,
,,,,,,,,,,,,,,,,,3.352,2.221741676,3.3,,,,,,,,,,,,
,,,,,,,,,,,,,,,,,3.353,2.215294838,3.3,,,,,,,,,,,,
,,,,,,,,,,,,,,,,,3.354,2.219324112,3.3,,,,,,,,,,,,
,,,,,,,,,,,,,,,,,3.355,2.221741676,3.3,,,,,,,,,,,,
,,,,,,,,,,,,,,,,,3.356,2.233023643,3.3,,,,,,,,,,,,
,,,,,,,,,,,,,,,,,3.357,2.218518257,3.3,,,,,,,,,,,,
,,,,,,,,,,,,,,,,,3.358,2.219324112,3.3,,,,,,,,,,,,
,,,,,,,,,,,,,,,,,3.359,2.209653854,3.3,,,,,,,,,,,,
,,,,,,,,,,,,,,,,,3.36,2.216906548,3.3,,,,,,,,,,,,
,,,,,,,,,,,,,,,,,3.361,2.224159241,3.3,,,,,,,,,,,,
,,,,,,,,,,,,,,,,,3.362,2.213683128,3.3,,,,,,,,,,,,
,,,,,,,,,,,,,,,,,3.363,2.212877274,3.3,,,,,,,,,,,,
,,,,,,,,,,,,,,,,,3.364,2.213683128,3.3,,,,,,,,,,,,
,,,,,,,,,,,,,,,,,3.365,2.202401161,3.3,,,,,,,,,,,,
,,,,,,,,,,,,,,,,,3.366,2.220129967,3.3,,,,,,,,,,,,
,,,,,,,,,,,,,,,,,3.367,2.208042145,3.3,,,,,,,,,,,,
,,,,,,,,,,,,,,,,,3.368,2.20562458,3.3,,,,,,,,,,,,
,,,,,,,,,,,,,,,,,3.369,2.212877274,3.3,,,,,,,,,,,,
,,,,,,,,,,,,,,,,,3.37,2.212071419,3.3,,,,,,,,,,,,
,,,,,,,,,,,,,,,,,3.371,2.213683128,3.3,,,,,,,,,,,,
,,,,,,,,,,,,,,,,,3.372,2.217712402,3.3,,,,,,,,,,,,
,,,,,,,,,,,,,,,,,3.373,2.18708992,3.3,,,,,,,,,,,,
,,,,,,,,,,,,,,,,,3.374,2.212071419,3.3,,,,,,,,,,,,
,,,,,,,,,,,,,,,,,3.375,2.195954323,3.3,,,,,,,,,,,,
,,,,,,,,,,,,,,,,,3.376,2.208042145,3.3,,,,,,,,,,,,
,,,,,,,,,,,,,,,,,3.377,2.20723629,3.3,,,,,,,,,,,,
,,,,,,,,,,,,,,,,,3.378,2.202401161,3.3,,,,,,,,,,,,
,,,,,,,,,,,,,,,,,3.379,2.195148468,3.3,,,,,,,,,,,,
,,,,,,,,,,,,,,,,,3.38,2.20562458,3.3,,,,,,,,,,,,
,,,,,,,,,,,,,,,,,3.381,2.200789452,3.3,,,,,,,,,,,,
,,,,,,,,,,,,,,,,,3.382,2.195148468,3.3,,,,,,,,,,,,
,,,,,,,,,,,,,,,,,3.383,2.202401161,3.3,,,,,,,,,,,,
,,,,,,,,,,,,,,,,,3.384,2.199177742,3.3,,,,,,,,,,,,
,,,,,,,,,,,,,,,,,3.385,2.196760178,3.3,,,,,,,,,,,,
,,,,,,,,,,,,,,,,,3.386,2.197566032,3.3,,,,,,,,,,,,
,,,,,,,,,,,,,,,,,3.387,2.181448936,3.3,,,,,,,,,,,,
,,,,,,,,,,,,,,,,,3.388,2.206430435,3.3,,,,,,,,,,,,
,,,,,,,,,,,,,,,,,3.389,2.191925049,3.3,,,,,,,,,,,,
,,,,,,,,,,,,,,,,,3.39,2.192730904,3.3,,,,,,,,,,,,
,,,,,,,,,,,,,,,,,3.391,2.199177742,3.3,,,,,,,,,,,,
,,,,,,,,,,,,,,,,,3.392,2.201595306,3.3,,,,,,,,,,,,
,,,,,,,,,,,,,,,,,3.393,2.189507484,3.3,,,,,,,,,,,,
,,,,,,,,,,,,,,,,,3.394,2.196760178,3.3,,,,,,,,,,,,
,,,,,,,,,,,,,,,,,3.395,2.198371887,3.3,,,,,,,,,,,,
,,,,,,,,,,,,,,,,,3.396,2.190313339,3.3,,,,,,,,,,,,
,,,,,,,,,,,,,,,,,3.397,2.183060646,3.3,,,,,,,,,,,,
,,,,,,,,,,,,,,,,,3.398,2.18870163,3.3,,,,,,,,,,,,
,,,,,,,,,,,,,,,,,3.399,2.191925049,3.3,,,,,,,,,,,,
,,,,,,,,,,,,,,,,,3.4,2.194342613,3.3,,,,,,,,,,,,
,,,,,,,,,,,,,,,,,3.401,2.183866501,3.3,,,,,,,,,,,,
,,,,,,,,,,,,,,,,,3.402,2.182254791,3.3,,,,,,,,,,,,
,,,,,,,,,,,,,,,,,3.403,2.172584534,3.3,,,,,,,,,,,,
,,,,,,,,,,,,,,,,,3.404,2.18708992,3.3,,,,,,,,,,,,
,,,,,,,,,,,,,,,,,3.405,2.186284065,3.3,,,,,,,,,,,,
,,,,,,,,,,,,,,,,,3.406,2.183060646,3.3,,,,,,,,,,,,
,,,,,,,,,,,,,,,,,3.407,2.181448936,3.3,,,,,,,,,,,,
,,,,,,,,,,,,,,,,,3.408,2.18708992,3.3,,,,,,,,,,,,
,,,,,,,,,,,,,,,,,3.409,2.187895775,3.3,,,,,,,,,,,,
,,,,,,,,,,,,,,,,,3.41,2.184672356,3.3,,,,,,,,,,,,
,,,,,,,,,,,,,,,,,3.411,2.181448936,3.3,,,,,,,,,,,,
,,,,,,,,,,,,,,,,,3.412,2.163720131,3.3,,,,,,,,,,,,
,,,,,,,,,,,,,,,,,3.413,2.175002098,3.3,,,,,,,,,,,,
,,,,,,,,,,,,,,,,,3.414,2.169361115,3.3,,,,,,,,,,,,
,,,,,,,,,,,,,,,,,3.415,2.165331841,3.3,,,,,,,,,,,,
,,,,,,,,,,,,,,,,,3.416,2.183866501,3.3,,,,,,,,,,,,
,,,,,,,,,,,,,,,,,3.417,2.174196243,3.3,,,,,,,,,,,,
,,,,,,,,,,,,,,,,,3.418,2.177419662,3.3,,,,,,,,,,,,
,,,,,,,,,,,,,,,,,3.419,2.183060646,3.3,,,,,,,,,,,,
,,,,,,,,,,,,,,,,,3.42,2.16855526,3.3,,,,,,,,,,,,
,,,,,,,,,,,,,,,,,3.421,2.16855526,3.3,,,,,,,,,,,,
,,,,,,,,,,,,,,,,,3.422,2.173390388,3.3,,,,,,,,,,,,
,,,,,,,,,,,,,,,,,3.423,2.177419662,3.3,,,,,,,,,,,,
,,,,,,,,,,,,,,,,,3.424,2.166137695,3.3,,,,,,,,,,,,
,,,,,,,,,,,,,,,,,3.425,2.162108421,3.3,,,,,,,,,,,,
,,,,,,,,,,,,,,,,,3.426,2.176613808,3.3,,,,,,,,,,,,
,,,,,,,,,,,,,,,,,3.427,2.16694355,3.3,,,,,,,,,,,,
,,,,,,,,,,,,,,,,,3.428,2.172584534,3.3,,,,,,,,,,,,
,,,,,,,,,,,,,,,,,3.429,2.162914276,3.3,,,,,,,,,,,,
,,,,,,,,,,,,,,,,,3.43,2.174196243,3.3,,,,,,,,,,,,
,,,,,,,,,,,,,,,,,3.431,2.170972824,3.3,,,,,,,,,,,,
,,,,,,,,,,,,,,,,,3.432,2.16855526,3.3,,,,,,,,,,,,
,,,,,,,,,,,,,,,,,3.433,2.160496712,3.3,,,,,,,,,,,,
,,,,,,,,,,,,,,,,,3.434,2.166137695,3.3,,,,,,,,,,,,
,,,,,,,,,,,,,,,,,3.435,2.157273293,3.3,,,,,,,,,,,,
,,,,,,,,,,,,,,,,,3.436,2.16855526,3.3,,,,,,,,,,,,
,,,,,,,,,,,,,,,,,3.437,2.169361115,3.3,,,,,,,,,,,,
,,,,,,,,,,,,,,,,,3.438,2.167749405,3.3,,,,,,,,,,,,
,,,,,,,,,,,,,,,,,3.439,2.164525986,3.3,,,,,,,,,,,,
,,,,,,,,,,,,,,,,,3.44,2.165331841,3.3,,,,,,,,,,,,
,,,,,,,,,,,,,,,,,3.441,2.166137695,3.3,,,,,,,,,,,,
,,,,,,,,,,,,,,,,,3.442,2.149214745,3.3,,,,,,,,,,,,
,,,,,,,,,,,,,,,,,3.443,2.166137695,3.3,,,,,,,,,,,,
,,,,,,,,,,,,,,,,,3.444,2.167749405,3.3,,,,,,,,,,,,
,,,,,,,,,,,,,,,,,3.445,2.14679718,3.3,,,,,,,,,,,,
,,,,,,,,,,,,,,,,,3.446,2.161302567,3.3,,,,,,,,,,,,
,,,,,,,,,,,,,,,,,3.447,2.150020599,3.3,,,,,,,,,,,,
,,,,,,,,,,,,,,,,,3.448,2.154049873,3.3,,,,,,,,,,,,
,,,,,,,,,,,,,,,,,3.449,2.152438164,3.3,,,,,,,,,,,,
,,,,,,,,,,,,,,,,,3.45,2.152438164,3.3,,,,,,,,,,,,
,,,,,,,,,,,,,,,,,3.451,2.157273293,3.3,,,,,,,,,,,,
,,,,,,,,,,,,,,,,,3.452,2.153244019,3.3,,,,,,,,,,,,
,,,,,,,,,,,,,,,,,3.453,2.164525986,3.3,,,,,,,,,,,,
,,,,,,,,,,,,,,,,,3.454,2.14840889,3.3,,,,,,,,,,,,
,,,,,,,,,,,,,,,,,3.455,2.149214745,3.3,,,,,,,,,,,,
,,,,,,,,,,,,,,,,,3.456,2.14679718,3.3,,,,,,,,,,,,
,,,,,,,,,,,,,,,,,3.457,2.152438164,3.3,,,,,,,,,,,,
,,,,,,,,,,,,,,,,,3.458,2.159690857,3.3,,,,,,,,,,,,
,,,,,,,,,,,,,,,,,3.459,2.153244019,3.3,,,,,,,,,,,,
,,,,,,,,,,,,,,,,,3.46,2.153244019,3.3,,,,,,,,,,,,
,,,,,,,,,,,,,,,,,3.461,2.154855728,3.3,,,,,,,,,,,,
,,,,,,,,,,,,,,,,,3.462,2.153244019,3.3,,,,,,,,,,,,
,,,,,,,,,,,,,,,,,3.463,2.14840889,3.3,,,,,,,,,,,,
,,,,,,,,,,,,,,,,,3.464,2.150020599,3.3,,,,,,,,,,,,
,,,,,,,,,,,,,,,,,3.465,2.136321068,3.3,,,,,,,,,,,,
,,,,,,,,,,,,,,,,,3.466,2.150020599,3.3,,,,,,,,,,,,
,,,,,,,,,,,,,,,,,3.467,2.161302567,3.3,,,,,,,,,,,,
,,,,,,,,,,,,,,,,,3.468,2.147603035,3.3,,,,,,,,,,,,
,,,,,,,,,,,,,,,,,3.469,2.147603035,3.3,,,,,,,,,,,,
,,,,,,,,,,,,,,,,,3.47,2.133097649,3.3,,,,,,,,,,,,
,,,,,,,,,,,,,,,,,3.471,2.141962051,3.3,,,,,,,,,,,,
,,,,,,,,,,,,,,,,,3.472,2.14840889,3.3,,,,,,,,,,,,
,,,,,,,,,,,,,,,,,3.473,2.137932777,3.3,,,,,,,,,,,,
,,,,,,,,,,,,,,,,,3.474,2.116174698,3.3,,,,,,,,,,,,
,,,,,,,,,,,,,,,,,3.475,2.141962051,3.3,,,,,,,,,,,,
,,,,,,,,,,,,,,,,,3.476,2.12826252,3.3,,,,,,,,,,,,
,,,,,,,,,,,,,,,,,3.477,2.141156197,3.3,,,,,,,,,,,,
,,,,,,,,,,,,,,,,,3.478,2.131485939,3.3,,,,,,,,,,,,
,,,,,,,,,,,,,,,,,3.479,2.129068375,3.3,,,,,,,,,,,,
,,,,,,,,,,,,,,,,,3.48,2.125844955,3.3,,,,,,,,,,,,
,,,,,,,,,,,,,,,,,3.481,2.123427391,3.3,,,,,,,,,,,,
,,,,,,,,,,,,,,,,,3.482,2.12826252,3.3,,,,,,,,,,,,
,,,,,,,,,,,,,,,,,3.483,2.116174698,3.3,,,,,,,,,,,,
,,,,,,,,,,,,,,,,,3.484,2.132291794,3.3,,,,,,,,,,,,
,,,,,,,,,,,,,,,,,3.485,2.127456665,3.3,,,,,,,,,,,,
,,,,,,,,,,,,,,,,,3.486,2.112951279,3.3,,,,,,,,,,,,
,,,,,,,,,,,,,,,,,3.487,2.112951279,3.3,,,,,,,,,,,,
,,,,,,,,,,,,,,,,,3.488,1.929216385,3.3,,,,,,,,,,,,
,,,,,,,,,,,,,,,,,3.489,1.947751045,3.3,,,,,,,,,,,,
,,,,,,,,,,,,,,,,,3.49,1.92679882,3.3,,,,,,,,,,,,
,,,,,,,,,,,,,,,,,3.491,1.934051514,3.3,,,,,,,,,,,,
,,,,,,,,,,,,,,,,,3.492,1.94694519,3.3,,,,,,,,,,,,
,,,,,,,,,,,,,,,,,3.493,1.942915916,3.3,,,,,,,,,,,,
,,,,,,,,,,,,,,,,,3.494,1.936469078,3.3,,,,,,,,,,,,
,,,,,,,,,,,,,,,,,3.495,1.943721771,3.3,,,,,,,,,,,,
,,,,,,,,,,,,,,,,,3.496,1.939692497,3.3,,,,,,,,,,,,
,,,,,,,,,,,,,,,,,3.497,1.945333481,3.3,,,,,,,,,,,,
,,,,,,,,,,,,,,,,,3.498,1.94694519,3.3,,,,,,,,,,,,
,,,,,,,,,,,,,,,,,3.499,1.949362755,3.3,,,,,,,,,,,,
,,,,,,,,,,,,,,,,,3.5,1.939692497,3.3,,,,,,,,,,,,
,,,,,,,,,,,,,,,,,3.501,1.938080788,3.3,,,,,,,,,,,,
,,,,,,,,,,,,,,,,,3.502,1.937274933,3.3,,,,,,,,,,,,
,,,,,,,,,,,,,,,,,3.503,1.938080788,3.3,,,,,,,,,,,,
,,,,,,,,,,,,,,,,,3.504,1.952586174,3.3,,,,,,,,,,,,
,,,,,,,,,,,,,,,,,3.505,1.931633949,3.3,,,,,,,,,,,,
,,,,,,,,,,,,,,,,,3.506,1.935663223,3.3,,,,,,,,,,,,
,,,,,,,,,,,,,,,,,3.507,1.944527626,3.3,,,,,,,,,,,,
,,,,,,,,,,,,,,,,,3.508,1.937274933,3.3,,,,,,,,,,,,
,,,,,,,,,,,,,,,,,3.509,1.929216385,3.3,,,,,,,,,,,,
,,,,,,,,,,,,,,,,,3.51,1.935663223,3.3,,,,,,,,,,,,
,,,,,,,,,,,,,,,,,3.511,1.924381256,3.3,,,,,,,,,,,,
,,,,,,,,,,,,,,,,,3.512,1.932439804,3.3,,,,,,,,,,,,
,,,,,,,,,,,,,,,,,3.513,1.925187111,3.3,,,,,,,,,,,,
,,,,,,,,,,,,,,,,,3.514,1.935663223,3.3,,,,,,,,,,,,
,,,,,,,,,,,,,,,,,3.515,1.917934418,3.3,,,,,,,,,,,,
,,,,,,,,,,,,,,,,,3.516,1.914710999,3.3,,,,,,,,,,,,
,,,,,,,,,,,,,,,,,3.517,1.913099289,3.3,,,,,,,,,,,,
,,,,,,,,,,,,,,,,,3.518,1.929216385,3.3,,,,,,,,,,,,
,,,,,,,,,,,,,,,,,3.519,1.925992966,3.3,,,,,,,,,,,,
,,,,,,,,,,,,,,,,,3.52,1.920351982,3.3,,,,,,,,,,,,
,,,,,,,,,,,,,,,,,3.521,1.920351982,3.3,,,,,,,,,,,,
,,,,,,,,,,,,,,,,,3.522,1.922769547,3.3,,,,,,,,,,,,
,,,,,,,,,,,,,,,,,3.523,1.927604675,3.3,,,,,,,,,,,,
,,,,,,,,,,,,,,,,,3.524,1.915516853,3.3,,,,,,,,,,,,
,,,,,,,,,,,,,,,,,3.525,1.913905144,3.3,,,,,,,,,,,,
,,,,,,,,,,,,,,,,,3.526,1.931633949,3.3,,,,,,,,,,,,
,,,,,,,,,,,,,,,,,3.527,1.917128563,3.3,,,,,,,,,,,,
,,,,,,,,,,,,,,,,,3.528,1.918740273,3.3,,,,,,,,,,,,
,,,,,,,,,,,,,,,,,3.529,1.923575401,3.3,,,,,,,,,,,,
,,,,,,,,,,,,,,,,,3.53,1.913905144,3.3,,,,,,,,,,,,
,,,,,,,,,,,,,,,,,3.531,1.921157837,3.3,,,,,,,,,,,,
,,,,,,,,,,,,,,,,,3.532,1.90826416,3.3,,,,,,,,,,,,
,,,,,,,,,,,,,,,,,3.533,1.915516853,3.3,,,,,,,,,,,,
,,,,,,,,,,,,,,,,,3.534,1.923575401,3.3,,,,,,,,,,,,
,,,,,,,,,,,,,,,,,3.535,1.923575401,3.3,,,,,,,,,,,,
,,,,,,,,,,,,,,,,,3.536,1.924381256,3.3,,,,,,,,,,,,
,,,,,,,,,,,,,,,,,3.537,1.934051514,3.3,,,,,,,,,,,,
,,,,,,,,,,,,,,,,,3.538,1.923575401,3.3,,,,,,,,,,,,
,,,,,,,,,,,,,,,,,3.539,1.921157837,3.3,,,,,,,,,,,,
,,,,,,,,,,,,,,,,,3.54,1.911487579,3.3,,,,,,,,,,,,
,,,,,,,,,,,,,,,,,3.541,1.932439804,3.3,,,,,,,,,,,,
,,,,,,,,,,,,,,,,,3.542,1.910681725,3.3,,,,,,,,,,,,
,,,,,,,,,,,,,,,,,3.543,1.921157837,3.3,,,,,,,,,,,,
,,,,,,,,,,,,,,,,,3.544,1.927604675,3.3,,,,,,,,,,,,
,,,,,,,,,,,,,,,,,3.545,1.910681725,3.3,,,,,,,,,,,,
,,,,,,,,,,,,,,,,,3.546,1.914710999,3.3,,,,,,,,,,,,
,,,,,,,,,,,,,,,,,3.547,1.919546127,3.3,,,,,,,,,,,,
,,,,,,,,,,,,,,,,,3.548,1.92679882,3.3,,,,,,,,,,,,
,,,,,,,,,,,,,,,,,3.549,1.916322708,3.3,,,,,,,,,,,,
,,,,,,,,,,,,,,,,,3.55,1.92841053,3.3,,,,,,,,,,,,
,,,,,,,,,,,,,,,,,3.551,1.917128563,3.3,,,,,,,,,,,,
,,,,,,,,,,,,,,,,,3.552,1.911487579,3.3,,,,,,,,,,,,
,,,,,,,,,,,,,,,,,3.553,1.901011467,3.3,,,,,,,,,,,,
,,,,,,,,,,,,,,,,,3.554,1.909070015,3.3,,,,,,,,,,,,
,,,,,,,,,,,,,,,,,3.555,1.922769547,3.3,,,,,,,,,,,,
,,,,,,,,,,,,,,,,,3.556,1.909070015,3.3,,,,,,,,,,,,
,,,,,,,,,,,,,,,,,3.557,1.918740273,3.3,,,,,,,,,,,,
,,,,,,,,,,,,,,,,,3.558,1.925187111,3.3,,,,,,,,,,,,
,,,,,,,,,,,,,,,,,3.559,1.911487579,3.3,,,,,,,,,,,,
,,,,,,,,,,,,,,,,,3.56,1.916322708,3.3,,,,,,,,,,,,
,,,,,,,,,,,,,,,,,3.561,1.93002224,3.3,,,,,,,,,,,,
,,,,,,,,,,,,,,,,,3.562,1.921157837,3.3,,,,,,,,,,,,
,,,,,,,,,,,,,,,,,3.563,1.921157837,3.3,,,,,,,,,,,,
,,,,,,,,,,,,,,,,,3.564,1.923575401,3.3,,,,,,,,,,,,
,,,,,,,,,,,,,,,,,3.565,1.921157837,3.3,,,,,,,,,,,,
,,,,,,,,,,,,,,,,,3.566,1.919546127,3.3,,,,,,,,,,,,
,,,,,,,,,,,,,,,,,3.567,1.913099289,3.3,,,,,,,,,,,,
,,,,,,,,,,,,,,,,,3.568,1.910681725,3.3,,,,,,,,,,,,
,,,,,,,,,,,,,,,,,3.569,1.912293434,3.3,,,,,,,,,,,,
,,,,,,,,,,,,,,,,,3.57,1.919546127,3.3,,,,,,,,,,,,
,,,,,,,,,,,,,,,,,3.571,1.917934418,3.3,,,,,,,,,,,,
,,,,,,,,,,,,,,,,,3.572,1.916322708,3.3,,,,,,,,,,,,
,,,,,,,,,,,,,,,,,3.573,1.90987587,3.3,,,,,,,,,,,,
,,,,,,,,,,,,,,,,,3.574,1.90826416,3.3,,,,,,,,,,,,
,,,,,,,,,,,,,,,,,3.575,1.913099289,3.3,,,,,,,,,,,,
,,,,,,,,,,,,,,,,,3.576,1.914710999,3.3,,,,,,,,,,,,
,,,,,,,,,,,,,,,,,3.577,1.917128563,3.3,,,,,,,,,,,,
,,,,,,,,,,,,,,,,,3.578,1.92841053,3.3,,,,,,,,,,,,
,,,,,,,,,,,,,,,,,3.579,1.909070015,3.3,,,,,,,,,,,,
,,,,,,,,,,,,,,,,,3.58,1.918740273,3.3,,,,,,,,,,,,
,,,,,,,,,,,,,,,,,3.581,1.918740273,3.3,,,,,,,,,,,,
,,,,,,,,,,,,,,,,,3.582,1.913905144,3.3,,,,,,,,,,,,
,,,,,,,,,,,,,,,,,3.583,1.911487579,3.3,,,,,,,,,,,,
,,,,,,,,,,,,,,,,,3.584,1.910681725,3.3,,,,,,,,,,,,
,,,,,,,,,,,,,,,,,3.585,1.931633949,3.3,,,,,,,,,,,,
,,,,,,,,,,,,,,,,,3.586,1.901817322,3.3,,,,,,,,,,,,
,,,,,,,,,,,,,,,,,3.587,1.917934418,3.3,,,,,,,,,,,,
,,,,,,,,,,,,,,,,,3.588,1.915516853,3.3,,,,,,,,,,,,
,,,,,,,,,,,,,,,,,3.589,1.916322708,3.3,,,,,,,,,,,,
,,,,,,,,,,,,,,,,,3.59,1.911487579,3.3,,,,,,,,,,,,
,,,,,,,,,,,,,,,,,3.591,1.918740273,3.3,,,,,,,,,,,,
,,,,,,,,,,,,,,,,,3.592,1.925187111,3.3,,,,,,,,,,,,
,,,,,,,,,,,,,,,,,3.593,1.915516853,3.3,,,,,,,,,,,,
,,,,,,,,,,,,,,,,,3.594,1.924381256,3.3,,,,,,,,,,,,
,,,,,,,,,,,,,,,,,3.595,1.913905144,3.3,,,,,,,,,,,,
,,,,,,,,,,,,,,,,,3.596,1.923575401,3.3,,,,,,,,,,,,
,,,,,,,,,,,,,,,,,3.597,1.906652451,3.3,,,,,,,,,,,,
,,,,,,,,,,,,,,,,,3.598,1.915516853,3.3,,,,,,,,,,,,
,,,,,,,,,,,,,,,,,3.599,1.913905144,3.3,,,,,,,,,,,,
,,,,,,,,,,,,,,,,,3.6,1.918740273,3.3,,,,,,,,,,,,
,,,,,,,,,,,,,,,,,3.601,1.910681725,3.3,,,,,,,,,,,,
,,,,,,,,,,,,,,,,,3.602,1.919546127,3.3,,,,,,,,,,,,
,,,,,,,,,,,,,,,,,3.603,1.914710999,3.3,,,,,,,,,,,,
,,,,,,,,,,,,,,,,,3.604,1.901817322,3.3,,,,,,,,,,,,
,,,,,,,,,,,,,,,,,3.605,1.92679882,3.3,,,,,,,,,,,,
,,,,,,,,,,,,,,,,,3.606,1.917128563,3.3,,,,,,,,,,,,
,,,,,,,,,,,,,,,,,3.607,1.912293434,3.3,,,,,,,,,,,,
,,,,,,,,,,,,,,,,,3.608,1.90826416,3.3,,,,,,,,,,,,
,,,,,,,,,,,,,,,,,3.609,1.915516853,3.3,,,,,,,,,,,,
,,,,,,,,,,,,,,,,,3.61,1.909070015,3.3,,,,,,,,,,,,
,,,,,,,,,,,,,,,,,3.611,1.915516853,3.3,,,,,,,,,,,,
,,,,,,,,,,,,,,,,,3.612,1.906652451,3.3,,,,,,,,,,,,
,,,,,,,,,,,,,,,,,3.613,1.917128563,3.3,,,,,,,,,,,,
,,,,,,,,,,,,,,,,,3.614,1.902623177,3.3,,,,,,,,,,,,
,,,,,,,,,,,,,,,,,3.615,1.909070015,3.3,,,,,,,,,,,,
,,,,,,,,,,,,,,,,,3.616,1.912293434,3.3,,,,,,,,,,,,
,,,,,,,,,,,,,,,,,3.617,1.903429031,3.3,,,,,,,,,,,,
,,,,,,,,,,,,,,,,,3.618,1.915516853,3.3,,,,,,,,,,,,
,,,,,,,,,,,,,,,,,3.619,1.917128563,3.3,,,,,,,,,,,,
,,,,,,,,,,,,,,,,,3.62,1.906652451,3.3,,,,,,,,,,,,
,,,,,,,,,,,,,,,,,3.621,1.90987587,3.3,,,,,,,,,,,,
,,,,,,,,,,,,,,,,,3.622,1.917128563,3.3,,,,,,,,,,,,
,,,,,,,,,,,,,,,,,3.623,1.905846596,3.3,,,,,,,,,,,,
,,,,,,,,,,,,,,,,,3.624,1.916322708,3.3,,,,,,,,,,,,
,,,,,,,,,,,,,,,,,3.625,1.918740273,3.3,,,,,,,,,,,,
,,,,,,,,,,,,,,,,,3.626,1.916322708,3.3,,,,,,,,,,,,
,,,,,,,,,,,,,,,,,3.627,1.904234886,3.3,,,,,,,,,,,,
,,,,,,,,,,,,,,,,,3.628,1.901817322,3.3,,,,,,,,,,,,
,,,,,,,,,,,,,,,,,3.629,1.913099289,3.3,,,,,,,,,,,,
,,,,,,,,,,,,,,,,,3.63,1.911487579,3.3,,,,,,,,,,,,
,,,,,,,,,,,,,,,,,3.631,1.911487579,3.3,,,,,,,,,,,,
,,,,,,,,,,,,,,,,,3.632,1.899399757,3.3,,,,,,,,,,,,
,,,,,,,,,,,,,,,,,3.633,1.905846596,3.3,,,,,,,,,,,,
,,,,,,,,,,,,,,,,,3.634,1.910681725,3.3,,,,,,,,,,,,
,,,,,,,,,,,,,,,,,3.635,1.910681725,3.3,,,,,,,,,,,,
,,,,,,,,,,,,,,,,,3.636,1.910681725,3.3,,,,,,,,,,,,
,,,,,,,,,,,,,,,,,3.637,1.897788048,3.3,,,,,,,,,,,,
,,,,,,,,,,,,,,,,,3.638,1.902623177,3.3,,,,,,,,,,,,
,,,,,,,,,,,,,,,,,3.639,1.893758774,3.3,,,,,,,,,,,,
,,,,,,,,,,,,,,,,,3.64,1.894564629,3.3,,,,,,,,,,,,
,,,,,,,,,,,,,,,,,3.641,1.897788048,3.3,,,,,,,,,,,,
,,,,,,,,,,,,,,,,,3.642,1.894564629,3.3,,,,,,,,,,,,
,,,,,,,,,,,,,,,,,3.643,1.903429031,3.3,,,,,,,,,,,,
,,,,,,,,,,,,,,,,,3.644,1.901011467,3.3,,,,,,,,,,,,
,,,,,,,,,,,,,,,,,3.645,1.896176338,3.3,,,,,,,,,,,,
,,,,,,,,,,,,,,,,,3.646,1.888923645,3.3,,,,,,,,,,,,
,,,,,,,,,,,,,,,,,3.647,1.906652451,3.3,,,,,,,,,,,,
,,,,,,,,,,,,,,,,,3.648,1.899399757,3.3,,,,,,,,,,,,
,,,,,,,,,,,,,,,,,3.649,1.899399757,3.3,,,,,,,,,,,,
,,,,,,,,,,,,,,,,,3.65,1.679401398,3.3,,,,,,,,,,,,
,,,,,,,,,,,,,,,,,3.651,1.701159477,3.3,,,,,,,,,,,,
,,,,,,,,,,,,,,,,,3.652,1.69148922,3.3,,,,,,,,,,,,
,,,,,,,,,,,,,,,,,3.653,1.690683365,3.3,,,,,,,,,,,,
,,,,,,,,,,,,,,,,,3.654,1.693906784,3.3,,,,,,,,,,,,
,,,,,,,,,,,,,,,,,3.655,1.687459946,3.3,,,,,,,,,,,,
,,,,,,,,,,,,,,,,,3.656,1.687459946,3.3,,,,,,,,,,,,
,,,,,,,,,,,,,,,,,3.657,1.695518494,3.3,,,,,,,,,,,,
,,,,,,,,,,,,,,,,,3.658,1.693906784,3.3,,,,,,,,,,,,
,,,,,,,,,,,,,,,,,3.659,1.686654091,3.3,,,,,,,,,,,,
,,,,,,,,,,,,,,,,,3.66,1.694712639,3.3,,,,,,,,,,,,
,,,,,,,,,,,,,,,,,3.661,1.693100929,3.3,,,,,,,,,,,,
,,,,,,,,,,,,,,,,,3.662,1.697936058,3.3,,,,,,,,,,,,
,,,,,,,,,,,,,,,,,3.663,1.698741913,3.3,,,,,,,,,,,,
,,,,,,,,,,,,,,,,,3.664,1.683430672,3.3,,,,,,,,,,,,
,,,,,,,,,,,,,,,,,3.665,1.6882658,3.3,,,,,,,,,,,,
,,,,,,,,,,,,,,,,,3.666,1.681818962,3.3,,,,,,,,,,,,
,,,,,,,,,,,,,,,,,3.667,1.673760414,3.3,,,,,,,,,,,,
,,,,,,,,,,,,,,,,,3.668,1.660866737,3.3,,,,,,,,,,,,
,,,,,,,,,,,,,,,,,3.669,1.676983833,3.3,,,,,,,,,,,,
,,,,,,,,,,,,,,,,,3.67,1.673760414,3.3,,,,,,,,,,,,
,,,,,,,,,,,,,,,,,3.671,1.673760414,3.3,,,,,,,,,,,,
,,,,,,,,,,,,,,,,,3.672,1.674566269,3.3,,,,,,,,,,,,
,,,,,,,,,,,,,,,,,3.673,1.676177979,3.3,,,,,,,,,,,,
,,,,,,,,,,,,,,,,,3.674,1.672148705,3.3,,,,,,,,,,,,
,,,,,,,,,,,,,,,,,3.675,1.660866737,3.3,,,,,,,,,,,,
,,,,,,,,,,,,,,,,,3.676,1.664090157,3.3,,,,,,,,,,,,
,,,,,,,,,,,,,,,,,3.677,1.668119431,3.3,,,,,,,,,,,,
,,,,,,,,,,,,,,,,,3.678,1.652002335,3.3,,,,,,,,,,,,
,,,,,,,,,,,,,,,,,3.679,1.658449173,3.3,,,,,,,,,,,,
,,,,,,,,,,,,,,,,,3.68,1.662478447,3.3,,,,,,,,,,,,
,,,,,,,,,,,,,,,,,3.681,1.660866737,3.3,,,,,,,,,,,,
,,,,,,,,,,,,,,,,,3.682,1.67134285,3.3,,,,,,,,,,,,
,,,,,,,,,,,,,,,,,3.683,1.656031609,3.3,,,,,,,,,,,,
,,,,,,,,,,,,,,,,,3.684,1.660060883,3.3,,,,,,,,,,,,
,,,,,,,,,,,,,,,,,3.685,1.641526222,3.3,,,,,,,,,,,,
,,,,,,,,,,,,,,,,,3.686,1.659255028,3.3,,,,,,,,,,,,
,,,,,,,,,,,,,,,,,3.687,1.650390625,3.3,,,,,,,,,,,,
,,,,,,,,,,,,,,,,,3.688,1.655225754,3.3,,,,,,,,,,,,
,,,,,,,,,,,,,,,,,3.689,1.643137932,3.3,,,,,,,,,,,,
,,,,,,,,,,,,,,,,,3.69,1.660060883,3.3,,,,,,,,,,,,
,,,,,,,,,,,,,,,,,3.691,1.640720367,3.3,,,,,,,,,,,,
,,,,,,,,,,,,,,,,,3.692,1.641526222,3.3,,,,,,,,,,,,
,,,,,,,,,,,,,,,,,3.693,1.653614044,3.3,,,,,,,,,,,,
,,,,,,,,,,,,,,,,,3.694,1.653614044,3.3,,,,,,,,,,,,
,,,,,,,,,,,,,,,,,3.695,1.656031609,3.3,,,,,,,,,,,,
,,,,,,,,,,,,,,,,,3.696,1.645555496,3.3,,,,,,,,,,,,
,,,,,,,,,,,,,,,,,3.697,1.659255028,3.3,,,,,,,,,,,,
,,,,,,,,,,,,,,,,,3.698,1.655225754,3.3,,,,,,,,,,,,
,,,,,,,,,,,,,,,,,3.699,1.639108658,3.3,,,,,,,,,,,,
,,,,,,,,,,,,,,,,,3.7,1.660060883,3.3,,,,,,,,,,,,
,,,,,,,,,,,,,,,,,3.701,1.645555496,3.3,,,,,,,,,,,,
,,,,,,,,,,,,,,,,,3.702,1.647973061,3.3,,,,,,,,,,,,
,,,,,,,,,,,,,,,,,3.703,1.644749641,3.3,,,,,,,,,,,,
,,,,,,,,,,,,,,,,,3.704,1.632661819,3.3,,,,,,,,,,,,
,,,,,,,,,,,,,,,,,3.705,1.643137932,3.3,,,,,,,,,,,,
,,,,,,,,,,,,,,,,,3.706,1.633467674,3.3,,,,,,,,,,,,
,,,,,,,,,,,,,,,,,3.707,1.645555496,3.3,,,,,,,,,,,,
,,,,,,,,,,,,,,,,,3.708,1.635885239,3.3,,,,,,,,,,,,
,,,,,,,,,,,,,,,,,3.709,1.635885239,3.3,,,,,,,,,,,,
,,,,,,,,,,,,,,,,,3.71,1.622991562,3.3,,,,,,,,,,,,
,,,,,,,,,,,,,,,,,3.711,1.658449173,3.3,,,,,,,,,,,,
,,,,,,,,,,,,,,,,,3.712,1.636691093,3.3,,,,,,,,,,,,
,,,,,,,,,,,,,,,,,3.713,1.622185707,3.3,,,,,,,,,,,,
,,,,,,,,,,,,,,,,,3.714,1.638302803,3.3,,,,,,,,,,,,
,,,,,,,,,,,,,,,,,3.715,1.633467674,3.3,,,,,,,,,,,,
,,,,,,,,,,,,,,,,,3.716,1.636691093,3.3,,,,,,,,,,,,
,,,,,,,,,,,,,,,,,3.717,1.640720367,3.3,,,,,,,,,,,,
,,,,,,,,,,,,,,,,,3.718,1.632661819,3.3,,,,,,,,,,,,
,,,,,,,,,,,,,,,,,3.719,1.626214981,3.3,,,,,,,,,,,,
,,,,,,,,,,,,,,,,,3.72,1.63105011,3.3,,,,,,,,,,,,
,,,,,,,,,,,,,,,,,3.721,1.614127159,3.3,,,,,,,,,,,,
,,,,,,,,,,,,,,,,,3.722,1.635885239,3.3,,,,,,,,,,,,
,,,,,,,,,,,,,,,,,3.723,1.627020836,3.3,,,,,,,,,,,,
,,,,,,,,,,,,,,,,,3.724,1.618156433,3.3,,,,,,,,,,,,
,,,,,,,,,,,,,,,,,3.725,1.635079384,3.3,,,,,,,,,,,,
,,,,,,,,,,,,,,,,,3.726,1.61090374,3.3,,,,,,,,,,,,
,,,,,,,,,,,,,,,,,3.727,1.622991562,3.3,,,,,,,,,,,,
,,,,,,,,,,,,,,,,,3.728,1.600427628,3.3,,,,,,,,,,,,
,,,,,,,,,,,,,,,,,3.729,1.614127159,3.3,,,,,,,,,,,,
,,,,,,,,,,,,,,,,,3.73,1.621379852,3.3,,,,,,,,,,,,
,,,,,,,,,,,,,,,,,3.731,1.619768143,3.3,,,,,,,,,,,,
,,,,,,,,,,,,,,,,,3.732,1.616544724,3.3,,,,,,,,,,,,
,,,,,,,,,,,,,,,,,3.733,1.606874466,3.3,,,,,,,,,,,,
,,,,,,,,,,,,,,,,,3.734,1.618156433,3.3,,,,,,,,,,,,
,,,,,,,,,,,,,,,,,3.735,1.603651047,3.3,,,,,,,,,,,,
,,,,,,,,,,,,,,,,,3.736,1.614127159,3.3,,,,,,,,,,,,
,,,,,,,,,,,,,,,,,3.737,1.615738869,3.3,,,,,,,,,,,,
,,,,,,,,,,,,,,,,,3.738,1.601233482,3.3,,,,,,,,,,,,
,,,,,,,,,,,,,,,,,3.739,1.617350578,3.3,,,,,,,,,,,,
,,,,,,,,,,,,,,,,,3.74,1.598815918,3.3,,,,,,,,,,,,
,,,,,,,,,,,,,,,,,3.741,1.599621773,3.3,,,,,,,,,,,,
,,,,,,,,,,,,,,,,,3.742,1.614127159,3.3,,,,,,,,,,,,
,,,,,,,,,,,,,,,,,3.743,1.616544724,3.3,,,,,,,,,,,,
,,,,,,,,,,,,,,,,,3.744,1.614127159,3.3,,,,,,,,,,,,
,,,,,,,,,,,,,,,,,3.745,1.601233482,3.3,,,,,,,,,,,,
,,,,,,,,,,,,,,,,,3.746,1.599621773,3.3,,,,,,,,,,,,
,,,,,,,,,,,,,,,,,3.747,1.601233482,3.3,,,,,,,,,,,,
,,,,,,,,,,,,,,,,,3.748,1.613321304,3.3,,,,,,,,,,,,
,,,,,,,,,,,,,,,,,3.749,1.585922241,3.3,,,,,,,,,,,,
,,,,,,,,,,,,,,,,,3.75,1.598010063,3.3,,,,,,,,,,,,
,,,,,,,,,,,,,,,,,3.751,1.613321304,3.3,,,,,,,,,,,,
,,,,,,,,,,,,,,,,,3.752,1.585116386,3.3,,,,,,,,,,,,
,,,,,,,,,,,,,,,,,3.753,1.580281258,3.3,,,,,,,,,,,,
,,,,,,,,,,,,,,,,,3.754,1.596398354,3.3,,,,,,,,,,,,
,,,,,,,,,,,,,,,,,3.755,1.593980789,3.3,,,,,,,,,,,,
,,,,,,,,,,,,,,,,,3.756,1.58914566,3.3,,,,,,,,,,,,
,,,,,,,,,,,,,,,,,3.757,1.584310532,3.3,,,,,,,,,,,,
,,,,,,,,,,,,,,,,,3.758,1.585922241,3.3,,,,,,,,,,,,
,,,,,,,,,,,,,,,,,3.759,1.579475403,3.3,,,,,,,,,,,,
,,,,,,,,,,,,,,,,,3.76,1.576251984,3.3,,,,,,,,,,,,
,,,,,,,,,,,,,,,,,3.761,1.59075737,3.3,,,,,,,,,,,,
,,,,,,,,,,,,,,,,,3.762,1.598010063,3.3,,,,,,,,,,,,
,,,,,,,,,,,,,,,,,3.763,1.58914566,3.3,,,,,,,,,,,,
,,,,,,,,,,,,,,,,,3.764,1.58914566,3.3,,,,,,,,,,,,
,,,,,,,,,,,,,,,,,3.765,1.57222271,3.3,,,,,,,,,,,,
,,,,,,,,,,,,,,,,,3.766,1.571416855,3.3,,,,,,,,,,,,
,,,,,,,,,,,,,,,,,3.767,1.581087112,3.3,,,,,,,,,,,,
,,,,,,,,,,,,,,,,,3.768,1.559329033,3.3,,,,,,,,,,,,
,,,,,,,,,,,,,,,,,3.769,1.574640274,3.3,,,,,,,,,,,,
,,,,,,,,,,,,,,,,,3.77,1.57222271,3.3,,,,,,,,,,,,
,,,,,,,,,,,,,,,,,3.771,1.559329033,3.3,,,,,,,,,,,,
,,,,,,,,,,,,,,,,,3.772,1.570611,3.3,,,,,,,,,,,,
,,,,,,,,,,,,,,,,,3.773,1.573028564,3.3,,,,,,,,,,,,
,,,,,,,,,,,,,,,,,3.774,1.569805145,3.3,,,,,,,,,,,,
,,,,,,,,,,,,,,,,,3.775,1.568193436,3.3,,,,,,,,,,,,
,,,,,,,,,,,,,,,,,3.776,1.565775871,3.3,,,,,,,,,,,,
,,,,,,,,,,,,,,,,,3.777,1.578669548,3.3,,,,,,,,,,,,
,,,,,,,,,,,,,,,,,3.778,1.57222271,3.3,,,,,,,,,,,,
,,,,,,,,,,,,,,,,,3.779,1.565775871,3.3,,,,,,,,,,,,
,,,,,,,,,,,,,,,,,3.78,1.575446129,3.3,,,,,,,,,,,,
,,,,,,,,,,,,,,,,,3.781,1.561746597,3.3,,,,,,,,,,,,
,,,,,,,,,,,,,,,,,3.782,1.564164162,3.3,,,,,,,,,,,,
,,,,,,,,,,,,,,,,,3.783,1.558523178,3.3,,,,,,,,,,,,
,,,,,,,,,,,,,,,,,3.784,1.560134888,3.3,,,,,,,,,,,,
,,,,,,,,,,,,,,,,,3.785,1.578669548,3.3,,,,,,,,,,,,
,,,,,,,,,,,,,,,,,3.786,1.564970016,3.3,,,,,,,,,,,,
,,,,,,,,,,,,,,,,,3.787,1.570611,3.3,,,,,,,,,,,,
,,,,,,,,,,,,,,,,,3.788,1.551270485,3.3,,,,,,,,,,,,
,,,,,,,,,,,,,,,,,3.789,1.562552452,3.3,,,,,,,,,,,,
,,,,,,,,,,,,,,,,,3.79,1.560940742,3.3,,,,,,,,,,,,
,,,,,,,,,,,,,,,,,3.791,1.549658775,3.3,,,,,,,,,,,,
,,,,,,,,,,,,,,,,,3.792,1.561746597,3.3,,,,,,,,,,,,
,,,,,,,,,,,,,,,,,3.793,1.565775871,3.3,,,,,,,,,,,,
,,,,,,,,,,,,,,,,,3.794,1.562552452,3.3,,,,,,,,,,,,
,,,,,,,,,,,,,,,,,3.795,1.559329033,3.3,,,,,,,,,,,,
,,,,,,,,,,,,,,,,,3.796,1.560134888,3.3,,,,,,,,,,,,
,,,,,,,,,,,,,,,,,3.797,1.565775871,3.3,,,,,,,,,,,,
,,,,,,,,,,,,,,,,,3.798,1.552882195,3.3,,,,,,,,,,,,
,,,,,,,,,,,,,,,,,3.799,1.556105614,3.3,,,,,,,,,,,,
,,,,,,,,,,,,,,,,,3.8,1.55207634,3.3,,,,,,,,,,,,
,,,,,,,,,,,,,,,,,3.801,1.540794373,3.3,,,,,,,,,,,,
,,,,,,,,,,,,,,,,,3.802,1.556105614,3.3,,,,,,,,,,,,
,,,,,,,,,,,,,,,,,3.803,1.538376808,3.3,,,,,,,,,,,,
,,,,,,,,,,,,,,,,,3.804,1.546435356,3.3,,,,,,,,,,,,
,,,,,,,,,,,,,,,,,3.805,1.542406082,3.3,,,,,,,,,,,,
,,,,,,,,,,,,,,,,,3.806,1.539182663,3.3,,,,,,,,,,,,
,,,,,,,,,,,,,,,,,3.807,1.546435356,3.3,,,,,,,,,,,,
,,,,,,,,,,,,,,,,,3.808,1.543211937,3.3,,,,,,,,,,,,
,,,,,,,,,,,,,,,,,3.809,1.53031826,3.3,,,,,,,,,,,,
,,,,,,,,,,,,,,,,,3.81,1.553688049,3.3,,,,,,,,,,,,
,,,,,,,,,,,,,,,,,3.811,1.542406082,3.3,,,,,,,,,,,,
,,,,,,,,,,,,,,,,,3.812,1.542406082,3.3,,,,,,,,,,,,
,,,,,,,,,,,,,,,,,3.813,1.33046627,3.3,,,,,,,,,,,,
,,,,,,,,,,,,,,,,,3.814,1.324019432,3.3,,,,,,,,,,,,
,,,,,,,,,,,,,,,,,3.815,1.33368969,3.3,,,,,,,,,,,,
,,,,,,,,,,,,,,,,,3.816,1.327242851,3.3,,,,,,,,,,,,
,,,,,,,,,,,,,,,,,3.817,1.332883835,3.3,,,,,,,,,,,,
,,,,,,,,,,,,,,,,,3.818,1.328048706,3.3,,,,,,,,,,,,
,,,,,,,,,,,,,,,,,3.819,1.339330673,3.3,,,,,,,,,,,,
,,,,,,,,,,,,,,,,,3.82,1.324019432,3.3,,,,,,,,,,,,
,,,,,,,,,,,,,,,,,3.821,1.308708191,3.3,,,,,,,,,,,,
,,,,,,,,,,,,,,,,,3.822,1.310319901,3.3,,,,,,,,,,,,
,,,,,,,,,,,,,,,,,3.823,1.318378448,3.3,,,,,,,,,,,,
,,,,,,,,,,,,,,,,,3.824,1.316766739,3.3,,,,,,,,,,,,
,,,,,,,,,,,,,,,,,3.825,1.324019432,3.3,,,,,,,,,,,,
,,,,,,,,,,,,,,,,,3.826,1.326436996,3.3,,,,,,,,,,,,
,,,,,,,,,,,,,,,,,3.827,1.309514046,3.3,,,,,,,,,,,,
,,,,,,,,,,,,,,,,,3.828,1.298232079,3.3,,,,,,,,,,,,
,,,,,,,,,,,,,,,,,3.829,1.31354332,3.3,,,,,,,,,,,,
,,,,,,,,,,,,,,,,,3.83,1.303873062,3.3,,,,,,,,,,,,
,,,,,,,,,,,,,,,,,3.831,1.310319901,3.3,,,,,,,,,,,,
,,,,,,,,,,,,,,,,,3.832,1.307096481,3.3,,,,,,,,,,,,
,,,,,,,,,,,,,,,,,3.833,1.307096481,3.3,,,,,,,,,,,,
,,,,,,,,,,,,,,,,,3.834,1.295814514,3.3,,,,,,,,,,,,
,,,,,,,,,,,,,,,,,3.835,1.297426224,3.3,,,,,,,,,,,,
,,,,,,,,,,,,,,,,,3.836,1.299843788,3.3,,,,,,,,,,,,
,,,,,,,,,,,,,,,,,3.837,1.302261353,3.3,,,,,,,,,,,,
,,,,,,,,,,,,,,,,,3.838,1.304678917,3.3,,,,,,,,,,,,
,,,,,,,,,,,,,,,,,3.839,1.285338402,3.3,,,,,,,,,,,,
,,,,,,,,,,,,,,,,,3.84,1.275668144,3.3,,,,,,,,,,,,
,,,,,,,,,,,,,,,,,3.841,1.300649643,3.3,,,,,,,,,,,,
,,,,,,,,,,,,,,,,,3.842,1.284532547,3.3,,,,,,,,,,,,
,,,,,,,,,,,,,,,,,3.843,1.286144257,3.3,,,,,,,,,,,,
,,,,,,,,,,,,,,,,,3.844,1.282114983,3.3,,,,,,,,,,,,
,,,,,,,,,,,,,,,,,3.845,1.281309128,3.3,,,,,,,,,,,,
,,,,,,,,,,,,,,,,,3.846,1.274056435,3.3,,,,,,,,,,,,
,,,,,,,,,,,,,,,,,3.847,1.282114983,3.3,,,,,,,,,,,,
,,,,,,,,,,,,,,,,,3.848,1.259551048,3.3,,,,,,,,,,,,
,,,,,,,,,,,,,,,,,3.849,1.283726692,3.3,,,,,,,,,,,,
,,,,,,,,,,,,,,,,,3.85,1.275668144,3.3,,,,,,,,,,,,
,,,,,,,,,,,,,,,,,3.851,1.27325058,3.3,,,,,,,,,,,,
,,,,,,,,,,,,,,,,,3.852,1.261968613,3.3,,,,,,,,,,,,
,,,,,,,,,,,,,,,,,3.853,1.277279854,3.3,,,,,,,,,,,,
,,,,,,,,,,,,,,,,,3.854,1.262774467,3.3,,,,,,,,,,,,
,,,,,,,,,,,,,,,,,3.855,1.262774467,3.3,,,,,,,,,,,,
,,,,,,,,,,,,,,,,,3.856,1.265192032,3.3,,,,,,,,,,,,
,,,,,,,,,,,,,,,,,3.857,1.265192032,3.3,,,,,,,,,,,,
,,,,,,,,,,,,,,,,,3.858,1.253910065,3.3,,,,,,,,,,,,
,,,,,,,,,,,,,,,,,3.859,1.252298355,3.3,,,,,,,,,,,,
,,,,,,,,,,,,,,,,,3.86,1.239404678,3.3,,,,,,,,,,,,
,,,,,,,,,,,,,,,,,3.861,1.253910065,3.3,,,,,,,,,,,,
,,,,,,,,,,,,,,,,,3.862,1.249074936,3.3,,,,,,,,,,,,
,,,,,,,,,,,,,,,,,3.863,1.243433952,3.3,,,,,,,,,,,,
,,,,,,,,,,,,,,,,,3.864,1.247463226,3.3,,,,,,,,,,,,
,,,,,,,,,,,,,,,,,3.865,1.261162758,3.3,,,,,,,,,,,,
,,,,,,,,,,,,,,,,,3.866,1.222481728,3.3,,,,,,,,,,,,
,,,,,,,,,,,,,,,,,3.867,1.23134613,3.3,,,,,,,,,,,,
,,,,,,,,,,,,,,,,,3.868,1.245045662,3.3,,,,,,,,,,,,
,,,,,,,,,,,,,,,,,3.869,1.246657372,3.3,,,,,,,,,,,,
,,,,,,,,,,,,,,,,,3.87,1.241016388,3.3,,,,,,,,,,,,
,,,,,,,,,,,,,,,,,3.871,1.224899292,3.3,,,,,,,,,,,,
,,,,,,,,,,,,,,,,,3.872,1.237792969,3.3,,,,,,,,,,,,
,,,,,,,,,,,,,,,,,3.873,1.23456955,3.3,,,,,,,,,,,,
,,,,,,,,,,,,,,,,,3.874,1.223287582,3.3,,,,,,,,,,,,
,,,,,,,,,,,,,,,,,3.875,1.23456955,3.3,,,,,,,,,,,,
,,,,,,,,,,,,,,,,,3.876,1.224093437,3.3,,,,,,,,,,,,
,,,,,,,,,,,,,,,,,3.877,1.238598824,3.3,,,,,,,,,,,,
,,,,,,,,,,,,,,,,,3.878,1.223287582,3.3,,,,,,,,,,,,
,,,,,,,,,,,,,,,,,3.879,1.224093437,3.3,,,,,,,,,,,,
,,,,,,,,,,,,,,,,,3.88,1.21119976,3.3,,,,,,,,,,,,
,,,,,,,,,,,,,,,,,3.881,1.223287582,3.3,,,,,,,,,,,,
,,,,,,,,,,,,,,,,,3.882,1.200723648,3.3,,,,,,,,,,,,
,,,,,,,,,,,,,,,,,3.883,1.220870018,3.3,,,,,,,,,,,,
,,,,,,,,,,,,,,,,,3.884,1.198306084,3.3,,,,,,,,,,,,
,,,,,,,,,,,,,,,,,3.885,1.201529503,3.3,,,,,,,,,,,,
,,,,,,,,,,,,,,,,,3.886,1.220064163,3.3,,,,,,,,,,,,
,,,,,,,,,,,,,,,,,3.887,1.203141212,3.3,,,,,,,,,,,,
,,,,,,,,,,,,,,,,,3.888,1.217646599,3.3,,,,,,,,,,,,
,,,,,,,,,,,,,,,,,3.889,1.198306084,3.3,,,,,,,,,,,,
,,,,,,,,,,,,,,,,,3.89,1.203947067,3.3,,,,,,,,,,,,
,,,,,,,,,,,,,,,,,3.891,1.193470955,3.3,,,,,,,,,,,,
,,,,,,,,,,,,,,,,,3.892,1.19427681,3.3,,,,,,,,,,,,
,,,,,,,,,,,,,,,,,3.893,1.203947067,3.3,,,,,,,,,,,,
,,,,,,,,,,,,,,,,,3.894,1.196694374,3.3,,,,,,,,,,,,
,,,,,,,,,,,,,,,,,3.895,1.201529503,3.3,,,,,,,,,,,,
,,,,,,,,,,,,,,,,,3.896,1.187024117,3.3,,,,,,,,,,,,
,,,,,,,,,,,,,,,,,3.897,1.178159714,3.3,,,,,,,,,,,,
,,,,,,,,,,,,,,,,,3.898,1.189441681,3.3,,,,,,,,,,,,
,,,,,,,,,,,,,,,,,3.899,1.187024117,3.3,,,,,,,,,,,,
,,,,,,,,,,,,,,,,,3.9,1.169295311,3.3,,,,,,,,,,,,
,,,,,,,,,,,,,,,,,3.901,1.191053391,3.3,,,,,,,,,,,,
,,,,,,,,,,,,,,,,,3.902,1.168489456,3.3,,,,,,,,,,,,
,,,,,,,,,,,,,,,,,3.903,1.176548004,3.3,,,,,,,,,,,,
,,,,,,,,,,,,,,,,,3.904,1.178965569,3.3,,,,,,,,,,,,
,,,,,,,,,,,,,,,,,3.905,1.177353859,3.3,,,,,,,,,,,,
,,,,,,,,,,,,,,,,,3.906,1.171712875,3.3,,,,,,,,,,,,
,,,,,,,,,,,,,,,,,3.907,1.176548004,3.3,,,,,,,,,,,,
,,,,,,,,,,,,,,,,,3.908,1.186218262,3.3,,,,,,,,,,,,
,,,,,,,,,,,,,,,,,3.909,1.182994843,3.3,,,,,,,,,,,,
,,,,,,,,,,,,,,,,,3.91,1.160430908,3.3,,,,,,,,,,,,
,,,,,,,,,,,,,,,,,3.911,1.15237236,3.3,,,,,,,,,,,,
,,,,,,,,,,,,,,,,,3.912,1.162848473,3.3,,,,,,,,,,,,
,,,,,,,,,,,,,,,,,3.913,1.155595779,3.3,,,,,,,,,,,,
,,,,,,,,,,,,,,,,,3.914,1.149148941,3.3,,,,,,,,,,,,
,,,,,,,,,,,,,,,,,3.915,1.167683601,3.3,,,,,,,,,,,,
,,,,,,,,,,,,,,,,,3.916,1.162042618,3.3,,,,,,,,,,,,
,,,,,,,,,,,,,,,,,3.917,1.170907021,3.3,,,,,,,,,,,,
,,,,,,,,,,,,,,,,,3.918,1.158819199,3.3,,,,,,,,,,,,
,,,,,,,,,,,,,,,,,3.919,1.145119667,3.3,,,,,,,,,,,,
,,,,,,,,,,,,,,,,,3.92,1.146731377,3.3,,,,,,,,,,,,
,,,,,,,,,,,,,,,,,3.921,1.148343086,3.3,,,,,,,,,,,,
,,,,,,,,,,,,,,,,,3.922,1.155595779,3.3,,,,,,,,,,,,
,,,,,,,,,,,,,,,,,3.923,1.149954796,3.3,,,,,,,,,,,,
,,,,,,,,,,,,,,,,,3.924,1.135449409,3.3,,,,,,,,,,,,
,,,,,,,,,,,,,,,,,3.925,1.138672829,3.3,,,,,,,,,,,,
,,,,,,,,,,,,,,,,,3.926,1.127390862,3.3,,,,,,,,,,,,
,,,,,,,,,,,,,,,,,3.927,1.141896248,3.3,,,,,,,,,,,,
,,,,,,,,,,,,,,,,,3.928,1.124167442,3.3,,,,,,,,,,,,
,,,,,,,,,,,,,,,,,3.929,1.123361588,3.3,,,,,,,,,,,,
,,,,,,,,,,,,,,,,,3.93,1.114497185,3.3,,,,,,,,,,,,
,,,,,,,,,,,,,,,,,3.931,1.120138168,3.3,,,,,,,,,,,,
,,,,,,,,,,,,,,,,,3.932,1.116108894,3.3,,,,,,,,,,,,
,,,,,,,,,,,,,,,,,3.933,1.121749878,3.3,,,,,,,,,,,,
,,,,,,,,,,,,,,,,,3.934,1.123361588,3.3,,,,,,,,,,,,
,,,,,,,,,,,,,,,,,3.935,1.124167442,3.3,,,,,,,,,,,,
,,,,,,,,,,,,,,,,,3.936,1.114497185,3.3,,,,,,,,,,,,
,,,,,,,,,,,,,,,,,3.937,1.112885475,3.3,,,,,,,,,,,,
,,,,,,,,,,,,,,,,,3.938,1.102409363,3.3,,,,,,,,,,,,
,,,,,,,,,,,,,,,,,3.939,1.11207962,3.3,,,,,,,,,,,,
,,,,,,,,,,,,,,,,,3.94,1.104826927,3.3,,,,,,,,,,,,
,,,,,,,,,,,,,,,,,3.941,1.109662056,3.3,,,,,,,,,,,,
,,,,,,,,,,,,,,,,,3.942,1.116914749,3.3,,,,,,,,,,,,
,,,,,,,,,,,,,,,,,3.943,1.124973297,3.3,,,,,,,,,,,,
,,,,,,,,,,,,,,,,,3.944,1.114497185,3.3,,,,,,,,,,,,
,,,,,,,,,,,,,,,,,3.945,1.108856201,3.3,,,,,,,,,,,,
,,,,,,,,,,,,,,,,,3.946,1.108050346,3.3,,,,,,,,,,,,
,,,,,,,,,,,,,,,,,3.947,1.108050346,3.3,,,,,,,,,,,,
,,,,,,,,,,,,,,,,,3.948,1.112885475,3.3,,,,,,,,,,,,
,,,,,,,,,,,,,,,,,3.949,1.100797653,3.3,,,,,,,,,,,,
,,,,,,,,,,,,,,,,,3.95,1.101603508,3.3,,,,,,,,,,,,
,,,,,,,,,,,,,,,,,3.951,1.097574234,3.3,,,,,,,,,,,,
,,,,,,,,,,,,,,,,,3.952,1.106438637,3.3,,,,,,,,,,,,
,,,,,,,,,,,,,,,,,3.953,1.110467911,3.3,,,,,,,,,,,,
,,,,,,,,,,,,,,,,,3.954,1.090321541,3.3,,,,,,,,,,,,
,,,,,,,,,,,,,,,,,3.955,1.096768379,3.3,,,,,,,,,,,,
,,,,,,,,,,,,,,,,,3.956,1.086292267,3.3,,,,,,,,,,,,
,,,,,,,,,,,,,,,,,3.957,1.103215218,3.3,,,,,,,,,,,,
,,,,,,,,,,,,,,,,,3.958,1.085486412,3.3,,,,,,,,,,,,
,,,,,,,,,,,,,,,,,3.959,1.088709831,3.3,,,,,,,,,,,,
,,,,,,,,,,,,,,,,,3.96,1.075816154,3.3,,,,,,,,,,,,
,,,,,,,,,,,,,,,,,3.961,1.081457138,3.3,,,,,,,,,,,,
,,,,,,,,,,,,,,,,,3.962,1.086292267,3.3,,,,,,,,,,,,
,,,,,,,,,,,,,,,,,3.963,1.086292267,3.3,,,,,,,,,,,,
,,,,,,,,,,,,,,,,,3.964,1.078233719,3.3,,,,,,,,,,,,
,,,,,,,,,,,,,,,,,3.965,1.090321541,3.3,,,,,,,,,,,,
,,,,,,,,,,,,,,,,,3.966,1.080651283,3.3,,,,,,,,,,,,
,,,,,,,,,,,,,,,,,3.967,1.065340042,3.3,,,,,,,,,,,,
,,,,,,,,,,,,,,,,,3.968,1.079039574,3.3,,,,,,,,,,,,
,,,,,,,,,,,,,,,,,3.969,1.069369316,3.3,,,,,,,,,,,,
,,,,,,,,,,,,,,,,,3.97,1.078233719,3.3,,,,,,,,,,,,
,,,,,,,,,,,,,,,,,3.971,1.0750103,3.3,,,,,,,,,,,,
,,,,,,,,,,,,,,,,,3.972,1.067757607,3.3,,,,,,,,,,,,
,,,,,,,,,,,,,,,,,3.973,1.078233719,3.3,,,,,,,,,,,,
,,,,,,,,,,,,,,,,,3.974,1.078233719,3.3,,,,,,,,,,,,
,,,,,,,,,,,,,,,,,3.975,0.827612877,8.25E-05,,,,,,,,,,,,
,,,,,,,,,,,,,,,,,3.976,0.842118263,2.06E-09,,,,,,,,,,,,
,,,,,,,,,,,,,,,,,3.977,0.850982666,5.16E-14,,,,,,,,,,,,
,,,,,,,,,,,,,,,,,3.978,0.842924118,1.29E-18,,,,,,,,,,,,
,,,,,,,,,,,,,,,,,3.979,0.846147537,3.22E-23,,,,,,,,,,,,
,,,,,,,,,,,,,,,,,3.98,0.841312408,8.06E-28,,,,,,,,,,,,
,,,,,,,,,,,,,,,,,3.981,0.840506554,2.01E-32,,,,,,,,,,,,
,,,,,,,,,,,,,,,,,3.982,0.828418732,5.03E-37,,,,,,,,,,,,
,,,,,,,,,,,,,,,,,3.983,0.835671425,1.26E-41,,,,,,,,,,,,
,,,,,,,,,,,,,,,,,3.984,0.817942619,3.15E-46,,,,,,,,,,,,
,,,,,,,,,,,,,,,,,3.985,0.819554329,7.87E-51,,,,,,,,,,,,
,,,,,,,,,,,,,,,,,3.986,0.838894844,1.97E-55,,,,,,,,,,,,
,,,,,,,,,,,,,,,,,3.987,0.820360184,4.92E-60,,,,,,,,,,,,
,,,,,,,,,,,,,,,,,3.988,0.835671425,1.23E-64,,,,,,,,,,,,
,,,,,,,,,,,,,,,,,3.989,0.826001167,3.07E-69,,,,,,,,,,,,
,,,,,,,,,,,,,,,,,3.99,0.810689926,7.68E-74,,,,,,,,,,,,
,,,,,,,,,,,,,,,,,3.991,0.825195313,1.92E-78,,,,,,,,,,,,
,,,,,,,,,,,,,,,,,3.992,0.81633091,4.80E-83,,,,,,,,,,,,
,,,,,,,,,,,,,,,,,3.993,0.828418732,1.20E-87,,,,,,,,,,,,
,,,,,,,,,,,,,,,,,3.994,0.817942619,3.00E-92,,,,,,,,,,,,
,,,,,,,,,,,,,,,,,3.995,0.826001167,7.50E-97,,,,,,,,,,,,
,,,,,,,,,,,,,,,,,3.996,0.820360184,1.87E-101,,,,,,,,,,,,
,,,,,,,,,,,,,,,,,3.997,0.8147192,4.69E-106,,,,,,,,,,,,
,,,,,,,,,,,,,,,,,3.998,0.821971893,1.17E-110,,,,,,,,,,,,
,,,,,,,,,,,,,,,,,3.999,0.801825523,2.93E-115,,,,,,,,,,,,
,,,,,,,,,,,,,,,,,4,0.808272362,7.32E-120,,,,,,,,,,,,
,,,,,,,,,,,,,,,,,4.001,0.811495781,1.83E-124,,,,,,,,,,,,
,,,,,,,,,,,,,,,,,4.002,0.815525055,4.58E-129,,,,,,,,,,,,
,,,,,,,,,,,,,,,,,4.003,0.803437233,1.14E-133,,,,,,,,,,,,
,,,,,,,,,,,,,,,,,4.004,0.817942619,2.86E-138,,,,,,,,,,,,
,,,,,,,,,,,,,,,,,4.005,0.810689926,7.15E-143,,,,,,,,,,,,
,,,,,,,,,,,,,,,,,4.006,0.809078217,1.79E-147,,,,,,,,,,,,
,,,,,,,,,,,,,,,,,4.007,0.8147192,4.47E-152,,,,,,,,,,,,
,,,,,,,,,,,,,,,,,4.008,0.803437233,1.12E-156,,,,,,,,,,,,
,,,,,,,,,,,,,,,,,4.009,0.800213814,2.79E-161,,,,,,,,,,,,
,,,,,,,,,,,,,,,,,4.01,0.807466507,6.98E-166,,,,,,,,,,,,
,,,,,,,,,,,,,,,,,4.011,0.802631378,1.75E-170,,,,,,,,,,,,
,,,,,,,,,,,,,,,,,4.012,0.805854797,4.36E-175,,,,,,,,,,,,
,,,,,,,,,,,,,,,,,4.013,0.788125992,1.09E-179,,,,,,,,,,,,
,,,,,,,,,,,,,,,,,4.014,0.801019669,2.73E-184,,,,,,,,,,,,
,,,,,,,,,,,,,,,,,4.015,0.792961121,6.82E-189,,,,,,,,,,,,
,,,,,,,,,,,,,,,,,4.016,0.779261589,1.70E-193,,,,,,,,,,,,
,,,,,,,,,,,,,,,,,4.017,0.793766975,4.26E-198,,,,,,,,,,,,
,,,,,,,,,,,,,,,,,4.018,0.788931847,1.07E-202,,,,,,,,,,,,
,,,,,,,,,,,,,,,,,4.019,0.788931847,1.07E-202,,,,,,,,,,,,
,,,,,,,,,,,,,,,,,4.02,0.772814751,2.66E-207,,,,,,,,,,,,
,,,,,,,,,,,,,,,,,4.021,0.776844025,6.66E-212,,,,,,,,,,,,
,,,,,,,,,,,,,,,,,4.022,0.782485008,1.66E-216,,,,,,,,,,,,
,,,,,,,,,,,,,,,,,4.023,0.779261589,4.16E-221,,,,,,,,,,,,
,,,,,,,,,,,,,,,,,4.024,0.781679153,1.04E-225,,,,,,,,,,,,
,,,,,,,,,,,,,,,,,4.025,0.767979622,2.60E-230,,,,,,,,,,,,
,,,,,,,,,,,,,,,,,4.026,0.781679153,6.50E-235,,,,,,,,,,,,
,,,,,,,,,,,,,,,,,4.027,0.760726929,1.62E-239,,,,,,,,,,,,
,,,,,,,,,,,,,,,,,4.028,0.762338638,4.06E-244,,,,,,,,,,,,
,,,,,,,,,,,,,,,,,4.029,0.767173767,1.02E-248,,,,,,,,,,,,
,,,,,,,,,,,,,,,,,4.03,0.758309364,2.54E-253,,,,,,,,,,,,
,,,,,,,,,,,,,,,,,4.031,0.751056671,6.35E-258,,,,,,,,,,,,
,,,,,,,,,,,,,,,,,4.032,0.762338638,1.59E-262,,,,,,,,,,,,
,,,,,,,,,,,,,,,,,4.033,0.759921074,3.97E-267,,,,,,,,,,,,
,,,,,,,,,,,,,,,,,4.034,0.771203041,9.92E-272,,,,,,,,,,,,
,,,,,,,,,,,,,,,,,4.035,0.758309364,2.48E-276,,,,,,,,,,,,
,,,,,,,,,,,,,,,,,4.036,0.756697655,6.20E-281,,,,,,,,,,,,
,,,,,,,,,,,,,,,,,4.037,0.749444962,1.55E-285,,,,,,,,,,,,
,,,,,,,,,,,,,,,,,4.038,0.739774704,3.87E-290,,,,,,,,,,,,
,,,,,,,,,,,,,,,,,4.039,0.758309364,9.68E-295,,,,,,,,,,,,
,,,,,,,,,,,,,,,,,4.04,0.742998123,2.42E-299,,,,,,,,,,,,
,,,,,,,,,,,,,,,,,4.041,0.750250816,6.05E-304,,,,,,,,,,,,
,,,,,,,,,,,,,,,,,4.042,0.747027397,0,,,,,,,,,,,,
,,,,,,,,,,,,,,,,,4.043,0.749444962,0,,,,,,,,,,,,
,,,,,,,,,,,,,,,,,4.044,0.749444962,0,,,,,,,,,,,,
,,,,,,,,,,,,,,,,,4.045,0.75750351,0,,,,,,,,,,,,
,,,,,,,,,,,,,,,,,4.046,0.751056671,0,,,,,,,,,,,,
,,,,,,,,,,,,,,,,,4.047,0.745415688,0,,,,,,,,,,,,
,,,,,,,,,,,,,,,,,4.048,0.728492737,0,,,,,,,,,,,,
,,,,,,,,,,,,,,,,,4.049,0.730910301,0,,,,,,,,,,,,
,,,,,,,,,,,,,,,,,4.05,0.746221542,0,,,,,,,,,,,,
,,,,,,,,,,,,,,,,,4.051,0.724463463,0,,,,,,,,,,,,
,,,,,,,,,,,,,,,,,4.052,0.730104446,0,,,,,,,,,,,,
,,,,,,,,,,,,,,,,,4.053,0.723657608,0,,,,,,,,,,,,
,,,,,,,,,,,,,,,,,4.054,0.727686882,0,,,,,,,,,,,,
,,,,,,,,,,,,,,,,,4.055,0.729298592,0,,,,,,,,,,,,
,,,,,,,,,,,,,,,,,4.056,0.716404915,0,,,,,,,,,,,,
,,,,,,,,,,,,,,,,,4.057,0.725269318,0,,,,,,,,,,,,
,,,,,,,,,,,,,,,,,4.058,0.716404915,0,,,,,,,,,,,,
,,,,,,,,,,,,,,,,,4.059,0.71721077,0,,,,,,,,,,,,
,,,,,,,,,,,,,,,,,4.06,0.712375641,0,,,,,,,,,,,,
,,,,,,,,,,,,,,,,,4.061,0.709958076,0,,,,,,,,,,,,
,,,,,,,,,,,,,,,,,4.062,0.704317093,0,,,,,,,,,,,,
,,,,,,,,,,,,,,,,,4.063,0.705122948,0,,,,,,,,,,,,
,,,,,,,,,,,,,,,,,4.064,0.71721077,0,,,,,,,,,,,,
,,,,,,,,,,,,,,,,,4.065,0.704317093,0,,,,,,,,,,,,
,,,,,,,,,,,,,,,,,4.066,0.69545269,0,,,,,,,,,,,,
,,,,,,,,,,,,,,,,,4.067,0.711569786,0,,,,,,,,,,,,
,,,,,,,,,,,,,,,,,4.068,0.691423416,0,,,,,,,,,,,,
,,,,,,,,,,,,,,,,,4.069,0.693035126,0,,,,,,,,,,,,
,,,,,,,,,,,,,,,,,4.07,0.689005852,0,,,,,,,,,,,,
,,,,,,,,,,,,,,,,,4.071,0.699481964,0,,,,,,,,,,,,
,,,,,,,,,,,,,,,,,4.072,0.685782433,0,,,,,,,,,,,,
,,,,,,,,,,,,,,,,,4.073,0.686588287,0,,,,,,,,,,,,
,,,,,,,,,,,,,,,,,4.074,0.688199997,0,,,,,,,,,,,,
,,,,,,,,,,,,,,,,,4.075,0.679335594,0,,,,,,,,,,,,
,,,,,,,,,,,,,,,,,4.076,0.686588287,0,,,,,,,,,,,,
,,,,,,,,,,,,,,,,,4.077,0.672888756,0,,,,,,,,,,,,
,,,,,,,,,,,,,,,,,4.078,0.681753159,0,,,,,,,,,,,,
,,,,,,,,,,,,,,,,,4.079,0.665636063,0,,,,,,,,,,,,
,,,,,,,,,,,,,,,,,4.08,0.664830208,0,,,,,,,,,,,,
,,,,,,,,,,,,,,,,,4.081,0.672082901,0,,,,,,,,,,,,
,,,,,,,,,,,,,,,,,4.082,0.661606789,0,,,,,,,,,,,,
,,,,,,,,,,,,,,,,,4.083,0.665636063,0,,,,,,,,,,,,
,,,,,,,,,,,,,,,,,4.084,0.668859482,0,,,,,,,,,,,,
,,,,,,,,,,,,,,,,,4.085,0.672888756,0,,,,,,,,,,,,
,,,,,,,,,,,,,,,,,4.086,0.662412643,0,,,,,,,,,,,,
,,,,,,,,,,,,,,,,,4.087,0.642266273,0,,,,,,,,,,,,
,,,,,,,,,,,,,,,,,4.088,0.644683838,0,,,,,,,,,,,,
,,,,,,,,,,,,,,,,,4.089,0.647907257,0,,,,,,,,,,,,
,,,,,,,,,,,,,,,,,4.09,0.643877983,0,,,,,,,,,,,,
,,,,,,,,,,,,,,,,,4.091,0.652742386,0,,,,,,,,,,,,
,,,,,,,,,,,,,,,,,4.092,0.643072128,0,,,,,,,,,,,,
,,,,,,,,,,,,,,,,,4.093,0.643072128,0,,,,,,,,,,,,
,,,,,,,,,,,,,,,,,4.094,0.643877983,0,,,,,,,,,,,,
,,,,,,,,,,,,,,,,,4.095,0.644683838,0,,,,,,,,,,,,
,,,,,,,,,,,,,,,,,4.096,0.63662529,0,,,,,,,,,,,,
,,,,,,,,,,,,,,,,,4.097,0.627760887,0,,,,,,,,,,,,
,,,,,,,,,,,,,,,,,4.098,0.642266273,0,,,,,,,,,,,,
,,,,,,,,,,,,,,,,,4.099,0.622119904,0,,,,,,,,,,,,
,,,,,,,,,,,,,,,,,4.1,0.629372597,0,,,,,,,,,,,,
,,,,,,,,,,,,,,,,,4.101,0.622119904,0,,,,,,,,,,,,
,,,,,,,,,,,,,,,,,4.102,0.622925758,0,,,,,,,,,,,,
,,,,,,,,,,,,,,,,,4.103,0.600361824,0,,,,,,,,,,,,
,,,,,,,,,,,,,,,,,4.104,0.59794426,0,,,,,,,,,,,,
,,,,,,,,,,,,,,,,,4.105,0.610032082,0,,,,,,,,,,,,
,,,,,,,,,,,,,,,,,4.106,0.599555969,0,,,,,,,,,,,,
,,,,,,,,,,,,,,,,,4.107,0.622119904,0,,,,,,,,,,,,
,,,,,,,,,,,,,,,,,4.108,0.602779388,0,,,,,,,,,,,,
,,,,,,,,,,,,,,,,,4.109,0.610837936,0,,,,,,,,,,,,
,,,,,,,,,,,,,,,,,4.11,0.610032082,0,,,,,,,,,,,,
,,,,,,,,,,,,,,,,,4.111,0.603585243,0,,,,,,,,,,,,
,,,,,,,,,,,,,,,,,4.112,0.585050583,0,,,,,,,,,,,,
,,,,,,,,,,,,,,,,,4.113,0.591497421,0,,,,,,,,,,,,
,,,,,,,,,,,,,,,,,4.114,0.581021309,0,,,,,,,,,,,,
,,,,,,,,,,,,,,,,,4.115,0.582633018,0,,,,,,,,,,,,
,,,,,,,,,,,,,,,,,4.116,0.573768616,0,,,,,,,,,,,,
,,,,,,,,,,,,,,,,,4.117,0.571351051,0,,,,,,,,,,,,
,,,,,,,,,,,,,,,,,4.118,0.567321777,0,,,,,,,,,,,,
,,,,,,,,,,,,,,,,,4.119,0.560069084,0,,,,,,,,,,,,
,,,,,,,,,,,,,,,,,4.12,0.57779789,0,,,,,,,,,,,,
,,,,,,,,,,,,,,,,,4.121,0.57618618,0,,,,,,,,,,,,
,,,,,,,,,,,,,,,,,4.122,0.564098358,0,,,,,,,,,,,,
,,,,,,,,,,,,,,,,,4.123,0.562486649,0,,,,,,,,,,,,
,,,,,,,,,,,,,,,,,4.124,0.568933487,0,,,,,,,,,,,,
,,,,,,,,,,,,,,,,,4.125,0.556845665,0,,,,,,,,,,,,
,,,,,,,,,,,,,,,,,4.126,0.547981262,0,,,,,,,,,,,,
,,,,,,,,,,,,,,,,,4.127,0.53589344,0,,,,,,,,,,,,
,,,,,,,,,,,,,,,,,4.128,0.546369553,0,,,,,,,,,,,,
,,,,,,,,,,,,,,,,,4.129,0.550398827,0,,,,,,,,,,,,
,,,,,,,,,,,,,,,,,4.13,0.532670021,0,,,,,,,,,,,,
,,,,,,,,,,,,,,,,,4.131,0.531864166,0,,,,,,,,,,,,
,,,,,,,,,,,,,,,,,4.132,0.536699295,0,,,,,,,,,,,,
,,,,,,,,,,,,,,,,,4.133,0.523805618,0,,,,,,,,,,,,
,,,,,,,,,,,,,,,,,4.134,0.519776344,0,,,,,,,,,,,,
,,,,,,,,,,,,,,,,,4.135,0.520582199,0,,,,,,,,,,,,
,,,,,,,,,,,,,,,,,4.136,0.525417328,0,,,,,,,,,,,,
,,,,,,,,,,,,,,,,,4.137,0.525417328,0,,,,,,,,,,,,
,,,,,,,,,,,,,,,,,4.138,0.279631615,0,,,,,,,,,,,,
,,,,,,,,,,,,,,,,,4.139,0.287690163,0,,,,,,,,,,,,
,,,,,,,,,,,,,,,,,4.14,0.278019905,0,,,,,,,,,,,,
,,,,,,,,,,,,,,,,,4.141,0.280437469,0,,,,,,,,,,,,
,,,,,,,,,,,,,,,,,4.142,0.275602341,0,,,,,,,,,,,,
,,,,,,,,,,,,,,,,,4.143,0.289301872,0,,,,,,,,,,,,
,,,,,,,,,,,,,,,,,4.144,0.272378922,0,,,,,,,,,,,,
,,,,,,,,,,,,,,,,,4.145,0.27721405,0,,,,,,,,,,,,
,,,,,,,,,,,,,,,,,4.146,0.282855034,0,,,,,,,,,,,,
,,,,,,,,,,,,,,,,,4.147,0.271573067,0,,,,,,,,,,,,
,,,,,,,,,,,,,,,,,4.148,0.270767212,0,,,,,,,,,,,,
,,,,,,,,,,,,,,,,,4.149,0.283660889,0,,,,,,,,,,,,
,,,,,,,,,,,,,,,,,4.15,0.268349648,0,,,,,,,,,,,,
,,,,,,,,,,,,,,,,,4.151,0.279631615,0,,,,,,,,,,,,
,,,,,,,,,,,,,,,,,4.152,0.273184776,0,,,,,,,,,,,,
,,,,,,,,,,,,,,,,,4.153,0.275602341,0,,,,,,,,,,,,
,,,,,,,,,,,,,,,,,4.154,0.276408195,0,,,,,,,,,,,,
,,,,,,,,,,,,,,,,,4.155,0.268349648,0,,,,,,,,,,,,
,,,,,,,,,,,,,,,,,4.156,0.273184776,0,,,,,,,,,,,,
,,,,,,,,,,,,,,,,,4.157,0.270767212,0,,,,,,,,,,,,
,,,,,,,,,,,,,,,,,4.158,0.27882576,0,,,,,,,,,,,,
,,,,,,,,,,,,,,,,,4.159,0.279631615,0,,,,,,,,,,,,
,,,,,,,,,,,,,,,,,4.16,0.275602341,0,,,,,,,,,,,,
,,,,,,,,,,,,,,,,,4.161,0.286078453,0,,,,,,,,,,,,
,,,,,,,,,,,,,,,,,4.162,0.279631615,0,,,,,,,,,,,,
,,,,,,,,,,,,,,,,,4.163,0.281243324,0,,,,,,,,,,,,
,,,,,,,,,,,,,,,,,4.164,0.275602341,0,,,,,,,,,,,,
,,,,,,,,,,,,,,,,,4.165,0.27882576,0,,,,,,,,,,,,
,,,,,,,,,,,,,,,,,4.166,0.274796486,0,,,,,,,,,,,,
,,,,,,,,,,,,,,,,,4.167,0.272378922,0,,,,,,,,,,,,
,,,,,,,,,,,,,,,,,4.168,0.269155502,0,,,,,,,,,,,,
,,,,,,,,,,,,,,,,,4.169,0.282855034,0,,,,,,,,,,,,
,,,,,,,,,,,,,,,,,4.17,0.276408195,0,,,,,,,,,,,,
,,,,,,,,,,,,,,,,,4.171,0.269155502,0,,,,,,,,,,,,
,,,,,,,,,,,,,,,,,4.172,0.281243324,0,,,,,,,,,,,,
,,,,,,,,,,,,,,,,,4.173,0.269155502,0,,,,,,,,,,,,
,,,,,,,,,,,,,,,,,4.174,0.273990631,0,,,,,,,,,,,,
,,,,,,,,,,,,,,,,,4.175,0.261902809,0,,,,,,,,,,,,
,,,,,,,,,,,,,,,,,4.176,0.263514519,0,,,,,,,,,,,,
,,,,,,,,,,,,,,,,,4.177,0.27721405,0,,,,,,,,,,,,
,,,,,,,,,,,,,,,,,4.178,0.273990631,0,,,,,,,,,,,,
,,,,,,,,,,,,,,,,,4.179,0.284466743,0,,,,,,,,,,,,
,,,,,,,,,,,,,,,,,4.18,0.270767212,0,,,,,,,,,,,,
,,,,,,,,,,,,,,,,,4.181,0.280437469,0,,,,,,,,,,,,
,,,,,,,,,,,,,,,,,4.182,0.269155502,0,,,,,,,,,,,,
,,,,,,,,,,,,,,,,,4.183,0.285272598,0,,,,,,,,,,,,
,,,,,,,,,,,,,,,,,4.184,0.27882576,0,,,,,,,,,,,,
,,,,,,,,,,,,,,,,,4.185,0.270767212,0,,,,,,,,,,,,
,,,,,,,,,,,,,,,,,4.186,0.276408195,0,,,,,,,,,,,,
,,,,,,,,,,,,,,,,,4.187,0.272378922,0,,,,,,,,,,,,
,,,,,,,,,,,,,,,,,4.188,0.273184776,0,,,,,,,,,,,,
,,,,,,,,,,,,,,,,,4.189,0.276408195,0,,,,,,,,,,,,
,,,,,,,,,,,,,,,,,4.19,0.264320374,0,,,,,,,,,,,,
,,,,,,,,,,,,,,,,,4.191,0.262708664,0,,,,,,,,,,,,
,,,,,,,,,,,,,,,,,4.192,0.27721405,0,,,,,,,,,,,,
,,,,,,,,,,,,,,,,,4.193,0.266737938,0,,,,,,,,,,,,
,,,,,,,,,,,,,,,,,4.194,0.270767212,0,,,,,,,,,,,,
,,,,,,,,,,,,,,,,,4.195,0.269155502,0,,,,,,,,,,,,
,,,,,,,,,,,,,,,,,4.196,0.275602341,0,,,,,,,,,,,,
,,,,,,,,,,,,,,,,,4.197,0.273184776,0,,,,,,,,,,,,
,,,,,,,,,,,,,,,,,4.198,0.265932083,0,,,,,,,,,,,,
,,,,,,,,,,,,,,,,,4.199,0.272378922,0,,,,,,,,,,,,
,,,,,,,,,,,,,,,,,4.2,0.268349648,0,,,,,,,,,,,,
,,,,,,,,,,,,,,,,,4.201,0.279631615,0,,,,,,,,,,,,
,,,,,,,,,,,,,,,,,4.202,0.27882576,0,,,,,,,,,,,,
,,,,,,,,,,,,,,,,,4.203,0.270767212,0,,,,,,,,,,,,
,,,,,,,,,,,,,,,,,4.204,0.268349648,0,,,,,,,,,,,,
,,,,,,,,,,,,,,,,,4.205,0.271573067,0,,,,,,,,,,,,
,,,,,,,,,,,,,,,,,4.206,0.273184776,0,,,,,,,,,,,,
,,,,,,,,,,,,,,,,,4.207,0.271573067,0,,,,,,,,,,,,
,,,,,,,,,,,,,,,,,4.208,0.262708664,0,,,,,,,,,,,,
,,,,,,,,,,,,,,,,,4.209,0.270767212,0,,,,,,,,,,,,
,,,,,,,,,,,,,,,,,4.21,0.270767212,0,,,,,,,,,,,,
,,,,,,,,,,,,,,,,,4.211,0.268349648,0,,,,,,,,,,,,
,,,,,,,,,,,,,,,,,4.212,0.278019905,0,,,,,,,,,,,,
,,,,,,,,,,,,,,,,,4.213,0.269961357,0,,,,,,,,,,,,
,,,,,,,,,,,,,,,,,4.214,0.267543793,0,,,,,,,,,,,,
,,,,,,,,,,,,,,,,,4.215,0.273184776,0,,,,,,,,,,,,
,,,,,,,,,,,,,,,,,4.216,0.272378922,0,,,,,,,,,,,,
,,,,,,,,,,,,,,,,,4.217,0.274796486,0,,,,,,,,,,,,
,,,,,,,,,,,,,,,,,4.218,0.265932083,0,,,,,,,,,,,,
,,,,,,,,,,,,,,,,,4.219,0.273184776,0,,,,,,,,,,,,
,,,,,,,,,,,,,,,,,4.22,0.266737938,0,,,,,,,,,,,,
,,,,,,,,,,,,,,,,,4.221,0.266737938,0,,,,,,,,,,,,
,,,,,,,,,,,,,,,,,4.222,0.257873535,0,,,,,,,,,,,,
,,,,,,,,,,,,,,,,,4.223,0.271573067,0,,,,,,,,,,,,
,,,,,,,,,,,,,,,,,4.224,0.266737938,0,,,,,,,,,,,,
,,,,,,,,,,,,,,,,,4.225,0.274796486,0,,,,,,,,,,,,
,,,,,,,,,,,,,,,,,4.226,0.262708664,0,,,,,,,,,,,,
,,,,,,,,,,,,,,,,,4.227,0.271573067,0,,,,,,,,,,,,
,,,,,,,,,,,,,,,,,4.228,0.262708664,0,,,,,,,,,,,,
,,,,,,,,,,,,,,,,,4.229,0.265126228,0,,,,,,,,,,,,
,,,,,,,,,,,,,,,,,4.23,0.275602341,0,,,,,,,,,,,,
,,,,,,,,,,,,,,,,,4.231,0.266737938,0,,,,,,,,,,,,
,,,,,,,,,,,,,,,,,4.232,0.266737938,0,,,,,,,,,,,,
,,,,,,,,,,,,,,,,,4.233,0.271573067,0,,,,,,,,,,,,
,,,,,,,,,,,,,,,,,4.234,0.265126228,0,,,,,,,,,,,,
,,,,,,,,,,,,,,,,,4.235,0.274796486,0,,,,,,,,,,,,
,,,,,,,,,,,,,,,,,4.236,0.263514519,0,,,,,,,,,,,,
,,,,,,,,,,,,,,,,,4.237,0.266737938,0,,,,,,,,,,,,
,,,,,,,,,,,,,,,,,4.238,0.265932083,0,,,,,,,,,,,,
,,,,,,,,,,,,,,,,,4.239,0.269155502,0,,,,,,,,,,,,
,,,,,,,,,,,,,,,,,4.24,0.264320374,0,,,,,,,,,,,,
,,,,,,,,,,,,,,,,,4.241,0.273990631,0,,,,,,,,,,,,
,,,,,,,,,,,,,,,,,4.242,0.269961357,0,,,,,,,,,,,,
,,,,,,,,,,,,,,,,,4.243,0.272378922,0,,,,,,,,,,,,
,,,,,,,,,,,,,,,,,4.244,0.25706768,0,,,,,,,,,,,,
,,,,,,,,,,,,,,,,,4.245,0.259485245,0,,,,,,,,,,,,
,,,,,,,,,,,,,,,,,4.246,0.267543793,0,,,,,,,,,,,,
,,,,,,,,,,,,,,,,,4.247,0.267543793,0,,,,,,,,,,,,
,,,,,,,,,,,,,,,,,4.248,0.271573067,0,,,,,,,,,,,,
,,,,,,,,,,,,,,,,,4.249,0.265932083,0,,,,,,,,,,,,
,,,,,,,,,,,,,,,,,4.25,0.270767212,0,,,,,,,,,,,,
,,,,,,,,,,,,,,,,,4.251,0.268349648,0,,,,,,,,,,,,
,,,,,,,,,,,,,,,,,4.252,0.268349648,0,,,,,,,,,,,,
,,,,,,,,,,,,,,,,,4.253,0.264320374,0,,,,,,,,,,,,
,,,,,,,,,,,,,,,,,4.254,0.276408195,0,,,,,,,,,,,,
,,,,,,,,,,,,,,,,,4.255,0.263514519,0,,,,,,,,,,,,
,,,,,,,,,,,,,,,,,4.256,0.263514519,0,,,,,,,,,,,,
,,,,,,,,,,,,,,,,,4.257,0.275602341,0,,,,,,,,,,,,
,,,,,,,,,,,,,,,,,4.258,0.267543793,0,,,,,,,,,,,,
,,,,,,,,,,,,,,,,,4.259,0.273184776,0,,,,,,,,,,,,
,,,,,,,,,,,,,,,,,4.26,0.270767212,0,,,,,,,,,,,,
,,,,,,,,,,,,,,,,,4.261,0.264320374,0,,,,,,,,,,,,
,,,,,,,,,,,,,,,,,4.262,0.274796486,0,,,,,,,,,,,,
,,,,,,,,,,,,,,,,,4.263,0.274796486,0,,,,,,,,,,,,
,,,,,,,,,,,,,,,,,4.264,0.268349648,0,,,,,,,,,,,,
,,,,,,,,,,,,,,,,,4.265,0.264320374,0,,,,,,,,,,,,
,,,,,,,,,,,,,,,,,4.266,0.268349648,0,,,,,,,,,,,,
,,,,,,,,,,,,,,,,,4.267,0.2602911,0,,,,,,,,,,,,
,,,,,,,,,,,,,,,,,4.268,0.273990631,0,,,,,,,,,,,,
,,,,,,,,,,,,,,,,,4.269,0.266737938,0,,,,,,,,,,,,
,,,,,,,,,,,,,,,,,4.27,0.265126228,0,,,,,,,,,,,,
,,,,,,,,,,,,,,,,,4.271,0.259485245,0,,,,,,,,,,,,
,,,,,,,,,,,,,,,,,4.272,0.266737938,0,,,,,,,,,,,,
,,,,,,,,,,,,,,,,,4.273,0.269961357,0,,,,,,,,,,,,
,,,,,,,,,,,,,,,,,4.274,0.261096954,0,,,,,,,,,,,,
,,,,,,,,,,,,,,,,,4.275,0.254650116,0,,,,,,,,,,,,
,,,,,,,,,,,,,,,,,4.276,0.264320374,0,,,,,,,,,,,,
,,,,,,,,,,,,,,,,,4.277,0.25867939,0,,,,,,,,,,,,
,,,,,,,,,,,,,,,,,4.278,0.261096954,0,,,,,,,,,,,,
,,,,,,,,,,,,,,,,,4.279,0.270767212,0,,,,,,,,,,,,
,,,,,,,,,,,,,,,,,4.28,0.263514519,0,,,,,,,,,,,,
,,,,,,,,,,,,,,,,,4.281,0.257873535,0,,,,,,,,,,,,
,,,,,,,,,,,,,,,,,4.282,0.269155502,0,,,,,,,,,,,,
,,,,,,,,,,,,,,,,,4.283,0.267543793,0,,,,,,,,,,,,
,,,,,,,,,,,,,,,,,4.284,0.276408195,0,,,,,,,,,,,,
,,,,,,,,,,,,,,,,,4.285,0.259485245,0,,,,,,,,,,,,
,,,,,,,,,,,,,,,,,4.286,0.261096954,0,,,,,,,,,,,,
,,,,,,,,,,,,,,,,,4.287,0.267543793,0,,,,,,,,,,,,
,,,,,,,,,,,,,,,,,4.288,0.261902809,0,,,,,,,,,,,,
,,,,,,,,,,,,,,,,,4.289,0.262708664,0,,,,,,,,,,,,
,,,,,,,,,,,,,,,,,4.29,0.263514519,0,,,,,,,,,,,,
,,,,,,,,,,,,,,,,,4.291,0.264320374,0,,,,,,,,,,,,
,,,,,,,,,,,,,,,,,4.292,0.267543793,0,,,,,,,,,,,,
,,,,,,,,,,,,,,,,,4.293,0.265932083,0,,,,,,,,,,,,
,,,,,,,,,,,,,,,,,4.294,0.261096954,0,,,,,,,,,,,,
,,,,,,,,,,,,,,,,,4.295,0.267543793,0,,,,,,,,,,,,
,,,,,,,,,,,,,,,,,4.296,0.266737938,0,,,,,,,,,,,,
,,,,,,,,,,,,,,,,,4.297,0.257873535,0,,,,,,,,,,,,
,,,,,,,,,,,,,,,,,4.298,0.259485245,0,,,,,,,,,,,,
,,,,,,,,,,,,,,,,,4.299,0.265126228,0,,,,,,,,,,,,
,,,,,,,,,,,,,,,,,4.3,0.265126228,0,,,,,,,,,,,,
,,,,,,,,,,,,,,,,,4.301,0.25706768,0,,,,,,,,,,,,
,,,,,,,,,,,,,,,,,4.302,0.257873535,0,,,,,,,,,,,,
,,,,,,,,,,,,,,,,,4.303,0.262708664,0,,,,,,,,,,,,
,,,,,,,,,,,,,,,,,4.304,0.251426697,0,,,,,,,,,,,,
,,,,,,,,,,,,,,,,,4.305,0.256261826,0,,,,,,,,,,,,
,,,,,,,,,,,,,,,,,4.306,0.2602911,0,,,,,,,,,,,,
,,,,,,,,,,,,,,,,,4.307,0.265126228,0,,,,,,,,,,,,
,,,,,,,,,,,,,,,,,4.308,0.265932083,0,,,,,,,,,,,,
,,,,,,,,,,,,,,,,,4.309,0.261902809,0,,,,,,,,,,,,
,,,,,,,,,,,,,,,,,4.31,0.254650116,0,,,,,,,,,,,,
,,,,,,,,,,,,,,,,,4.311,0.262708664,0,,,,,,,,,,,,
,,,,,,,,,,,,,,,,,4.312,0.261902809,0,,,,,,,,,,,,
,,,,,,,,,,,,,,,,,4.313,0.248203278,0,,,,,,,,,,,,
,,,,,,,,,,,,,,,,,4.314,0.25867939,0,,,,,,,,,,,,
,,,,,,,,,,,,,,,,,4.315,0.253844261,0,,,,,,,,,,,,
,,,,,,,,,,,,,,,,,4.316,0.25867939,0,,,,,,,,,,,,
,,,,,,,,,,,,,,,,,4.317,0.249009132,0,,,,,,,,,,,,
,,,,,,,,,,,,,,,,,4.318,0.2602911,0,,,,,,,,,,,,
,,,,,,,,,,,,,,,,,4.319,0.254650116,0,,,,,,,,,,,,
,,,,,,,,,,,,,,,,,4.32,0.253038406,0,,,,,,,,,,,,
,,,,,,,,,,,,,,,,,4.321,0.253844261,0,,,,,,,,,,,,
,,,,,,,,,,,,,,,,,4.322,0.257873535,0,,,,,,,,,,,,
,,,,,,,,,,,,,,,,,4.323,0.256261826,0,,,,,,,,,,,,
,,,,,,,,,,,,,,,,,4.324,0.253038406,0,,,,,,,,,,,,
,,,,,,,,,,,,,,,,,4.325,0.257873535,0,,,,,,,,,,,,
,,,,,,,,,,,,,,,,,4.326,0.2602911,0,,,,,,,,,,,,
,,,,,,,,,,,,,,,,,4.327,0.248203278,0,,,,,,,,,,,,
,,,,,,,,,,,,,,,,,4.328,0.256261826,0,,,,,,,,,,,,
,,,,,,,,,,,,,,,,,4.329,0.259485245,0,,,,,,,,,,,,
,,,,,,,,,,,,,,,,,4.33,0.251426697,0,,,,,,,,,,,,
,,,,,,,,,,,,,,,,,4.331,0.257873535,0,,,,,,,,,,,,
,,,,,,,,,,,,,,,,,4.332,0.259485245,0,,,,,,,,,,,,
,,,,,,,,,,,,,,,,,4.333,0.255455971,0,,,,,,,,,,,,
,,,,,,,,,,,,,,,,,4.334,0.261096954,0,,,,,,,,,,,,
,,,,,,,,,,,,,,,,,4.335,0.256261826,0,,,,,,,,,,,,
,,,,,,,,,,,,,,,,,4.336,0.262708664,0,,,,,,,,,,,,
,,,,,,,,,,,,,,,,,4.337,0.256261826,0,,,,,,,,,,,,
,,,,,,,,,,,,,,,,,4.338,0.255455971,0,,,,,,,,,,,,
,,,,,,,,,,,,,,,,,4.339,0.264320374,0,,,,,,,,,,,,
,,,,,,,,,,,,,,,,,4.34,0.251426697,0,,,,,,,,,,,,
,,,,,,,,,,,,,,,,,4.341,0.265932083,0,,,,,,,,,,,,
,,,,,,,,,,,,,,,,,4.342,0.264320374,0,,,,,,,,,,,,
,,,,,,,,,,,,,,,,,4.343,0.252232552,0,,,,,,,,,,,,
,,,,,,,,,,,,,,,,,4.344,0.253038406,0,,,,,,,,,,,,
,,,,,,,,,,,,,,,,,4.345,0.247397423,0,,,,,,,,,,,,
,,,,,,,,,,,,,,,,,4.346,0.255455971,0,,,,,,,,,,,,
,,,,,,,,,,,,,,,,,4.347,0.2602911,0,,,,,,,,,,,,
,,,,,,,,,,,,,,,,,4.348,0.264320374,0,,,,,,,,,,,,
,,,,,,,,,,,,,,,,,4.349,0.247397423,0,,,,,,,,,,,,
,,,,,,,,,,,,,,,,,4.35,0.248203278,0,,,,,,,,,,,,
,,,,,,,,,,,,,,,,,4.351,0.253038406,0,,,,,,,,,,,,
,,,,,,,,,,,,,,,,,4.352,0.256261826,0,,,,,,,,,,,,
,,,,,,,,,,,,,,,,,4.353,0.246591568,0,,,,,,,,,,,,
,,,,,,,,,,,,,,,,,4.354,0.253038406,0,,,,,,,,,,,,
,,,,,,,,,,,,,,,,,4.355,0.263514519,0,,,,,,,,,,,,
,,,,,,,,,,,,,,,,,4.356,0.249814987,0,,,,,,,,,,,,
,,,,,,,,,,,,,,,,,4.357,0.250620842,0,,,,,,,,,,,,
,,,,,,,,,,,,,,,,,4.358,0.256261826,0,,,,,,,,,,,,
,,,,,,,,,,,,,,,,,4.359,0.257873535,0,,,,,,,,,,,,
,,,,,,,,,,,,,,,,,4.36,0.261096954,0,,,,,,,,,,,,
,,,,,,,,,,,,,,,,,4.361,0.247397423,0,,,,,,,,,,,,
,,,,,,,,,,,,,,,,,4.362,0.2602911,0,,,,,,,,,,,,
,,,,,,,,,,,,,,,,,4.363,0.255455971,0,,,,,,,,,,,,
,,,,,,,,,,,,,,,,,4.364,0.257873535,0,,,,,,,,,,,,
,,,,,,,,,,,,,,,,,4.365,0.253038406,0,,,,,,,,,,,,
,,,,,,,,,,,,,,,,,4.366,0.250620842,0,,,,,,,,,,,,
,,,,,,,,,,,,,,,,,4.367,0.255455971,0,,,,,,,,,,,,
,,,,,,,,,,,,,,,,,4.368,0.25867939,0,,,,,,,,,,,,
,,,,,,,,,,,,,,,,,4.369,0.249814987,0,,,,,,,,,,,,
,,,,,,,,,,,,,,,,,4.37,0.256261826,0,,,,,,,,,,,,
,,,,,,,,,,,,,,,,,4.371,0.254650116,0,,,,,,,,,,,,
,,,,,,,,,,,,,,,,,4.372,0.256261826,0,,,,,,,,,,,,
,,,,,,,,,,,,,,,,,4.373,0.256261826,0,,,,,,,,,,,,
,,,,,,,,,,,,,,,,,4.374,0.246591568,0,,,,,,,,,,,,
,,,,,,,,,,,,,,,,,4.375,0.259485245,0,,,,,,,,,,,,
,,,,,,,,,,,,,,,,,4.376,0.253038406,0,,,,,,,,,,,,
,,,,,,,,,,,,,,,,,4.377,0.25867939,0,,,,,,,,,,,,
,,,,,,,,,,,,,,,,,4.378,0.251426697,0,,,,,,,,,,,,
,,,,,,,,,,,,,,,,,4.379,0.259485245,0,,,,,,,,,,,,
,,,,,,,,,,,,,,,,,4.38,0.24014473,0,,,,,,,,,,,,
,,,,,,,,,,,,,,,,,4.381,0.255455971,0,,,,,,,,,,,,
,,,,,,,,,,,,,,,,,4.382,0.261096954,0,,,,,,,,,,,,
,,,,,,,,,,,,,,,,,4.383,0.263514519,0,,,,,,,,,,,,
,,,,,,,,,,,,,,,,,4.384,0.253844261,0,,,,,,,,,,,,
,,,,,,,,,,,,,,,,,4.385,0.257873535,0,,,,,,,,,,,,
,,,,,,,,,,,,,,,,,4.386,0.253038406,0,,,,,,,,,,,,
,,,,,,,,,,,,,,,,,4.387,0.250620842,0,,,,,,,,,,,,
,,,,,,,,,,,,,,,,,4.388,0.253844261,0,,,,,,,,,,,,
,,,,,,,,,,,,,,,,,4.389,0.259485245,0,,,,,,,,,,,,
,,,,,,,,,,,,,,,,,4.39,0.249009132,0,,,,,,,,,,,,
,,,,,,,,,,,,,,,,,4.391,0.25867939,0,,,,,,,,,,,,
,,,,,,,,,,,,,,,,,4.392,0.252232552,0,,,,,,,,,,,,
,,,,,,,,,,,,,,,,,4.393,0.251426697,0,,,,,,,,,,,,
,,,,,,,,,,,,,,,,,4.394,0.255455971,0,,,,,,,,,,,,
,,,,,,,,,,,,,,,,,4.395,0.246591568,0,,,,,,,,,,,,
,,,,,,,,,,,,,,,,,4.396,0.256261826,0,,,,,,,,,,,,
,,,,,,,,,,,,,,,,,4.397,0.251426697,0,,,,,,,,,,,,
,,,,,,,,,,,,,,,,,4.398,0.23853302,0,,,,,,,,,,,,
,,,,,,,,,,,,,,,,,4.399,0.246591568,0,,,,,,,,,,,,
,,,,,,,,,,,,,,,,,4.4,0.249814987,0,,,,,,,,,,,,
,,,,,,,,,,,,,,,,,4.401,0.259485245,0,,,,,,,,,,,,
,,,,,,,,,,,,,,,,,4.402,0.247397423,0,,,,,,,,,,,,
,,,,,,,,,,,,,,,,,4.403,0.257873535,0,,,,,,,,,,,,
,,,,,,,,,,,,,,,,,4.404,0.249814987,0,,,,,,,,,,,,
,,,,,,,,,,,,,,,,,4.405,0.255455971,0,,,,,,,,,,,,
,,,,,,,,,,,,,,,,,4.406,0.249814987,0,,,,,,,,,,,,
,,,,,,,,,,,,,,,,,4.407,0.251426697,0,,,,,,,,,,,,
,,,,,,,,,,,,,,,,,4.408,0.257873535,0,,,,,,,,,,,,
,,,,,,,,,,,,,,,,,4.409,0.251426697,0,,,,,,,,,,,,
,,,,,,,,,,,,,,,,,4.41,0.256261826,0,,,,,,,,,,,,
,,,,,,,,,,,,,,,,,4.411,0.253038406,0,,,,,,,,,,,,
,,,,,,,,,,,,,,,,,4.412,0.246591568,0,,,,,,,,,,,,
,,,,,,,,,,,,,,,,,4.413,0.247397423,0,,,,,,,,,,,,
,,,,,,,,,,,,,,,,,4.414,0.253038406,0,,,,,,,,,,,,
,,,,,,,,,,,,,,,,,4.415,0.254650116,0,,,,,,,,,,,,
,,,,,,,,,,,,,,,,,4.416,0.251426697,0,,,,,,,,,,,,
,,,,,,,,,,,,,,,,,4.417,0.253038406,0,,,,,,,,,,,,
,,,,,,,,,,,,,,,,,4.418,0.256261826,0,,,,,,,,,,,,
,,,,,,,,,,,,,,,,,4.419,0.23692131,0,,,,,,,,,,,,
,,,,,,,,,,,,,,,,,4.42,0.265126228,0,,,,,,,,,,,,
,,,,,,,,,,,,,,,,,4.421,0.249009132,0,,,,,,,,,,,,
,,,,,,,,,,,,,,,,,4.422,0.252232552,0,,,,,,,,,,,,
,,,,,,,,,,,,,,,,,4.423,0.251426697,0,,,,,,,,,,,,
,,,,,,,,,,,,,,,,,4.424,0.249814987,0,,,,,,,,,,,,
,,,,,,,,,,,,,,,,,4.425,0.253844261,0,,,,,,,,,,,,
,,,,,,,,,,,,,,,,,4.426,0.253038406,0,,,,,,,,,,,,
,,,,,,,,,,,,,,,,,4.427,0.256261826,0,,,,,,,,,,,,
,,,,,,,,,,,,,,,,,4.428,0.253038406,0,,,,,,,,,,,,
,,,,,,,,,,,,,,,,,4.429,0.246591568,0,,,,,,,,,,,,
,,,,,,,,,,,,,,,,,4.43,0.251426697,0,,,,,,,,,,,,
,,,,,,,,,,,,,,,,,4.431,0.252232552,0,,,,,,,,,,,,
,,,,,,,,,,,,,,,,,4.432,0.252232552,0,,,,,,,,,,,,
,,,,,,,,,,,,,,,,,4.433,0.247397423,0,,,,,,,,,,,,
,,,,,,,,,,,,,,,,,4.434,0.249009132,0,,,,,,,,,,,,
,,,,,,,,,,,,,,,,,4.435,0.248203278,0,,,,,,,,,,,,
,,,,,,,,,,,,,,,,,4.436,0.248203278,0,,,,,,,,,,,,
,,,,,,,,,,,,,,,,,4.437,0.246591568,0,,,,,,,,,,,,
,,,,,,,,,,,,,,,,,4.438,0.247397423,0,,,,,,,,,,,,
,,,,,,,,,,,,,,,,,4.439,0.252232552,0,,,,,,,,,,,,
,,,,,,,,,,,,,,,,,4.44,0.246591568,0,,,,,,,,,,,,
,,,,,,,,,,,,,,,,,4.441,0.253844261,0,,,,,,,,,,,,
,,,,,,,,,,,,,,,,,4.442,0.253844261,0,,,,,,,,,,,,
,,,,,,,,,,,,,,,,,4.443,0.247397423,0,,,,,,,,,,,,
,,,,,,,,,,,,,,,,,4.444,0.244979858,0,,,,,,,,,,,,
,,,,,,,,,,,,,,,,,4.445,0.249814987,0,,,,,,,,,,,,
,,,,,,,,,,,,,,,,,4.446,0.249814987,0,,,,,,,,,,,,
,,,,,,,,,,,,,,,,,4.447,0.249009132,0,,,,,,,,,,,,
,,,,,,,,,,,,,,,,,4.448,0.257873535,0,,,,,,,,,,,,
,,,,,,,,,,,,,,,,,4.449,0.251426697,0,,,,,,,,,,,,
,,,,,,,,,,,,,,,,,4.45,0.246591568,0,,,,,,,,,,,,
,,,,,,,,,,,,,,,,,4.451,0.250620842,0,,,,,,,,,,,,
,,,,,,,,,,,,,,,,,4.452,0.255455971,0,,,,,,,,,,,,
,,,,,,,,,,,,,,,,,4.453,0.240950584,0,,,,,,,,,,,,
,,,,,,,,,,,,,,,,,4.454,0.2602911,0,,,,,,,,,,,,
,,,,,,,,,,,,,,,,,4.455,0.249009132,0,,,,,,,,,,,,
,,,,,,,,,,,,,,,,,4.456,0.244174004,0,,,,,,,,,,,,
,,,,,,,,,,,,,,,,,4.457,0.244979858,0,,,,,,,,,,,,
,,,,,,,,,,,,,,,,,4.458,0.248203278,0,,,,,,,,,,,,
,,,,,,,,,,,,,,,,,4.459,0.247397423,0,,,,,,,,,,,,
,,,,,,,,,,,,,,,,,4.46,0.248203278,0,,,,,,,,,,,,
,,,,,,,,,,,,,,,,,4.461,0.245785713,0,,,,,,,,,,,,
,,,,,,,,,,,,,,,,,4.462,0.245785713,0,,,,,,,,,,,,
,,,,,,,,,,,,,,,,,4.463,0.240950584,0,,,,,,,,,,,,
,,,,,,,,,,,,,,,,,4.464,0.23853302,0,,,,,,,,,,,,
,,,,,,,,,,,,,,,,,4.465,0.24014473,0,,,,,,,,,,,,
,,,,,,,,,,,,,,,,,4.466,0.23853302,0,,,,,,,,,,,,
,,,,,,,,,,,,,,,,,4.467,0.233697891,0,,,,,,,,,,,,
,,,,,,,,,,,,,,,,,4.468,0.23853302,0,,,,,,,,,,,,
,,,,,,,,,,,,,,,,,4.469,0.242562294,0,,,,,,,,,,,,
,,,,,,,,,,,,,,,,,4.47,0.24014473,0,,,,,,,,,,,,
,,,,,,,,,,,,,,,,,4.471,0.235309601,0,,,,,,,,,,,,
,,,,,,,,,,,,,,,,,4.472,0.241756439,0,,,,,,,,,,,,
,,,,,,,,,,,,,,,,,4.473,0.244174004,0,,,,,,,,,,,,
,,,,,,,,,,,,,,,,,4.474,0.237727165,0,,,,,,,,,,,,
,,,,,,,,,,,,,,,,,4.475,0.234503746,0,,,,,,,,,,,,
,,,,,,,,,,,,,,,,,4.476,0.248203278,0,,,,,,,,,,,,
,,,,,,,,,,,,,,,,,4.477,0.250620842,0,,,,,,,,,,,,
,,,,,,,,,,,,,,,,,4.478,0.242562294,0,,,,,,,,,,,,
,,,,,,,,,,,,,,,,,4.479,0.225639343,0,,,,,,,,,,,,
,,,,,,,,,,,,,,,,,4.48,0.234503746,0,,,,,,,,,,,,
,,,,,,,,,,,,,,,,,4.481,0.23692131,0,,,,,,,,,,,,
,,,,,,,,,,,,,,,,,4.482,0.231280327,0,,,,,,,,,,,,
,,,,,,,,,,,,,,,,,4.483,0.240950584,0,,,,,,,,,,,,
,,,,,,,,,,,,,,,,,4.484,0.233697891,0,,,,,,,,,,,,
,,,,,,,,,,,,,,,,,4.485,0.235309601,0,,,,,,,,,,,,
,,,,,,,,,,,,,,,,,4.486,0.229668617,0,,,,,,,,,,,,
,,,,,,,,,,,,,,,,,4.487,0.233697891,0,,,,,,,,,,,,
,,,,,,,,,,,,,,,,,4.488,0.241756439,0,,,,,,,,,,,,
,,,,,,,,,,,,,,,,,4.489,0.235309601,0,,,,,,,,,,,,
,,,,,,,,,,,,,,,,,4.49,0.239338875,0,,,,,,,,,,,,
,,,,,,,,,,,,,,,,,4.491,0.234503746,0,,,,,,,,,,,,
,,,,,,,,,,,,,,,,,4.492,0.226445198,0,,,,,,,,,,,,
,,,,,,,,,,,,,,,,,4.493,0.236115456,0,,,,,,,,,,,,
,,,,,,,,,,,,,,,,,4.494,0.234503746,0,,,,,,,,,,,,
,,,,,,,,,,,,,,,,,4.495,0.232086182,0,,,,,,,,,,,,
,,,,,,,,,,,,,,,,,4.496,0.23692131,0,,,,,,,,,,,,
,,,,,,,,,,,,,,,,,4.497,0.230474472,0,,,,,,,,,,,,
,,,,,,,,,,,,,,,,,4.498,0.232892036,0,,,,,,,,,,,,
,,,,,,,,,,,,,,,,,4.499,0.228056908,0,,,,,,,,,,,,
,,,,,,,,,,,,,,,,,4.5,0.233697891,0,,,,,,,,,,,,
,,,,,,,,,,,,,,,,,4.501,0.228056908,0,,,,,,,,,,,,
,,,,,,,,,,,,,,,,,4.502,0.224833488,0,,,,,,,,,,,,
,,,,,,,,,,,,,,,,,4.503,0.239338875,0,,,,,,,,,,,,
,,,,,,,,,,,,,,,,,4.504,0.228862762,0,,,,,,,,,,,,
,,,,,,,,,,,,,,,,,4.505,0.226445198,0,,,,,,,,,,,,
,,,,,,,,,,,,,,,,,4.506,0.227251053,0,,,,,,,,,,,,
,,,,,,,,,,,,,,,,,4.507,0.232892036,0,,,,,,,,,,,,
,,,,,,,,,,,,,,,,,4.508,0.231280327,0,,,,,,,,,,,,
,,,,,,,,,,,,,,,,,4.509,0.230474472,0,,,,,,,,,,,,
,,,,,,,,,,,,,,,,,4.51,0.224027634,0,,,,,,,,,,,,
,,,,,,,,,,,,,,,,,4.511,0.228056908,0,,,,,,,,,,,,
,,,,,,,,,,,,,,,,,4.512,0.228056908,0,,,,,,,,,,,,
,,,,,,,,,,,,,,,,,4.513,0.224833488,0,,,,,,,,,,,,
,,,,,,,,,,,,,,,,,4.514,0.228056908,0,,,,,,,,,,,,
,,,,,,,,,,,,,,,,,4.515,0.223221779,0,,,,,,,,,,,,
,,,,,,,,,,,,,,,,,4.516,0.228056908,0,,,,,,,,,,,,
,,,,,,,,,,,,,,,,,4.517,0.236115456,0,,,,,,,,,,,,
,,,,,,,,,,,,,,,,,4.518,0.227251053,0,,,,,,,,,,,,
,,,,,,,,,,,,,,,,,4.519,0.233697891,0,,,,,,,,,,,,
,,,,,,,,,,,,,,,,,4.52,0.229668617,0,,,,,,,,,,,,
,,,,,,,,,,,,,,,,,4.521,0.226445198,0,,,,,,,,,,,,
,,,,,,,,,,,,,,,,,4.522,0.228056908,0,,,,,,,,,,,,
,,,,,,,,,,,,,,,,,4.523,0.232086182,0,,,,,,,,,,,,
,,,,,,,,,,,,,,,,,4.524,0.230474472,0,,,,,,,,,,,,
,,,,,,,,,,,,,,,,,4.525,0.233697891,0,,,,,,,,,,,,
,,,,,,,,,,,,,,,,,4.526,0.232086182,0,,,,,,,,,,,,
,,,,,,,,,,,,,,,,,4.527,0.21999836,0,,,,,,,,,,,,
,,,,,,,,,,,,,,,,,4.528,0.224027634,0,,,,,,,,,,,,
,,,,,,,,,,,,,,,,,4.529,0.232086182,0,,,,,,,,,,,,
,,,,,,,,,,,,,,,,,4.53,0.234503746,0,,,,,,,,,,,,
,,,,,,,,,,,,,,,,,4.531,0.227251053,0,,,,,,,,,,,,
,,,,,,,,,,,,,,,,,4.532,0.228056908,0,,,,,,,,,,,,
,,,,,,,,,,,,,,,,,4.533,0.228862762,0,,,,,,,,,,,,
,,,,,,,,,,,,,,,,,4.534,0.228056908,0,,,,,,,,,,,,
,,,,,,,,,,,,,,,,,4.535,0.224833488,0,,,,,,,,,,,,
,,,,,,,,,,,,,,,,,4.536,0.228056908,0,,,,,,,,,,,,
,,,,,,,,,,,,,,,,,4.537,0.222415924,0,,,,,,,,,,,,
,,,,,,,,,,,,,,,,,4.538,0.222415924,0,,,,,,,,,,,,
,,,,,,,,,,,,,,,,,4.539,0.225639343,0,,,,,,,,,,,,
,,,,,,,,,,,,,,,,,4.54,0.234503746,0,,,,,,,,,,,,
,,,,,,,,,,,,,,,,,4.541,0.225639343,0,,,,,,,,,,,,
,,,,,,,,,,,,,,,,,4.542,0.224833488,0,,,,,,,,,,,,
,,,,,,,,,,,,,,,,,4.543,0.225639343,0,,,,,,,,,,,,
,,,,,,,,,,,,,,,,,4.544,0.222415924,0,,,,,,,,,,,,
,,,,,,,,,,,,,,,,,4.545,0.225639343,0,,,,,,,,,,,,
,,,,,,,,,,,,,,,,,4.546,0.225639343,0,,,,,,,,,,,,
,,,,,,,,,,,,,,,,,4.547,0.221610069,0,,,,,,,,,,,,
,,,,,,,,,,,,,,,,,4.548,0.231280327,0,,,,,,,,,,,,
,,,,,,,,,,,,,,,,,4.549,0.219192505,0,,,,,,,,,,,,
,,,,,,,,,,,,,,,,,4.55,0.215969086,0,,,,,,,,,,,,
,,,,,,,,,,,,,,,,,4.551,0.222415924,0,,,,,,,,,,,,
,,,,,,,,,,,,,,,,,4.552,0.224833488,0,,,,,,,,,,,,
,,,,,,,,,,,,,,,,,4.553,0.221610069,0,,,,,,,,,,,,
,,,,,,,,,,,,,,,,,4.554,0.223221779,0,,,,,,,,,,,,
,,,,,,,,,,,,,,,,,4.555,0.222415924,0,,,,,,,,,,,,
,,,,,,,,,,,,,,,,,4.556,0.219192505,0,,,,,,,,,,,,
,,,,,,,,,,,,,,,,,4.557,0.222415924,0,,,,,,,,,,,,
,,,,,,,,,,,,,,,,,4.558,0.210328102,0,,,,,,,,,,,,
,,,,,,,,,,,,,,,,,4.559,0.222415924,0,,,,,,,,,,,,
,,,,,,,,,,,,,,,,,4.56,0.229668617,0,,,,,,,,,,,,
,,,,,,,,,,,,,,,,,4.561,0.228862762,0,,,,,,,,,,,,
,,,,,,,,,,,,,,,,,4.562,0.224833488,0,,,,,,,,,,,,
,,,,,,,,,,,,,,,,,4.563,0.219192505,0,,,,,,,,,,,,
,,,,,,,,,,,,,,,,,4.564,0.219192505,0,,,,,,,,,,,,
,,,,,,,,,,,,,,,,,4.565,0.21838665,0,,,,,,,,,,,,
,,,,,,,,,,,,,,,,,4.566,0.21838665,0,,,,,,,,,,,,
,,,,,,,,,,,,,,,,,4.567,0.21999836,0,,,,,,,,,,,,
,,,,,,,,,,,,,,,,,4.568,0.21838665,0,,,,,,,,,,,,
,,,,,,,,,,,,,,,,,4.569,0.214357376,0,,,,,,,,,,,,
,,,,,,,,,,,,,,,,,4.57,0.212745667,0,,,,,,,,,,,,
,,,,,,,,,,,,,,,,,4.571,0.224833488,0,,,,,,,,,,,,
,,,,,,,,,,,,,,,,,4.572,0.225639343,0,,,,,,,,,,,,
,,,,,,,,,,,,,,,,,4.573,0.221610069,0,,,,,,,,,,,,
,,,,,,,,,,,,,,,,,4.574,0.230474472,0,,,,,,,,,,,,
,,,,,,,,,,,,,,,,,4.575,0.221610069,0,,,,,,,,,,,,
,,,,,,,,,,,,,,,,,4.576,0.221610069,0,,,,,,,,,,,,
,,,,,,,,,,,,,,,,,4.577,0.227251053,0,,,,,,,,,,,,
,,,,,,,,,,,,,,,,,4.578,0.214357376,0,,,,,,,,,,,,
,,,,,,,,,,,,,,,,,4.579,0.210328102,0,,,,,,,,,,,,
,,,,,,,,,,,,,,,,,4.58,0.21677494,0,,,,,,,,,,,,
,,,,,,,,,,,,,,,,,4.581,0.213551521,0,,,,,,,,,,,,
,,,,,,,,,,,,,,,,,4.582,0.226445198,0,,,,,,,,,,,,
,,,,,,,,,,,,,,,,,4.583,0.217580795,0,,,,,,,,,,,,
,,,,,,,,,,,,,,,,,4.584,0.213551521,0,,,,,,,,,,,,
,,,,,,,,,,,,,,,,,4.585,0.220804214,0,,,,,,,,,,,,
,,,,,,,,,,,,,,,,,4.586,0.217580795,0,,,,,,,,,,,,
,,,,,,,,,,,,,,,,,4.587,0.21999836,0,,,,,,,,,,,,
,,,,,,,,,,,,,,,,,4.588,0.215163231,0,,,,,,,,,,,,
,,,,,,,,,,,,,,,,,4.589,0.215969086,0,,,,,,,,,,,,
,,,,,,,,,,,,,,,,,4.59,0.21838665,0,,,,,,,,,,,,
,,,,,,,,,,,,,,,,,4.591,0.213551521,0,,,,,,,,,,,,
,,,,,,,,,,,,,,,,,4.592,0.207910538,0,,,,,,,,,,,,
,,,,,,,,,,,,,,,,,4.593,0.214357376,0,,,,,,,,,,,,
,,,,,,,,,,,,,,,,,4.594,0.21999836,0,,,,,,,,,,,,
,,,,,,,,,,,,,,,,,4.595,0.212745667,0,,,,,,,,,,,,
,,,,,,,,,,,,,,,,,4.596,0.229668617,0,,,,,,,,,,,,
,,,,,,,,,,,,,,,,,4.597,0.217580795,0,,,,,,,,,,,,
,,,,,,,,,,,,,,,,,4.598,0.215163231,0,,,,,,,,,,,,
,,,,,,,,,,,,,,,,,4.599,0.215969086,0,,,,,,,,,,,,
,,,,,,,,,,,,,,,,,4.6,0.206298828,0,,,,,,,,,,,,
,,,,,,,,,,,,,,,,,4.601,0.21677494,0,,,,,,,,,,,,
,,,,,,,,,,,,,,,,,4.602,0.210328102,0,,,,,,,,,,,,
,,,,,,,,,,,,,,,,,4.603,0.213551521,0,,,,,,,,,,,,
,,,,,,,,,,,,,,,,,4.604,0.215163231,0,,,,,,,,,,,,
,,,,,,,,,,,,,,,,,4.605,0.224027634,0,,,,,,,,,,,,
,,,,,,,,,,,,,,,,,4.606,0.217580795,0,,,,,,,,,,,,
,,,,,,,,,,,,,,,,,4.607,0.211133957,0,,,,,,,,,,,,
,,,,,,,,,,,,,,,,,4.608,0.215969086,0,,,,,,,,,,,,
,,,,,,,,,,,,,,,,,4.609,0.21677494,0,,,,,,,,,,,,
,,,,,,,,,,,,,,,,,4.61,0.209522247,0,,,,,,,,,,,,
,,,,,,,,,,,,,,,,,4.611,0.214357376,0,,,,,,,,,,,,
,,,,,,,,,,,,,,,,,4.612,0.211939812,0,,,,,,,,,,,,
,,,,,,,,,,,,,,,,,4.613,0.211939812,0,,,,,,,,,,,,
,,,,,,,,,,,,,,,,,4.614,0.211133957,0,,,,,,,,,,,,
,,,,,,,,,,,,,,,,,4.615,0.215969086,0,,,,,,,,,,,,
,,,,,,,,,,,,,,,,,4.616,0.21838665,0,,,,,,,,,,,,
,,,,,,,,,,,,,,,,,4.617,0.21838665,0,,,,,,,,,,,,
,,,,,,,,,,,,,,,,,4.618,0.201463699,0,,,,,,,,,,,,
,,,,,,,,,,,,,,,,,4.619,0.211133957,0,,,,,,,,,,,,
,,,,,,,,,,,,,,,,,4.62,0.219192505,0,,,,,,,,,,,,
,,,,,,,,,,,,,,,,,4.621,0.208716393,0,,,,,,,,,,,,
,,,,,,,,,,,,,,,,,4.622,0.215969086,0,,,,,,,,,,,,
,,,,,,,,,,,,,,,,,4.623,0.189375877,0,,,,,,,,,,,,
,,,,,,,,,,,,,,,,,4.624,0.187764168,0,,,,,,,,,,,,
,,,,,,,,,,,,,,,,,4.625,0.194211006,0,,,,,,,,,,,,
,,,,,,,,,,,,,,,,,4.626,0.188570023,0,,,,,,,,,,,,
,,,,,,,,,,,,,,,,,4.627,0.183734894,0,,,,,,,,,,,,
,,,,,,,,,,,,,,,,,4.628,0.183734894,0,,,,,,,,,,,,
,,,,,,,,,,,,,,,,,4.629,0.187764168,0,,,,,,,,,,,,
,,,,,,,,,,,,,,,,,4.63,0.191793442,0,,,,,,,,,,,,
,,,,,,,,,,,,,,,,,4.631,0.190987587,0,,,,,,,,,,,,
,,,,,,,,,,,,,,,,,4.632,0.186958313,0,,,,,,,,,,,,
,,,,,,,,,,,,,,,,,4.633,0.185346603,0,,,,,,,,,,,,
,,,,,,,,,,,,,,,,,4.634,0.184540749,0,,,,,,,,,,,,
,,,,,,,,,,,,,,,,,4.635,0.195822716,0,,,,,,,,,,,,
,,,,,,,,,,,,,,,,,4.636,0.183734894,0,,,,,,,,,,,,
,,,,,,,,,,,,,,,,,4.637,0.188570023,0,,,,,,,,,,,,
,,,,,,,,,,,,,,,,,4.638,0.183734894,0,,,,,,,,,,,,
,,,,,,,,,,,,,,,,,4.639,0.186152458,0,,,,,,,,,,,,
,,,,,,,,,,,,,,,,,4.64,0.189375877,0,,,,,,,,,,,,
,,,,,,,,,,,,,,,,,4.641,0.189375877,0,,,,,,,,,,,,
,,,,,,,,,,,,,,,,,4.642,0.183734894,0,,,,,,,,,,,,
,,,,,,,,,,,,,,,,,4.643,0.184540749,0,,,,,,,,,,,,
,,,,,,,,,,,,,,,,,4.644,0.190987587,0,,,,,,,,,,,,
,,,,,,,,,,,,,,,,,4.645,0.184540749,0,,,,,,,,,,,,
,,,,,,,,,,,,,,,,,4.646,0.185346603,0,,,,,,,,,,,,
,,,,,,,,,,,,,,,,,4.647,0.190181732,0,,,,,,,,,,,,
,,,,,,,,,,,,,,,,,4.648,0.186152458,0,,,,,,,,,,,,
,,,,,,,,,,,,,,,,,4.649,0.190987587,0,,,,,,,,,,,,
,,,,,,,,,,,,,,,,,4.65,0.186958313,0,,,,,,,,,,,,
,,,,,,,,,,,,,,,,,4.651,0.184540749,0,,,,,,,,,,,,
,,,,,,,,,,,,,,,,,4.652,0.190987587,0,,,,,,,,,,,,
,,,,,,,,,,,,,,,,,4.653,0.178899765,0,,,,,,,,,,,,
,,,,,,,,,,,,,,,,,4.654,0.186958313,0,,,,,,,,,,,,
,,,,,,,,,,,,,,,,,4.655,0.182929039,0,,,,,,,,,,,,
,,,,,,,,,,,,,,,,,4.656,0.182929039,0,,,,,,,,,,,,
,,,,,,,,,,,,,,,,,4.657,0.186152458,0,,,,,,,,,,,,
,,,,,,,,,,,,,,,,,4.658,0.190987587,0,,,,,,,,,,,,
,,,,,,,,,,,,,,,,,4.659,0.185346603,0,,,,,,,,,,,,
,,,,,,,,,,,,,,,,,4.66,0.188570023,0,,,,,,,,,,,,
,,,,,,,,,,,,,,,,,4.661,0.184540749,0,,,,,,,,,,,,
,,,,,,,,,,,,,,,,,4.662,0.185346603,0,,,,,,,,,,,,
,,,,,,,,,,,,,,,,,4.663,0.176482201,0,,,,,,,,,,,,
,,,,,,,,,,,,,,,,,4.664,0.191793442,0,,,,,,,,,,,,
,,,,,,,,,,,,,,,,,4.665,0.184540749,0,,,,,,,,,,,,
,,,,,,,,,,,,,,,,,4.666,0.189375877,0,,,,,,,,,,,,
,,,,,,,,,,,,,,,,,4.667,0.190987587,0,,,,,,,,,,,,
,,,,,,,,,,,,,,,,,4.668,0.181317329,0,,,,,,,,,,,,
,,,,,,,,,,,,,,,,,4.669,0.185346603,0,,,,,,,,,,,,
,,,,,,,,,,,,,,,,,4.67,0.188570023,0,,,,,,,,,,,,
,,,,,,,,,,,,,,,,,4.671,0.184540749,0,,,,,,,,,,,,
,,,,,,,,,,,,,,,,,4.672,0.182123184,0,,,,,,,,,,,,
,,,,,,,,,,,,,,,,,4.673,0.172452927,0,,,,,,,,,,,,
,,,,,,,,,,,,,,,,,4.674,0.193405151,0,,,,,,,,,,,,
,,,,,,,,,,,,,,,,,4.675,0.183734894,0,,,,,,,,,,,,
,,,,,,,,,,,,,,,,,4.676,0.178899765,0,,,,,,,,,,,,
,,,,,,,,,,,,,,,,,4.677,0.184540749,0,,,,,,,,,,,,
,,,,,,,,,,,,,,,,,4.678,0.184540749,0,,,,,,,,,,,,
,,,,,,,,,,,,,,,,,4.679,0.181317329,0,,,,,,,,,,,,
,,,,,,,,,,,,,,,,,4.68,0.186152458,0,,,,,,,,,,,,
,,,,,,,,,,,,,,,,,4.681,0.185346603,0,,,,,,,,,,,,
,,,,,,,,,,,,,,,,,4.682,0.182123184,0,,,,,,,,,,,,
,,,,,,,,,,,,,,,,,4.683,0.182929039,0,,,,,,,,,,,,
,,,,,,,,,,,,,,,,,4.684,0.182929039,0,,,,,,,,,,,,
,,,,,,,,,,,,,,,,,4.685,0.186152458,0,,,,,,,,,,,,
,,,,,,,,,,,,,,,,,4.686,0.184540749,0,,,,,,,,,,,,
,,,,,,,,,,,,,,,,,4.687,0.191793442,0,,,,,,,,,,,,
,,,,,,,,,,,,,,,,,4.688,0.186958313,0,,,,,,,,,,,,
,,,,,,,,,,,,,,,,,4.689,0.187764168,0,,,,,,,,,,,,
,,,,,,,,,,,,,,,,,4.69,0.176482201,0,,,,,,,,,,,,
,,,,,,,,,,,,,,,,,4.691,0.180511475,0,,,,,,,,,,,,
,,,,,,,,,,,,,,,,,4.692,0.180511475,0,,,,,,,,,,,,
,,,,,,,,,,,,,,,,,4.693,0.175676346,0,,,,,,,,,,,,
,,,,,,,,,,,,,,,,,4.694,0.188570023,0,,,,,,,,,,,,
,,,,,,,,,,,,,,,,,4.695,0.183734894,0,,,,,,,,,,,,
,,,,,,,,,,,,,,,,,4.696,0.193405151,0,,,,,,,,,,,,
,,,,,,,,,,,,,,,,,4.697,0.184540749,0,,,,,,,,,,,,
,,,,,,,,,,,,,,,,,4.698,0.186152458,0,,,,,,,,,,,,
,,,,,,,,,,,,,,,,,4.699,0.182929039,0,,,,,,,,,,,,
,,,,,,,,,,,,,,,,,4.7,0.183734894,0,,,,,,,,,,,,
,,,,,,,,,,,,,,,,,4.701,0.182929039,0,,,,,,,,,,,,
,,,,,,,,,,,,,,,,,4.702,0.184540749,0,,,,,,,,,,,,
,,,,,,,,,,,,,,,,,4.703,0.182929039,0,,,,,,,,,,,,
,,,,,,,,,,,,,,,,,4.704,0.189375877,0,,,,,,,,,,,,
,,,,,,,,,,,,,,,,,4.705,0.184540749,0,,,,,,,,,,,,
,,,,,,,,,,,,,,,,,4.706,0.187764168,0,,,,,,,,,,,,
,,,,,,,,,,,,,,,,,4.707,0.185346603,0,,,,,,,,,,,,
,,,,,,,,,,,,,,,,,4.708,0.178899765,0,,,,,,,,,,,,
,,,,,,,,,,,,,,,,,4.709,0.182123184,0,,,,,,,,,,,,
,,,,,,,,,,,,,,,,,4.71,0.186958313,0,,,,,,,,,,,,
,,,,,,,,,,,,,,,,,4.711,0.177288055,0,,,,,,,,,,,,
,,,,,,,,,,,,,,,,,4.712,0.184540749,0,,,,,,,,,,,,
,,,,,,,,,,,,,,,,,4.713,0.186958313,0,,,,,,,,,,,,
,,,,,,,,,,,,,,,,,4.714,0.185346603,0,,,,,,,,,,,,
,,,,,,,,,,,,,,,,,4.715,0.184540749,0,,,,,,,,,,,,
,,,,,,,,,,,,,,,,,4.716,0.182929039,0,,,,,,,,,,,,
,,,,,,,,,,,,,,,,,4.717,0.188570023,0,,,,,,,,,,,,
,,,,,,,,,,,,,,,,,4.718,0.17970562,0,,,,,,,,,,,,
,,,,,,,,,,,,,,,,,4.719,0.180511475,0,,,,,,,,,,,,
,,,,,,,,,,,,,,,,,4.72,0.17970562,0,,,,,,,,,,,,
,,,,,,,,,,,,,,,,,4.721,0.186152458,0,,,,,,,,,,,,
,,,,,,,,,,,,,,,,,4.722,0.182929039,0,,,,,,,,,,,,
,,,,,,,,,,,,,,,,,4.723,0.181317329,0,,,,,,,,,,,,
,,,,,,,,,,,,,,,,,4.724,0.184540749,0,,,,,,,,,,,,
,,,,,,,,,,,,,,,,,4.725,0.181317329,0,,,,,,,,,,,,
,,,,,,,,,,,,,,,,,4.726,0.184540749,0,,,,,,,,,,,,
,,,,,,,,,,,,,,,,,4.727,0.183734894,0,,,,,,,,,,,,
,,,,,,,,,,,,,,,,,4.728,0.182929039,0,,,,,,,,,,,,
,,,,,,,,,,,,,,,,,4.729,0.174064636,0,,,,,,,,,,,,
,,,,,,,,,,,,,,,,,4.73,0.176482201,0,,,,,,,,,,,,
,,,,,,,,,,,,,,,,,4.731,0.180511475,0,,,,,,,,,,,,
,,,,,,,,,,,,,,,,,4.732,0.182929039,0,,,,,,,,,,,,
,,,,,,,,,,,,,,,,,4.733,0.188570023,0,,,,,,,,,,,,
,,,,,,,,,,,,,,,,,4.734,0.182929039,0,,,,,,,,,,,,
,,,,,,,,,,,,,,,,,4.735,0.17809391,0,,,,,,,,,,,,
,,,,,,,,,,,,,,,,,4.736,0.182929039,0,,,,,,,,,,,,
,,,,,,,,,,,,,,,,,4.737,0.178899765,0,,,,,,,,,,,,
,,,,,,,,,,,,,,,,,4.738,0.184540749,0,,,,,,,,,,,,
,,,,,,,,,,,,,,,,,4.739,0.182929039,0,,,,,,,,,,,,
,,,,,,,,,,,,,,,,,4.74,0.177288055,0,,,,,,,,,,,,
,,,,,,,,,,,,,,,,,4.741,0.17809391,0,,,,,,,,,,,,
,,,,,,,,,,,,,,,,,4.742,0.17809391,0,,,,,,,,,,,,
,,,,,,,,,,,,,,,,,4.743,0.17809391,0,,,,,,,,,,,,
,,,,,,,,,,,,,,,,,4.744,0.182929039,0,,,,,,,,,,,,
,,,,,,,,,,,,,,,,,4.745,0.177288055,0,,,,,,,,,,,,
,,,,,,,,,,,,,,,,,4.746,0.182123184,0,,,,,,,,,,,,
,,,,,,,,,,,,,,,,,4.747,0.17809391,0,,,,,,,,,,,,
,,,,,,,,,,,,,,,,,4.748,0.182929039,0,,,,,,,,,,,,
,,,,,,,,,,,,,,,,,4.749,0.182123184,0,,,,,,,,,,,,
,,,,,,,,,,,,,,,,,4.75,0.172452927,0,,,,,,,,,,,,
,,,,,,,,,,,,,,,,,4.751,0.181317329,0,,,,,,,,,,,,
,,,,,,,,,,,,,,,,,4.752,0.17809391,0,,,,,,,,,,,,
,,,,,,,,,,,,,,,,,4.753,0.182929039,0,,,,,,,,,,,,
,,,,,,,,,,,,,,,,,4.754,0.186958313,0,,,,,,,,,,,,
,,,,,,,,,,,,,,,,,4.755,0.178899765,0,,,,,,,,,,,,
,,,,,,,,,,,,,,,,,4.756,0.183734894,0,,,,,,,,,,,,
,,,,,,,,,,,,,,,,,4.757,0.182929039,0,,,,,,,,,,,,
,,,,,,,,,,,,,,,,,4.758,0.178899765,0,,,,,,,,,,,,
,,,,,,,,,,,,,,,,,4.759,0.177288055,0,,,,,,,,,,,,
,,,,,,,,,,,,,,,,,4.76,0.176482201,0,,,,,,,,,,,,
,,,,,,,,,,,,,,,,,4.761,0.176482201,0,,,,,,,,,,,,
,,,,,,,,,,,,,,,,,4.762,0.174064636,0,,,,,,,,,,,,
,,,,,,,,,,,,,,,,,4.763,0.182123184,0,,,,,,,,,,,,
,,,,,,,,,,,,,,,,,4.764,0.180511475,0,,,,,,,,,,,,
,,,,,,,,,,,,,,,,,4.765,0.172452927,0,,,,,,,,,,,,
,,,,,,,,,,,,,,,,,4.766,0.178899765,0,,,,,,,,,,,,
,,,,,,,,,,,,,,,,,4.767,0.181317329,0,,,,,,,,,,,,
,,,,,,,,,,,,,,,,,4.768,0.17970562,0,,,,,,,,,,,,
,,,,,,,,,,,,,,,,,4.769,0.183734894,0,,,,,,,,,,,,
,,,,,,,,,,,,,,,,,4.77,0.175676346,0,,,,,,,,,,,,
,,,,,,,,,,,,,,,,,4.771,0.180511475,0,,,,,,,,,,,,
,,,,,,,,,,,,,,,,,4.772,0.177288055,0,,,,,,,,,,,,
,,,,,,,,,,,,,,,,,4.773,0.173258781,0,,,,,,,,,,,,
,,,,,,,,,,,,,,,,,4.774,0.186152458,0,,,,,,,,,,,,
,,,,,,,,,,,,,,,,,4.775,0.176482201,0,,,,,,,,,,,,
,,,,,,,,,,,,,,,,,4.776,0.176482201,0,,,,,,,,,,,,
,,,,,,,,,,,,,,,,,4.777,0.182929039,0,,,,,,,,,,,,
,,,,,,,,,,,,,,,,,4.778,0.177288055,0,,,,,,,,,,,,
,,,,,,,,,,,,,,,,,4.779,0.176482201,0,,,,,,,,,,,,
,,,,,,,,,,,,,,,,,4.78,0.174870491,0,,,,,,,,,,,,
,,,,,,,,,,,,,,,,,4.781,0.174064636,0,,,,,,,,,,,,
,,,,,,,,,,,,,,,,,4.782,0.176482201,0,,,,,,,,,,,,
,,,,,,,,,,,,,,,,,4.783,0.17970562,0,,,,,,,,,,,,
,,,,,,,,,,,,,,,,,4.784,0.17970562,0,,,,,,,,,,,,
,,,,,,,,,,,,,,,,,4.785,0.182123184,0,,,,,,,,,,,,
,,,,,,,,,,,,,,,,,4.786,0.174064636,0,,,,,,,,,,,,
,,,,,,,,,,,,,,,,,4.787,0.175676346,0,,,,,,,,,,,,
,,,,,,,,,,,,,,,,,4.788,0.17809391,0,,,,,,,,,,,,
,,,,,,,,,,,,,,,,,4.789,0.17809391,0,,,,,,,,,,,,
,,,,,,,,,,,,,,,,,4.79,0.170841217,0,,,,,,,,,,,,
,,,,,,,,,,,,,,,,,4.791,0.166006088,0,,,,,,,,,,,,
,,,,,,,,,,,,,,,,,4.792,0.176482201,0,,,,,,,,,,,,
,,,,,,,,,,,,,,,,,4.793,0.173258781,0,,,,,,,,,,,,
,,,,,,,,,,,,,,,,,4.794,0.174064636,0,,,,,,,,,,,,
,,,,,,,,,,,,,,,,,4.795,0.177288055,0,,,,,,,,,,,,
,,,,,,,,,,,,,,,,,4.796,0.182123184,0,,,,,,,,,,,,
,,,,,,,,,,,,,,,,,4.797,0.175676346,0,,,,,,,,,,,,
,,,,,,,,,,,,,,,,,4.798,0.183734894,0,,,,,,,,,,,,
,,,,,,,,,,,,,,,,,4.799,0.177288055,0,,,,,,,,,,,,
,,,,,,,,,,,,,,,,,4.8,0.175676346,0,,,,,,,,,,,,
,,,,,,,,,,,,,,,,,4.801,0.175676346,0,,,,,,,,,,,,
,,,,,,,,,,,,,,,,,4.802,0.166811943,0,,,,,,,,,,,,
,,,,,,,,,,,,,,,,,4.803,0.17970562,0,,,,,,,,,,,,
,,,,,,,,,,,,,,,,,4.804,0.175676346,0,,,,,,,,,,,,
,,,,,,,,,,,,,,,,,4.805,0.170841217,0,,,,,,,,,,,,
,,,,,,,,,,,,,,,,,4.806,0.177288055,0,,,,,,,,,,,,
,,,,,,,,,,,,,,,,,4.807,0.180511475,0,,,,,,,,,,,,
,,,,,,,,,,,,,,,,,4.808,0.177288055,0,,,,,,,,,,,,
,,,,,,,,,,,,,,,,,4.809,0.180511475,0,,,,,,,,,,,,
,,,,,,,,,,,,,,,,,4.81,0.17970562,0,,,,,,,,,,,,
,,,,,,,,,,,,,,,,,4.811,0.174064636,0,,,,,,,,,,,,
,,,,,,,,,,,,,,,,,4.812,0.174064636,0,,,,,,,,,,,,
,,,,,,,,,,,,,,,,,4.813,0.187764168,0,,,,,,,,,,,,
,,,,,,,,,,,,,,,,,4.814,0.17809391,0,,,,,,,,,,,,
,,,,,,,,,,,,,,,,,4.815,0.180511475,0,,,,,,,,,,,,
,,,,,,,,,,,,,,,,,4.816,0.173258781,0,,,,,,,,,,,,
,,,,,,,,,,,,,,,,,4.817,0.176482201,0,,,,,,,,,,,,
,,,,,,,,,,,,,,,,,4.818,0.173258781,0,,,,,,,,,,,,
,,,,,,,,,,,,,,,,,4.819,0.181317329,0,,,,,,,,,,,,
,,,,,,,,,,,,,,,,,4.82,0.180511475,0,,,,,,,,,,,,
,,,,,,,,,,,,,,,,,4.821,0.175676346,0,,,,,,,,,,,,
,,,,,,,,,,,,,,,,,4.822,0.176482201,0,,,,,,,,,,,,
,,,,,,,,,,,,,,,,,4.823,0.175676346,0,,,,,,,,,,,,
,,,,,,,,,,,,,,,,,4.824,0.173258781,0,,,,,,,,,,,,
,,,,,,,,,,,,,,,,,4.825,0.17970562,0,,,,,,,,,,,,
,,,,,,,,,,,,,,,,,4.826,0.182123184,0,,,,,,,,,,,,
,,,,,,,,,,,,,,,,,4.827,0.17970562,0,,,,,,,,,,,,
,,,,,,,,,,,,,,,,,4.828,0.171647072,0,,,,,,,,,,,,
,,,,,,,,,,,,,,,,,4.829,0.176482201,0,,,,,,,,,,,,
,,,,,,,,,,,,,,,,,4.83,0.173258781,0,,,,,,,,,,,,
,,,,,,,,,,,,,,,,,4.831,0.174870491,0,,,,,,,,,,,,
,,,,,,,,,,,,,,,,,4.832,0.170035362,0,,,,,,,,,,,,
,,,,,,,,,,,,,,,,,4.833,0.173258781,0,,,,,,,,,,,,
,,,,,,,,,,,,,,,,,4.834,0.182123184,0,,,,,,,,,,,,
,,,,,,,,,,,,,,,,,4.835,0.177288055,0,,,,,,,,,,,,
,,,,,,,,,,,,,,,,,4.836,0.184540749,0,,,,,,,,,,,,
,,,,,,,,,,,,,,,,,4.837,0.175676346,0,,,,,,,,,,,,
,,,,,,,,,,,,,,,,,4.838,0.178899765,0,,,,,,,,,,,,
,,,,,,,,,,,,,,,,,4.839,0.174064636,0,,,,,,,,,,,,
,,,,,,,,,,,,,,,,,4.84,0.174064636,0,,,,,,,,,,,,
,,,,,,,,,,,,,,,,,4.841,0.174870491,0,,,,,,,,,,,,
,,,,,,,,,,,,,,,,,4.842,0.180511475,0,,,,,,,,,,,,
,,,,,,,,,,,,,,,,,4.843,0.177288055,0,,,,,,,,,,,,
,,,,,,,,,,,,,,,,,4.844,0.186152458,0,,,,,,,,,,,,
,,,,,,,,,,,,,,,,,4.845,0.184540749,0,,,,,,,,,,,,
,,,,,,,,,,,,,,,,,4.846,0.181317329,0,,,,,,,,,,,,
,,,,,,,,,,,,,,,,,4.847,0.169229507,0,,,,,,,,,,,,
,,,,,,,,,,,,,,,,,4.848,0.173258781,0,,,,,,,,,,,,
,,,,,,,,,,,,,,,,,4.849,0.182123184,0,,,,,,,,,,,,
,,,,,,,,,,,,,,,,,4.85,0.174870491,0,,,,,,,,,,,,
,,,,,,,,,,,,,,,,,4.851,0.17809391,0,,,,,,,,,,,,
,,,,,,,,,,,,,,,,,4.852,0.176482201,0,,,,,,,,,,,,
,,,,,,,,,,,,,,,,,4.853,0.178899765,0,,,,,,,,,,,,
,,,,,,,,,,,,,,,,,4.854,0.176482201,0,,,,,,,,,,,,
,,,,,,,,,,,,,,,,,4.855,0.175676346,0,,,,,,,,,,,,
,,,,,,,,,,,,,,,,,4.856,0.176482201,0,,,,,,,,,,,,
,,,,,,,,,,,,,,,,,4.857,0.174870491,0,,,,,,,,,,,,
,,,,,,,,,,,,,,,,,4.858,0.180511475,0,,,,,,,,,,,,
,,,,,,,,,,,,,,,,,4.859,0.177288055,0,,,,,,,,,,,,
,,,,,,,,,,,,,,,,,4.86,0.178899765,0,,,,,,,,,,,,
,,,,,,,,,,,,,,,,,4.861,0.173258781,0,,,,,,,,,,,,
,,,,,,,,,,,,,,,,,4.862,0.177288055,0,,,,,,,,,,,,
,,,,,,,,,,,,,,,,,4.863,0.178899765,0,,,,,,,,,,,,
,,,,,,,,,,,,,,,,,4.864,0.178899765,0,,,,,,,,,,,,
,,,,,,,,,,,,,,,,,4.865,0.17809391,0,,,,,,,,,,,,
,,,,,,,,,,,,,,,,,4.866,0.181317329,0,,,,,,,,,,,,
,,,,,,,,,,,,,,,,,4.867,0.173258781,0,,,,,,,,,,,,
,,,,,,,,,,,,,,,,,4.868,0.172452927,0,,,,,,,,,,,,
,,,,,,,,,,,,,,,,,4.869,0.181317329,0,,,,,,,,,,,,
,,,,,,,,,,,,,,,,,4.87,0.177288055,0,,,,,,,,,,,,
,,,,,,,,,,,,,,,,,4.871,0.177288055,0,,,,,,,,,,,,
,,,,,,,,,,,,,,,,,4.872,0.175676346,0,,,,,,,,,,,,
,,,,,,,,,,,,,,,,,4.873,0.174064636,0,,,,,,,,,,,,
,,,,,,,,,,,,,,,,,4.874,0.184540749,0,,,,,,,,,,,,
,,,,,,,,,,,,,,,,,4.875,0.177288055,0,,,,,,,,,,,,
,,,,,,,,,,,,,,,,,4.876,0.17809391,0,,,,,,,,,,,,
,,,,,,,,,,,,,,,,,4.877,0.178899765,0,,,,,,,,,,,,
,,,,,,,,,,,,,,,,,4.878,0.178899765,0,,,,,,,,,,,,
,,,,,,,,,,,,,,,,,4.879,0.177288055,0,,,,,,,,,,,,
,,,,,,,,,,,,,,,,,4.88,0.17809391,0,,,,,,,,,,,,
,,,,,,,,,,,,,,,,,4.881,0.178899765,0,,,,,,,,,,,,
,,,,,,,,,,,,,,,,,4.882,0.181317329,0,,,,,,,,,,,,
,,,,,,,,,,,,,,,,,4.883,0.173258781,0,,,,,,,,,,,,
,,,,,,,,,,,,,,,,,4.884,0.172452927,0,,,,,,,,,,,,
,,,,,,,,,,,,,,,,,4.885,0.182123184,0,,,,,,,,,,,,
,,,,,,,,,,,,,,,,,4.886,0.173258781,0,,,,,,,,,,,,
,,,,,,,,,,,,,,,,,4.887,0.170841217,0,,,,,,,,,,,,
,,,,,,,,,,,,,,,,,4.888,0.174870491,0,,,,,,,,,,,,
,,,,,,,,,,,,,,,,,4.889,0.178899765,0,,,,,,,,,,,,
,,,,,,,,,,,,,,,,,4.89,0.177288055,0,,,,,,,,,,,,
,,,,,,,,,,,,,,,,,4.891,0.171647072,0,,,,,,,,,,,,
,,,,,,,,,,,,,,,,,4.892,0.182123184,0,,,,,,,,,,,,
,,,,,,,,,,,,,,,,,4.893,0.168423653,0,,,,,,,,,,,,
,,,,,,,,,,,,,,,,,4.894,0.17809391,0,,,,,,,,,,,,
,,,,,,,,,,,,,,,,,4.895,0.176482201,0,,,,,,,,,,,,
,,,,,,,,,,,,,,,,,4.896,0.176482201,0,,,,,,,,,,,,
,,,,,,,,,,,,,,,,,4.897,0.173258781,0,,,,,,,,,,,,
,,,,,,,,,,,,,,,,,4.898,0.177288055,0,,,,,,,,,,,,
,,,,,,,,,,,,,,,,,4.899,0.170841217,0,,,,,,,,,,,,
,,,,,,,,,,,,,,,,,4.9,0.169229507,0,,,,,,,,,,,,
,,,,,,,,,,,,,,,,,4.901,0.168423653,0,,,,,,,,,,,,
,,,,,,,,,,,,,,,,,4.902,0.180511475,0,,,,,,,,,,,,
,,,,,,,,,,,,,,,,,4.903,0.172452927,0,,,,,,,,,,,,
,,,,,,,,,,,,,,,,,4.904,0.175676346,0,,,,,,,,,,,,
,,,,,,,,,,,,,,,,,4.905,0.184540749,0,,,,,,,,,,,,
,,,,,,,,,,,,,,,,,4.906,0.177288055,0,,,,,,,,,,,,
,,,,,,,,,,,,,,,,,4.907,0.166811943,0,,,,,,,,,,,,
,,,,,,,,,,,,,,,,,4.908,0.177288055,0,,,,,,,,,,,,
,,,,,,,,,,,,,,,,,4.909,0.173258781,0,,,,,,,,,,,,
,,,,,,,,,,,,,,,,,4.91,0.176482201,0,,,,,,,,,,,,
,,,,,,,,,,,,,,,,,4.911,0.174870491,0,,,,,,,,,,,,
,,,,,,,,,,,,,,,,,4.912,0.166006088,0,,,,,,,,,,,,
,,,,,,,,,,,,,,,,,4.913,0.176482201,0,,,,,,,,,,,,
,,,,,,,,,,,,,,,,,4.914,0.170841217,0,,,,,,,,,,,,
,,,,,,,,,,,,,,,,,4.915,0.169229507,0,,,,,,,,,,,,
,,,,,,,,,,,,,,,,,4.916,0.175676346,0,,,,,,,,,,,,
,,,,,,,,,,,,,,,,,4.917,0.172452927,0,,,,,,,,,,,,
,,,,,,,,,,,,,,,,,4.918,0.17809391,0,,,,,,,,,,,,
,,,,,,,,,,,,,,,,,4.919,0.170035362,0,,,,,,,,,,,,
,,,,,,,,,,,,,,,,,4.92,0.182929039,0,,,,,,,,,,,,
,,,,,,,,,,,,,,,,,4.921,0.176482201,0,,,,,,,,,,,,
,,,,,,,,,,,,,,,,,4.922,0.177288055,0,,,,,,,,,,,,
,,,,,,,,,,,,,,,,,4.923,0.172452927,0,,,,,,,,,,,,
,,,,,,,,,,,,,,,,,4.924,0.175676346,0,,,,,,,,,,,,
,,,,,,,,,,,,,,,,,4.925,0.174064636,0,,,,,,,,,,,,
,,,,,,,,,,,,,,,,,4.926,0.176482201,0,,,,,,,,,,,,
,,,,,,,,,,,,,,,,,4.927,0.173258781,0,,,,,,,,,,,,
,,,,,,,,,,,,,,,,,4.928,0.174064636,0,,,,,,,,,,,,
,,,,,,,,,,,,,,,,,4.929,0.171647072,0,,,,,,,,,,,,
,,,,,,,,,,,,,,,,,4.93,0.178899765,0,,,,,,,,,,,,
,,,,,,,,,,,,,,,,,4.931,0.176482201,0,,,,,,,,,,,,
,,,,,,,,,,,,,,,,,4.932,0.169229507,0,,,,,,,,,,,,
,,,,,,,,,,,,,,,,,4.933,0.174870491,0,,,,,,,,,,,,
,,,,,,,,,,,,,,,,,4.934,0.174064636,0,,,,,,,,,,,,
,,,,,,,,,,,,,,,,,4.935,0.177288055,0,,,,,,,,,,,,
,,,,,,,,,,,,,,,,,4.936,0.173258781,0,,,,,,,,,,,,
,,,,,,,,,,,,,,,,,4.937,0.172452927,0,,,,,,,,,,,,
,,,,,,,,,,,,,,,,,4.938,0.175676346,0,,,,,,,,,,,,
,,,,,,,,,,,,,,,,,4.939,0.171647072,0,,,,,,,,,,,,
,,,,,,,,,,,,,,,,,4.94,0.17970562,0,,,,,,,,,,,,
,,,,,,,,,,,,,,,,,4.941,0.171647072,0,,,,,,,,,,,,
,,,,,,,,,,,,,,,,,4.942,0.172452927,0,,,,,,,,,,,,
,,,,,,,,,,,,,,,,,4.943,0.177288055,0,,,,,,,,,,,,
,,,,,,,,,,,,,,,,,4.944,0.171647072,0,,,,,,,,,,,,
,,,,,,,,,,,,,,,,,4.945,0.17970562,0,,,,,,,,,,,,
,,,,,,,,,,,,,,,,,4.946,0.182123184,0,,,,,,,,,,,,
,,,,,,,,,,,,,,,,,4.947,0.167617798,0,,,,,,,,,,,,
,,,,,,,,,,,,,,,,,4.948,0.17970562,0,,,,,,,,,,,,
,,,,,,,,,,,,,,,,,4.949,0.173258781,0,,,,,,,,,,,,
,,,,,,,,,,,,,,,,,4.95,0.177288055,0,,,,,,,,,,,,
,,,,,,,,,,,,,,,,,4.951,0.177288055,0,,,,,,,,,,,,
,,,,,,,,,,,,,,,,,4.952,0.173258781,0,,,,,,,,,,,,
,,,,,,,,,,,,,,,,,4.953,0.173258781,0,,,,,,,,,,,,
,,,,,,,,,,,,,,,,,4.954,0.167617798,0,,,,,,,,,,,,
,,,,,,,,,,,,,,,,,4.955,0.173258781,0,,,,,,,,,,,,
,,,,,,,,,,,,,,,,,4.956,0.175676346,0,,,,,,,,,,,,
,,,,,,,,,,,,,,,,,4.957,0.174870491,0,,,,,,,,,,,,
,,,,,,,,,,,,,,,,,4.958,0.17809391,0,,,,,,,,,,,,
,,,,,,,,,,,,,,,,,4.959,0.172452927,0,,,,,,,,,,,,
,,,,,,,,,,,,,,,,,4.96,0.176482201,0,,,,,,,,,,,,
,,,,,,,,,,,,,,,,,4.961,0.175676346,0,,,,,,,,,,,,
,,,,,,,,,,,,,,,,,4.962,0.172452927,0,,,,,,,,,,,,
,,,,,,,,,,,,,,,,,4.963,0.172452927,0,,,,,,,,,,,,
,,,,,,,,,,,,,,,,,4.964,0.170841217,0,,,,,,,,,,,,
,,,,,,,,,,,,,,,,,4.965,0.17809391,0,,,,,,,,,,,,
,,,,,,,,,,,,,,,,,4.966,0.174870491,0,,,,,,,,,,,,
,,,,,,,,,,,,,,,,,4.967,0.174064636,0,,,,,,,,,,,,
,,,,,,,,,,,,,,,,,4.968,0.174064636,0,,,,,,,,,,,,
,,,,,,,,,,,,,,,,,4.969,0.175676346,0,,,,,,,,,,,,
,,,,,,,,,,,,,,,,,4.97,0.17809391,0,,,,,,,,,,,,
,,,,,,,,,,,,,,,,,4.971,0.181317329,0,,,,,,,,,,,,
,,,,,,,,,,,,,,,,,4.972,0.176482201,0,,,,,,,,,,,,
,,,,,,,,,,,,,,,,,4.973,0.181317329,0,,,,,,,,,,,,
,,,,,,,,,,,,,,,,,4.974,0.175676346,0,,,,,,,,,,,,
,,,,,,,,,,,,,,,,,4.975,0.174064636,0,,,,,,,,,,,,
,,,,,,,,,,,,,,,,,4.976,0.170841217,0,,,,,,,,,,,,
,,,,,,,,,,,,,,,,,4.977,0.178899765,0,,,,,,,,,,,,
,,,,,,,,,,,,,,,,,4.978,0.17809391,0,,,,,,,,,,,,
,,,,,,,,,,,,,,,,,4.979,0.178899765,0,,,,,,,,,,,,
,,,,,,,,,,,,,,,,,4.98,0.173258781,0,,,,,,,,,,,,
,,,,,,,,,,,,,,,,,4.981,0.170841217,0,,,,,,,,,,,,
,,,,,,,,,,,,,,,,,4.982,0.17809391,0,,,,,,,,,,,,
,,,,,,,,,,,,,,,,,4.983,0.177288055,0,,,,,,,,,,,,
,,,,,,,,,,,,,,,,,4.984,0.174064636,0,,,,,,,,,,,,
,,,,,,,,,,,,,,,,,4.985,0.169229507,0,,,,,,,,,,,,
,,,,,,,,,,,,,,,,,4.986,0.174870491,0,,,,,,,,,,,,
,,,,,,,,,,,,,,,,,4.987,0.17970562,0,,,,,,,,,,,,
,,,,,,,,,,,,,,,,,4.988,0.177288055,0,,,,,,,,,,,,
,,,,,,,,,,,,,,,,,4.989,0.183734894,0,,,,,,,,,,,,
,,,,,,,,,,,,,,,,,4.99,0.173258781,0,,,,,,,,,,,,
,,,,,,,,,,,,,,,,,4.991,0.168423653,0,,,,,,,,,,,,
,,,,,,,,,,,,,,,,,4.992,0.171647072,0,,,,,,,,,,,,
,,,,,,,,,,,,,,,,,4.993,0.177288055,0,,,,,,,,,,,,
,,,,,,,,,,,,,,,,,4.994,0.170035362,0,,,,,,,,,,,,
,,,,,,,,,,,,,,,,,4.995,0.173258781,0,,,,,,,,,,,,
,,,,,,,,,,,,,,,,,4.996,0.173258781,0,,,,,,,,,,,,
,,,,,,,,,,,,,,,,,4.997,0.17809391,0,,,,,,,,,,,,
,,,,,,,,,,,,,,,,,4.998,0.17970562,0,,,,,,,,,,,,
,,,,,,,,,,,,,,,,,4.999,0.171647072,0,,,,,,,,,,,,
,,,,,,,,,,,,,,,,,5,0.174870491,0,,,,,,,,,,,,
,,,,,,,,,,,,,,,,,5.001,0.182123184,0,,,,,,,,,,,,
,,,,,,,,,,,,,,,,,5.002,0.172452927,0,,,,,,,,,,,,
,,,,,,,,,,,,,,,,,5.003,0.173258781,0,,,,,,,,,,,,
,,,,,,,,,,,,,,,,,5.004,0.175676346,0,,,,,,,,,,,,
,,,,,,,,,,,,,,,,,5.005,0.171647072,0,,,,,,,,,,,,
,,,,,,,,,,,,,,,,,5.006,0.177288055,0,,,,,,,,,,,,
,,,,,,,,,,,,,,,,,5.007,0.170841217,0,,,,,,,,,,,,
,,,,,,,,,,,,,,,,,5.008,0.176482201,0,,,,,,,,,,,,
,,,,,,,,,,,,,,,,,5.009,0.168423653,0,,,,,,,,,,,,
,,,,,,,,,,,,,,,,,5.01,0.176482201,0,,,,,,,,,,,,
,,,,,,,,,,,,,,,,,5.011,0.166811943,0,,,,,,,,,,,,
,,,,,,,,,,,,,,,,,5.012,0.180511475,0,,,,,,,,,,,,
,,,,,,,,,,,,,,,,,5.013,0.181317329,0,,,,,,,,,,,,
,,,,,,,,,,,,,,,,,5.014,0.180511475,0,,,,,,,,,,,,
,,,,,,,,,,,,,,,,,5.015,0.17809391,0,,,,,,,,,,,,
,,,,,,,,,,,,,,,,,5.016,0.172452927,0,,,,,,,,,,,,
,,,,,,,,,,,,,,,,,5.017,0.175676346,0,,,,,,,,,,,,
,,,,,,,,,,,,,,,,,5.018,0.173258781,0,,,,,,,,,,,,
,,,,,,,,,,,,,,,,,5.019,0.176482201,0,,,,,,,,,,,,
,,,,,,,,,,,,,,,,,5.02,0.17809391,0,,,,,,,,,,,,
,,,,,,,,,,,,,,,,,5.021,0.171647072,0,,,,,,,,,,,,
,,,,,,,,,,,,,,,,,5.022,0.169229507,0,,,,,,,,,,,,
,,,,,,,,,,,,,,,,,5.023,0.170035362,0,,,,,,,,,,,,
,,,,,,,,,,,,,,,,,5.024,0.175676346,0,,,,,,,,,,,,
,,,,,,,,,,,,,,,,,5.025,0.175676346,0,,,,,,,,,,,,
,,,,,,,,,,,,,,,,,5.026,0.170841217,0,,,,,,,,,,,,
,,,,,,,,,,,,,,,,,5.027,0.170035362,0,,,,,,,,,,,,
,,,,,,,,,,,,,,,,,5.028,0.177288055,0,,,,,,,,,,,,
,,,,,,,,,,,,,,,,,5.029,0.17970562,0,,,,,,,,,,,,
,,,,,,,,,,,,,,,,,5.03,0.167617798,0,,,,,,,,,,,,
,,,,,,,,,,,,,,,,,5.031,0.172452927,0,,,,,,,,,,,,
,,,,,,,,,,,,,,,,,5.032,0.166811943,0,,,,,,,,,,,,
,,,,,,,,,,,,,,,,,5.033,0.17970562,0,,,,,,,,,,,,
,,,,,,,,,,,,,,,,,5.034,0.178899765,0,,,,,,,,,,,,
,,,,,,,,,,,,,,,,,5.035,0.176482201,0,,,,,,,,,,,,
,,,,,,,,,,,,,,,,,5.036,0.176482201,0,,,,,,,,,,,,
,,,,,,,,,,,,,,,,,5.037,0.174064636,0,,,,,,,,,,,,
,,,,,,,,,,,,,,,,,5.038,0.170035362,0,,,,,,,,,,,,
,,,,,,,,,,,,,,,,,5.039,0.182123184,0,,,,,,,,,,,,
,,,,,,,,,,,,,,,,,5.04,0.174870491,0,,,,,,,,,,,,
,,,,,,,,,,,,,,,,,5.041,0.174870491,0,,,,,,,,,,,,
,,,,,,,,,,,,,,,,,5.042,0.171647072,0,,,,,,,,,,,,
,,,,,,,,,,,,,,,,,5.043,0.171647072,0,,,,,,,,,,,,
,,,,,,,,,,,,,,,,,5.044,0.172452927,0,,,,,,,,,,,,
,,,,,,,,,,,,,,,,,5.045,0.173258781,0,,,,,,,,,,,,
,,,,,,,,,,,,,,,,,5.046,0.176482201,0,,,,,,,,,,,,
,,,,,,,,,,,,,,,,,5.047,0.174064636,0,,,,,,,,,,,,
,,,,,,,,,,,,,,,,,5.048,0.170841217,0,,,,,,,,,,,,
,,,,,,,,,,,,,,,,,5.049,0.175676346,0,,,,,,,,,,,,
,,,,,,,,,,,,,,,,,5.05,0.173258781,0,,,,,,,,,,,,
,,,,,,,,,,,,,,,,,5.051,0.175676346,0,,,,,,,,,,,,
,,,,,,,,,,,,,,,,,5.052,0.178899765,0,,,,,,,,,,,,
,,,,,,,,,,,,,,,,,5.053,0.172452927,0,,,,,,,,,,,,
,,,,,,,,,,,,,,,,,5.054,0.175676346,0,,,,,,,,,,,,
,,,,,,,,,,,,,,,,,5.055,0.175676346,0,,,,,,,,,,,,
,,,,,,,,,,,,,,,,,5.056,0.174064636,0,,,,,,,,,,,,
,,,,,,,,,,,,,,,,,5.057,0.173258781,0,,,,,,,,,,,,
,,,,,,,,,,,,,,,,,5.058,0.176482201,0,,,,,,,,,,,,
,,,,,,,,,,,,,,,,,5.059,0.182123184,0,,,,,,,,,,,,
,,,,,,,,,,,,,,,,,5.06,0.173258781,0,,,,,,,,,,,,
,,,,,,,,,,,,,,,,,5.061,0.168423653,0,,,,,,,,,,,,
,,,,,,,,,,,,,,,,,5.062,0.170035362,0,,,,,,,,,,,,
,,,,,,,,,,,,,,,,,5.063,0.173258781,0,,,,,,,,,,,,
,,,,,,,,,,,,,,,,,5.064,0.177288055,0,,,,,,,,,,,,
,,,,,,,,,,,,,,,,,5.065,0.173258781,0,,,,,,,,,,,,
,,,,,,,,,,,,,,,,,5.066,0.176482201,0,,,,,,,,,,,,
,,,,,,,,,,,,,,,,,5.067,0.176482201,0,,,,,,,,,,,,
,,,,,,,,,,,,,,,,,5.068,0.173258781,0,,,,,,,,,,,,
,,,,,,,,,,,,,,,,,5.069,0.178899765,0,,,,,,,,,,,,
,,,,,,,,,,,,,,,,,5.07,0.173258781,0,,,,,,,,,,,,
,,,,,,,,,,,,,,,,,5.071,0.169229507,0,,,,,,,,,,,,
,,,,,,,,,,,,,,,,,5.072,0.17970562,0,,,,,,,,,,,,
,,,,,,,,,,,,,,,,,5.073,0.17809391,0,,,,,,,,,,,,
,,,,,,,,,,,,,,,,,5.074,0.171647072,0,,,,,,,,,,,,
,,,,,,,,,,,,,,,,,5.075,0.177288055,0,,,,,,,,,,,,
,,,,,,,,,,,,,,,,,5.076,0.172452927,0,,,,,,,,,,,,
,,,,,,,,,,,,,,,,,5.077,0.178899765,0,,,,,,,,,,,,
,,,,,,,,,,,,,,,,,5.078,0.17970562,0,,,,,,,,,,,,
,,,,,,,,,,,,,,,,,5.079,0.17809391,0,,,,,,,,,,,,
,,,,,,,,,,,,,,,,,5.08,0.172452927,0,,,,,,,,,,,,
,,,,,,,,,,,,,,,,,5.081,0.169229507,0,,,,,,,,,,,,
,,,,,,,,,,,,,,,,,5.082,0.176482201,0,,,,,,,,,,,,
,,,,,,,,,,,,,,,,,5.083,0.172452927,0,,,,,,,,,,,,
,,,,,,,,,,,,,,,,,5.084,0.17970562,0,,,,,,,,,,,,
,,,,,,,,,,,,,,,,,5.085,0.171647072,0,,,,,,,,,,,,
,,,,,,,,,,,,,,,,,5.086,0.175676346,0,,,,,,,,,,,,
,,,,,,,,,,,,,,,,,5.087,0.174064636,0,,,,,,,,,,,,
,,,,,,,,,,,,,,,,,5.088,0.172452927,0,,,,,,,,,,,,
,,,,,,,,,,,,,,,,,5.089,0.176482201,0,,,,,,,,,,,,
,,,,,,,,,,,,,,,,,5.09,0.178899765,0,,,,,,,,,,,,
,,,,,,,,,,,,,,,,,5.091,0.176482201,0,,,,,,,,,,,,
,,,,,,,,,,,,,,,,,5.092,0.175676346,0,,,,,,,,,,,,
,,,,,,,,,,,,,,,,,5.093,0.176482201,0,,,,,,,,,,,,
,,,,,,,,,,,,,,,,,5.094,0.176482201,0,,,,,,,,,,,,
,,,,,,,,,,,,,,,,,5.095,0.173258781,0,,,,,,,,,,,,
,,,,,,,,,,,,,,,,,5.096,0.173258781,0,,,,,,,,,,,,
,,,,,,,,,,,,,,,,,5.097,0.171647072,0,,,,,,,,,,,,
,,,,,,,,,,,,,,,,,5.098,0.174870491,0,,,,,,,,,,,,
,,,,,,,,,,,,,,,,,5.099,0.17809391,0,,,,,,,,,,,,
,,,,,,,,,,,,,,,,,5.1,0.170035362,0,,,,,,,,,,,,
,,,,,,,,,,,,,,,,,5.101,0.183734894,0,,,,,,,,,,,,
,,,,,,,,,,,,,,,,,5.102,0.177288055,0,,,,,,,,,,,,
,,,,,,,,,,,,,,,,,5.103,0.176482201,0,,,,,,,,,,,,
,,,,,,,,,,,,,,,,,5.104,0.180511475,0,,,,,,,,,,,,
,,,,,,,,,,,,,,,,,5.105,0.173258781,0,,,,,,,,,,,,
,,,,,,,,,,,,,,,,,5.106,0.174064636,0,,,,,,,,,,,,
,,,,,,,,,,,,,,,,,5.107,0.174870491,0,,,,,,,,,,,,
,,,,,,,,,,,,,,,,,5.108,0.171647072,0,,,,,,,,,,,,
,,,,,,,,,,,,,,,,,5.109,0.17809391,0,,,,,,,,,,,,
,,,,,,,,,,,,,,,,,5.11,0.176482201,0,,,,,,,,,,,,
,,,,,,,,,,,,,,,,,5.111,0.170035362,0,,,,,,,,,,,,
,,,,,,,,,,,,,,,,,5.112,0.176482201,0,,,,,,,,,,,,
,,,,,,,,,,,,,,,,,5.113,0.176482201,0,,,,,,,,,,,,
,,,,,,,,,,,,,,,,,5.114,0.174064636,0,,,,,,,,,,,,
,,,,,,,,,,,,,,,,,5.115,0.175676346,0,,,,,,,,,,,,
,,,,,,,,,,,,,,,,,5.116,0.174064636,0,,,,,,,,,,,,
,,,,,,,,,,,,,,,,,5.117,0.173258781,0,,,,,,,,,,,,
,,,,,,,,,,,,,,,,,5.118,0.175676346,0,,,,,,,,,,,,
,,,,,,,,,,,,,,,,,5.119,0.176482201,0,,,,,,,,,,,,
,,,,,,,,,,,,,,,,,5.12,0.170035362,0,,,,,,,,,,,,
,,,,,,,,,,,,,,,,,5.121,0.177288055,0,,,,,,,,,,,,
,,,,,,,,,,,,,,,,,5.122,0.170035362,0,,,,,,,,,,,,
,,,,,,,,,,,,,,,,,5.123,0.177288055,0,,,,,,,,,,,,
,,,,,,,,,,,,,,,,,5.124,0.172452927,0,,,,,,,,,,,,
,,,,,,,,,,,,,,,,,5.125,0.170841217,0,,,,,,,,,,,,
,,,,,,,,,,,,,,,,,5.126,0.170841217,0,,,,,,,,,,,,
,,,,,,,,,,,,,,,,,5.127,0.163588524,0,,,,,,,,,,,,
,,,,,,,,,,,,,,,,,5.128,0.174064636,0,,,,,,,,,,,,
,,,,,,,,,,,,,,,,,5.129,0.175676346,0,,,,,,,,,,,,
,,,,,,,,,,,,,,,,,5.13,0.175676346,0,,,,,,,,,,,,
,,,,,,,,,,,,,,,,,5.131,0.176482201,0,,,,,,,,,,,,
,,,,,,,,,,,,,,,,,5.132,0.17809391,0,,,,,,,,,,,,
,,,,,,,,,,,,,,,,,5.133,0.174064636,0,,,,,,,,,,,,
,,,,,,,,,,,,,,,,,5.134,0.174870491,0,,,,,,,,,,,,
,,,,,,,,,,,,,,,,,5.135,0.178899765,0,,,,,,,,,,,,
,,,,,,,,,,,,,,,,,5.136,0.172452927,0,,,,,,,,,,,,
,,,,,,,,,,,,,,,,,5.137,0.175676346,0,,,,,,,,,,,,
,,,,,,,,,,,,,,,,,5.138,0.176482201,0,,,,,,,,,,,,
,,,,,,,,,,,,,,,,,5.139,0.173258781,0,,,,,,,,,,,,
,,,,,,,,,,,,,,,,,5.14,0.166811943,0,,,,,,,,,,,,
,,,,,,,,,,,,,,,,,5.141,0.174870491,0,,,,,,,,,,,,
,,,,,,,,,,,,,,,,,5.142,0.176482201,0,,,,,,,,,,,,
,,,,,,,,,,,,,,,,,5.143,0.175676346,0,,,,,,,,,,,,
,,,,,,,,,,,,,,,,,5.144,0.17809391,0,,,,,,,,,,,,
,,,,,,,,,,,,,,,,,5.145,0.177288055,0,,,,,,,,,,,,
,,,,,,,,,,,,,,,,,5.146,0.176482201,0,,,,,,,,,,,,
,,,,,,,,,,,,,,,,,5.147,0.175676346,0,,,,,,,,,,,,
,,,,,,,,,,,,,,,,,5.148,0.164394379,0,,,,,,,,,,,,
,,,,,,,,,,,,,,,,,5.149,0.181317329,0,,,,,,,,,,,,
,,,,,,,,,,,,,,,,,5.15,0.170841217,0,,,,,,,,,,,,
,,,,,,,,,,,,,,,,,5.151,0.175676346,0,,,,,,,,,,,,
,,,,,,,,,,,,,,,,,5.152,0.180511475,0,,,,,,,,,,,,
,,,,,,,,,,,,,,,,,5.153,0.176482201,0,,,,,,,,,,,,
,,,,,,,,,,,,,,,,,5.154,0.175676346,0,,,,,,,,,,,,
,,,,,,,,,,,,,,,,,5.155,0.17809391,0,,,,,,,,,,,,
,,,,,,,,,,,,,,,,,5.156,0.173258781,0,,,,,,,,,,,,
,,,,,,,,,,,,,,,,,5.157,0.181317329,0,,,,,,,,,,,,
,,,,,,,,,,,,,,,,,5.158,0.175676346,0,,,,,,,,,,,,
,,,,,,,,,,,,,,,,,5.159,0.175676346,0,,,,,,,,,,,,
,,,,,,,,,,,,,,,,,5.16,0.176482201,0,,,,,,,,,,,,
,,,,,,,,,,,,,,,,,5.161,0.172452927,0,,,,,,,,,,,,
,,,,,,,,,,,,,,,,,5.162,0.176482201,0,,,,,,,,,,,,
,,,,,,,,,,,,,,,,,5.163,0.181317329,0,,,,,,,,,,,,
,,,,,,,,,,,,,,,,,5.164,0.174064636,0,,,,,,,,,,,,
,,,,,,,,,,,,,,,,,5.165,0.175676346,0,,,,,,,,,,,,
,,,,,,,,,,,,,,,,,5.166,0.176482201,0,,,,,,,,,,,,
,,,,,,,,,,,,,,,,,5.167,0.17809391,0,,,,,,,,,,,,
,,,,,,,,,,,,,,,,,5.168,0.170841217,0,,,,,,,,,,,,
,,,,,,,,,,,,,,,,,5.169,0.17809391,0,,,,,,,,,,,,
,,,,,,,,,,,,,,,,,5.17,0.183734894,0,,,,,,,,,,,,
,,,,,,,,,,,,,,,,,5.171,0.177288055,0,,,,,,,,,,,,
,,,,,,,,,,,,,,,,,5.172,0.176482201,0,,,,,,,,,,,,
,,,,,,,,,,,,,,,,,5.173,0.177288055,0,,,,,,,,,,,,
,,,,,,,,,,,,,,,,,5.174,0.174870491,0,,,,,,,,,,,,
,,,,,,,,,,,,,,,,,5.175,0.176482201,0,,,,,,,,,,,,
,,,,,,,,,,,,,,,,,5.176,0.184540749,0,,,,,,,,,,,,
,,,,,,,,,,,,,,,,,5.177,0.175676346,0,,,,,,,,,,,,
,,,,,,,,,,,,,,,,,5.178,0.182929039,0,,,,,,,,,,,,
,,,,,,,,,,,,,,,,,5.179,0.175676346,0,,,,,,,,,,,,
,,,,,,,,,,,,,,,,,5.18,0.185346603,0,,,,,,,,,,,,
,,,,,,,,,,,,,,,,,5.181,0.176482201,0,,,,,,,,,,,,
,,,,,,,,,,,,,,,,,5.182,0.176482201,0,,,,,,,,,,,,
,,,,,,,,,,,,,,,,,5.183,0.175676346,0,,,,,,,,,,,,
,,,,,,,,,,,,,,,,,5.184,0.178899765,0,,,,,,,,,,,,
,,,,,,,,,,,,,,,,,5.185,0.181317329,0,,,,,,,,,,,,
,,,,,,,,,,,,,,,,,5.186,0.190987587,0,,,,,,,,,,,,
,,,,,,,,,,,,,,,,,5.187,0.183734894,0,,,,,,,,,,,,
,,,,,,,,,,,,,,,,,5.188,0.17970562,0,,,,,,,,,,,,
,,,,,,,,,,,,,,,,,5.189,0.180511475,0,,,,,,,,,,,,
,,,,,,,,,,,,,,,,,5.19,0.181317329,0,,,,,,,,,,,,
,,,,,,,,,,,,,,,,,5.191,0.184540749,0,,,,,,,,,,,,
,,,,,,,,,,,,,,,,,5.192,0.178899765,0,,,,,,,,,,,,
,,,,,,,,,,,,,,,,,5.193,0.186152458,0,,,,,,,,,,,,
,,,,,,,,,,,,,,,,,5.194,0.17970562,0,,,,,,,,,,,,
,,,,,,,,,,,,,,,,,5.195,0.180511475,0,,,,,,,,,,,,
,,,,,,,,,,,,,,,,,5.196,0.176482201,0,,,,,,,,,,,,
,,,,,,,,,,,,,,,,,5.197,0.184540749,0,,,,,,,,,,,,
,,,,,,,,,,,,,,,,,5.198,0.176482201,0,,,,,,,,,,,,
,,,,,,,,,,,,,,,,,5.199,0.176482201,0,,,,,,,,,,,,
,,,,,,,,,,,,,,,,,5.2,0.186958313,0,,,,,,,,,,,,
,,,,,,,,,,,,,,,,,5.201,0.183734894,0,,,,,,,,,,,,
,,,,,,,,,,,,,,,,,5.202,0.175676346,0,,,,,,,,,,,,
,,,,,,,,,,,,,,,,,5.203,0.17809391,0,,,,,,,,,,,,
,,,,,,,,,,,,,,,,,5.204,0.177288055,0,,,,,,,,,,,,
,,,,,,,,,,,,,,,,,5.205,0.17809391,0,,,,,,,,,,,,
,,,,,,,,,,,,,,,,,5.206,0.183734894,0,,,,,,,,,,,,
,,,,,,,,,,,,,,,,,5.207,0.182929039,0,,,,,,,,,,,,
,,,,,,,,,,,,,,,,,5.208,0.185346603,0,,,,,,,,,,,,
,,,,,,,,,,,,,,,,,5.209,0.170841217,0,,,,,,,,,,,,
,,,,,,,,,,,,,,,,,5.21,0.184540749,0,,,,,,,,,,,,
,,,,,,,,,,,,,,,,,5.211,0.189375877,0,,,,,,,,,,,,
,,,,,,,,,,,,,,,,,5.212,0.185346603,0,,,,,,,,,,,,
,,,,,,,,,,,,,,,,,5.213,0.186152458,0,,,,,,,,,,,,
,,,,,,,,,,,,,,,,,5.214,0.17970562,0,,,,,,,,,,,,
,,,,,,,,,,,,,,,,,5.215,0.187764168,0,,,,,,,,,,,,
,,,,,,,,,,,,,,,,,5.216,0.185346603,0,,,,,,,,,,,,
,,,,,,,,,,,,,,,,,5.217,0.182929039,0,,,,,,,,,,,,
,,,,,,,,,,,,,,,,,5.218,0.190987587,0,,,,,,,,,,,,
,,,,,,,,,,,,,,,,,5.219,0.180511475,0,,,,,,,,,,,,
,,,,,,,,,,,,,,,,,5.22,0.189375877,0,,,,,,,,,,,,
,,,,,,,,,,,,,,,,,5.221,0.189375877,0,,,,,,,,,,,,
,,,,,,,,,,,,,,,,,5.222,0.192599297,0,,,,,,,,,,,,
,,,,,,,,,,,,,,,,,5.223,0.185346603,0,,,,,,,,,,,,
,,,,,,,,,,,,,,,,,5.224,0.186958313,0,,,,,,,,,,,,
,,,,,,,,,,,,,,,,,5.225,0.187764168,0,,,,,,,,,,,,
,,,,,,,,,,,,,,,,,5.226,0.193405151,0,,,,,,,,,,,,
,,,,,,,,,,,,,,,,,5.227,0.17970562,0,,,,,,,,,,,,
,,,,,,,,,,,,,,,,,5.228,0.186152458,0,,,,,,,,,,,,
,,,,,,,,,,,,,,,,,5.229,0.186958313,0,,,,,,,,,,,,
,,,,,,,,,,,,,,,,,5.23,0.189375877,0,,,,,,,,,,,,
,,,,,,,,,,,,,,,,,5.231,0.186152458,0,,,,,,,,,,,,
,,,,,,,,,,,,,,,,,5.232,0.182123184,0,,,,,,,,,,,,
,,,,,,,,,,,,,,,,,5.233,0.188570023,0,,,,,,,,,,,,
,,,,,,,,,,,,,,,,,5.234,0.190987587,0,,,,,,,,,,,,
,,,,,,,,,,,,,,,,,5.235,0.186958313,0,,,,,,,,,,,,
,,,,,,,,,,,,,,,,,5.236,0.187764168,0,,,,,,,,,,,,
,,,,,,,,,,,,,,,,,5.237,0.187764168,0,,,,,,,,,,,,
,,,,,,,,,,,,,,,,,5.238,0.193405151,0,,,,,,,,,,,,
,,,,,,,,,,,,,,,,,5.239,0.194211006,0,,,,,,,,,,,,
,,,,,,,,,,,,,,,,,5.24,0.194211006,0,,,,,,,,,,,,
,,,,,,,,,,,,,,,,,5.241,0.19824028,0,,,,,,,,,,,,
,,,,,,,,,,,,,,,,,5.242,0.201463699,0,,,,,,,,,,,,
,,,,,,,,,,,,,,,,,5.243,0.190181732,0,,,,,,,,,,,,
,,,,,,,,,,,,,,,,,5.244,0.189375877,0,,,,,,,,,,,,
,,,,,,,,,,,,,,,,,5.245,0.189375877,0,,,,,,,,,,,,
,,,,,,,,,,,,,,,,,5.246,0.19824028,0,,,,,,,,,,,,
,,,,,,,,,,,,,,,,,5.247,0.19985199,0,,,,,,,,,,,,
,,,,,,,,,,,,,,,,,5.248,0.194211006,0,,,,,,,,,,,,
,,,,,,,,,,,,,,,,,5.249,0.195822716,0,,,,,,,,,,,,
,,,,,,,,,,,,,,,,,5.25,0.199046135,0,,,,,,,,,,,,
,,,,,,,,,,,,,,,,,5.251,0.193405151,0,,,,,,,,,,,,
,,,,,,,,,,,,,,,,,5.252,0.19985199,0,,,,,,,,,,,,
,,,,,,,,,,,,,,,,,5.253,0.196628571,0,,,,,,,,,,,,
,,,,,,,,,,,,,,,,,5.254,0.195016861,0,,,,,,,,,,,,
,,,,,,,,,,,,,,,,,5.255,0.19985199,0,,,,,,,,,,,,
,,,,,,,,,,,,,,,,,5.256,0.195016861,0,,,,,,,,,,,,
,,,,,,,,,,,,,,,,,5.257,0.19985199,0,,,,,,,,,,,,
,,,,,,,,,,,,,,,,,5.258,0.199046135,0,,,,,,,,,,,,
,,,,,,,,,,,,,,,,,5.259,0.203881264,0,,,,,,,,,,,,
,,,,,,,,,,,,,,,,,5.26,0.196628571,0,,,,,,,,,,,,
,,,,,,,,,,,,,,,,,5.261,0.193405151,0,,,,,,,,,,,,
,,,,,,,,,,,,,,,,,5.262,0.200657845,0,,,,,,,,,,,,
,,,,,,,,,,,,,,,,,5.263,0.200657845,0,,,,,,,,,,,,
,,,,,,,,,,,,,,,,,5.264,0.190181732,0,,,,,,,,,,,,
,,,,,,,,,,,,,,,,,5.265,0.199046135,0,,,,,,,,,,,,
,,,,,,,,,,,,,,,,,5.266,0.201463699,0,,,,,,,,,,,,
,,,,,,,,,,,,,,,,,5.267,0.195016861,0,,,,,,,,,,,,
,,,,,,,,,,,,,,,,,5.268,0.207104683,0,,,,,,,,,,,,
,,,,,,,,,,,,,,,,,5.269,0.203075409,0,,,,,,,,,,,,
,,,,,,,,,,,,,,,,,5.27,0.190987587,0,,,,,,,,,,,,
,,,,,,,,,,,,,,,,,5.271,0.200657845,0,,,,,,,,,,,,
,,,,,,,,,,,,,,,,,5.272,0.202269554,0,,,,,,,,,,,,
,,,,,,,,,,,,,,,,,5.273,0.199046135,0,,,,,,,,,,,,
,,,,,,,,,,,,,,,,,5.274,0.199046135,0,,,,,,,,,,,,
,,,,,,,,,,,,,,,,,5.275,0.199046135,0,,,,,,,,,,,,
,,,,,,,,,,,,,,,,,5.276,0.199046135,0,,,,,,,,,,,,
,,,,,,,,,,,,,,,,,5.277,0.268349648,0,,,,,,,,,,,,
,,,,,,,,,,,,,,,,,5.278,0.2602911,0,,,,,,,,,,,,
,,,,,,,,,,,,,,,,,5.279,0.278019905,0,,,,,,,,,,,,
,,,,,,,,,,,,,,,,,5.28,0.269155502,0,,,,,,,,,,,,
,,,,,,,,,,,,,,,,,5.281,0.268349648,0,,,,,,,,,,,,
,,,,,,,,,,,,,,,,,5.282,0.272378922,0,,,,,,,,,,,,
,,,,,,,,,,,,,,,,,5.283,0.266737938,0,,,,,,,,,,,,
,,,,,,,,,,,,,,,,,5.284,0.267543793,0,,,,,,,,,,,,
,,,,,,,,,,,,,,,,,5.285,0.269155502,0,,,,,,,,,,,,
,,,,,,,,,,,,,,,,,5.286,0.271573067,0,,,,,,,,,,,,
,,,,,,,,,,,,,,,,,5.287,0.272378922,0,,,,,,,,,,,,
,,,,,,,,,,,,,,,,,5.288,0.276408195,0,,,,,,,,,,,,
,,,,,,,,,,,,,,,,,5.289,0.275602341,0,,,,,,,,,,,,
,,,,,,,,,,,,,,,,,5.29,0.273990631,0,,,,,,,,,,,,
,,,,,,,,,,,,,,,,,5.291,0.270767212,0,,,,,,,,,,,,
,,,,,,,,,,,,,,,,,5.292,0.276408195,0,,,,,,,,,,,,
,,,,,,,,,,,,,,,,,5.293,0.273990631,0,,,,,,,,,,,,
,,,,,,,,,,,,,,,,,5.294,0.274796486,0,,,,,,,,,,,,
,,,,,,,,,,,,,,,,,5.295,0.269155502,0,,,,,,,,,,,,
,,,,,,,,,,,,,,,,,5.296,0.273184776,0,,,,,,,,,,,,
,,,,,,,,,,,,,,,,,5.297,0.27882576,0,,,,,,,,,,,,
,,,,,,,,,,,,,,,,,5.298,0.276408195,0,,,,,,,,,,,,
,,,,,,,,,,,,,,,,,5.299,0.274796486,0,,,,,,,,,,,,
,,,,,,,,,,,,,,,,,5.3,0.280437469,0,,,,,,,,,,,,
,,,,,,,,,,,,,,,,,5.301,0.27721405,0,,,,,,,,,,,,
,,,,,,,,,,,,,,,,,5.302,0.279631615,0,,,,,,,,,,,,
,,,,,,,,,,,,,,,,,5.303,0.284466743,0,,,,,,,,,,,,
,,,,,,,,,,,,,,,,,5.304,0.282855034,0,,,,,,,,,,,,
,,,,,,,,,,,,,,,,,5.305,0.281243324,0,,,,,,,,,,,,
,,,,,,,,,,,,,,,,,5.306,0.269155502,0,,,,,,,,,,,,
,,,,,,,,,,,,,,,,,5.307,0.272378922,0,,,,,,,,,,,,
,,,,,,,,,,,,,,,,,5.308,0.280437469,0,,,,,,,,,,,,
,,,,,,,,,,,,,,,,,5.309,0.281243324,0,,,,,,,,,,,,
,,,,,,,,,,,,,,,,,5.31,0.281243324,0,,,,,,,,,,,,
,,,,,,,,,,,,,,,,,5.311,0.282049179,0,,,,,,,,,,,,
,,,,,,,,,,,,,,,,,5.312,0.283660889,0,,,,,,,,,,,,
,,,,,,,,,,,,,,,,,5.313,0.274796486,0,,,,,,,,,,,,
,,,,,,,,,,,,,,,,,5.314,0.284466743,0,,,,,,,,,,,,
,,,,,,,,,,,,,,,,,5.315,0.27882576,0,,,,,,,,,,,,
,,,,,,,,,,,,,,,,,5.316,0.280437469,0,,,,,,,,,,,,
,,,,,,,,,,,,,,,,,5.317,0.282855034,0,,,,,,,,,,,,
,,,,,,,,,,,,,,,,,5.318,0.282855034,0,,,,,,,,,,,,
,,,,,,,,,,,,,,,,,5.319,0.290107727,0,,,,,,,,,,,,
,,,,,,,,,,,,,,,,,5.32,0.282855034,0,,,,,,,,,,,,
,,,,,,,,,,,,,,,,,5.321,0.286078453,0,,,,,,,,,,,,
,,,,,,,,,,,,,,,,,5.322,0.282049179,0,,,,,,,,,,,,
,,,,,,,,,,,,,,,,,5.323,0.284466743,0,,,,,,,,,,,,
,,,,,,,,,,,,,,,,,5.324,0.287690163,0,,,,,,,,,,,,
,,,,,,,,,,,,,,,,,5.325,0.293331146,0,,,,,,,,,,,,
,,,,,,,,,,,,,,,,,5.326,0.290107727,0,,,,,,,,,,,,
,,,,,,,,,,,,,,,,,5.327,0.288496017,0,,,,,,,,,,,,
,,,,,,,,,,,,,,,,,5.328,0.294942856,0,,,,,,,,,,,,
,,,,,,,,,,,,,,,,,5.329,0.290913582,0,,,,,,,,,,,,
,,,,,,,,,,,,,,,,,5.33,0.287690163,0,,,,,,,,,,,,
,,,,,,,,,,,,,,,,,5.331,0.301389694,0,,,,,,,,,,,,
,,,,,,,,,,,,,,,,,5.332,0.296554565,0,,,,,,,,,,,,
,,,,,,,,,,,,,,,,,5.333,0.294942856,0,,,,,,,,,,,,
,,,,,,,,,,,,,,,,,5.334,0.290107727,0,,,,,,,,,,,,
,,,,,,,,,,,,,,,,,5.335,0.294137001,0,,,,,,,,,,,,
,,,,,,,,,,,,,,,,,5.336,0.294137001,0,,,,,,,,,,,,
,,,,,,,,,,,,,,,,,5.337,0.301389694,0,,,,,,,,,,,,
,,,,,,,,,,,,,,,,,5.338,0.298166275,0,,,,,,,,,,,,
,,,,,,,,,,,,,,,,,5.339,0.29897213,0,,,,,,,,,,,,
,,,,,,,,,,,,,,,,,5.34,0.303807259,0,,,,,,,,,,,,
,,,,,,,,,,,,,,,,,5.341,0.29736042,0,,,,,,,,,,,,
,,,,,,,,,,,,,,,,,5.342,0.302195549,0,,,,,,,,,,,,
,,,,,,,,,,,,,,,,,5.343,0.300583839,0,,,,,,,,,,,,
,,,,,,,,,,,,,,,,,5.344,0.286078453,0,,,,,,,,,,,,
,,,,,,,,,,,,,,,,,5.345,0.307030678,0,,,,,,,,,,,,
,,,,,,,,,,,,,,,,,5.346,0.311059952,0,,,,,,,,,,,,
,,,,,,,,,,,,,,,,,5.347,0.314283371,0,,,,,,,,,,,,
,,,,,,,,,,,,,,,,,5.348,0.304613113,0,,,,,,,,,,,,
,,,,,,,,,,,,,,,,,5.349,0.313477516,0,,,,,,,,,,,,
,,,,,,,,,,,,,,,,,5.35,0.308642387,0,,,,,,,,,,,,
,,,,,,,,,,,,,,,,,5.351,0.312671661,0,,,,,,,,,,,,
,,,,,,,,,,,,,,,,,5.352,0.314283371,0,,,,,,,,,,,,
,,,,,,,,,,,,,,,,,5.353,0.310254097,0,,,,,,,,,,,,
,,,,,,,,,,,,,,,,,5.354,0.309448242,0,,,,,,,,,,,,
,,,,,,,,,,,,,,,,,5.355,0.323147774,0,,,,,,,,,,,,
,,,,,,,,,,,,,,,,,5.356,0.323147774,0,,,,,,,,,,,,
,,,,,,,,,,,,,,,,,5.357,0.332818031,0,,,,,,,,,,,,
,,,,,,,,,,,,,,,,,5.358,0.324759483,0,,,,,,,,,,,,
,,,,,,,,,,,,,,,,,5.359,0.323147774,0,,,,,,,,,,,,
,,,,,,,,,,,,,,,,,5.36,0.323953629,0,,,,,,,,,,,,
,,,,,,,,,,,,,,,,,5.361,0.334429741,0,,,,,,,,,,,,
,,,,,,,,,,,,,,,,,5.362,0.323953629,0,,,,,,,,,,,,
,,,,,,,,,,,,,,,,,5.363,0.320730209,0,,,,,,,,,,,,
,,,,,,,,,,,,,,,,,5.364,0.329594612,0,,,,,,,,,,,,
,,,,,,,,,,,,,,,,,5.365,0.335235596,0,,,,,,,,,,,,
,,,,,,,,,,,,,,,,,5.366,0.334429741,0,,,,,,,,,,,,
,,,,,,,,,,,,,,,,,5.367,0.340070724,0,,,,,,,,,,,,
,,,,,,,,,,,,,,,,,5.368,0.338459015,0,,,,,,,,,,,,
,,,,,,,,,,,,,,,,,5.369,0.329594612,0,,,,,,,,,,,,
,,,,,,,,,,,,,,,,,5.37,0.332818031,0,,,,,,,,,,,,
,,,,,,,,,,,,,,,,,5.371,0.346517563,0,,,,,,,,,,,,
,,,,,,,,,,,,,,,,,5.372,0.348129272,0,,,,,,,,,,,,
,,,,,,,,,,,,,,,,,5.373,0.350546837,0,,,,,,,,,,,,
,,,,,,,,,,,,,,,,,5.374,0.350546837,0,,,,,,,,,,,,
,,,,,,,,,,,,,,,,,5.375,0.350546837,0,,,,,,,,,,,,
,,,,,,,,,,,,,,,,,5.376,0.362634659,0,,,,,,,,,,,,
,,,,,,,,,,,,,,,,,5.377,0.378751755,0,,,,,,,,,,,,
,,,,,,,,,,,,,,,,,5.378,0.364246368,0,,,,,,,,,,,,
,,,,,,,,,,,,,,,,,5.379,0.363440514,0,,,,,,,,,,,,
,,,,,,,,,,,,,,,,,5.38,0.384392738,0,,,,,,,,,,,,
,,,,,,,,,,,,,,,,,5.381,0.375528336,0,,,,,,,,,,,,
,,,,,,,,,,,,,,,,,5.382,0.384392738,0,,,,,,,,,,,,
,,,,,,,,,,,,,,,,,5.383,0.387616158,0,,,,,,,,,,,,
,,,,,,,,,,,,,,,,,5.384,0.386004448,0,,,,,,,,,,,,
,,,,,,,,,,,,,,,,,5.385,0.388422012,0,,,,,,,,,,,,
,,,,,,,,,,,,,,,,,5.386,0.397286415,0,,,,,,,,,,,,
,,,,,,,,,,,,,,,,,5.387,0.399703979,0,,,,,,,,,,,,
,,,,,,,,,,,,,,,,,5.388,0.395674706,0,,,,,,,,,,,,
,,,,,,,,,,,,,,,,,5.389,0.394062996,0,,,,,,,,,,,,
,,,,,,,,,,,,,,,,,5.39,0.398898125,0,,,,,,,,,,,,
,,,,,,,,,,,,,,,,,5.391,0.387616158,0,,,,,,,,,,,,
,,,,,,,,,,,,,,,,,5.392,0.395674706,0,,,,,,,,,,,,
,,,,,,,,,,,,,,,,,5.393,0.404539108,0,,,,,,,,,,,,
,,,,,,,,,,,,,,,,,5.394,0.404539108,0,,,,,,,,,,,,
,,,,,,,,,,,,,,,,,5.395,0.406956673,0,,,,,,,,,,,,
,,,,,,,,,,,,,,,,,5.396,0.412597656,0,,,,,,,,,,,,
,,,,,,,,,,,,,,,,,5.397,0.406150818,0,,,,,,,,,,,,
,,,,,,,,,,,,,,,,,5.398,0.424685478,0,,,,,,,,,,,,
,,,,,,,,,,,,,,,,,5.399,0.427908897,0,,,,,,,,,,,,
,,,,,,,,,,,,,,,,,5.4,0.423073769,0,,,,,,,,,,,,
,,,,,,,,,,,,,,,,,5.401,0.427103043,0,,,,,,,,,,,,
,,,,,,,,,,,,,,,,,5.402,0.423879623,0,,,,,,,,,,,,
,,,,,,,,,,,,,,,,,5.403,0.430326462,0,,,,,,,,,,,,
,,,,,,,,,,,,,,,,,5.404,0.439996719,0,,,,,,,,,,,,
,,,,,,,,,,,,,,,,,5.405,0.444831848,0,,,,,,,,,,,,
,,,,,,,,,,,,,,,,,5.406,0.439996719,0,,,,,,,,,,,,
,,,,,,,,,,,,,,,,,5.407,0.440802574,0,,,,,,,,,,,,
,,,,,,,,,,,,,,,,,5.408,0.439190865,0,,,,,,,,,,,,
,,,,,,,,,,,,,,,,,5.409,0.444025993,0,,,,,,,,,,,,
,,,,,,,,,,,,,,,,,5.41,0.452084541,0,,,,,,,,,,,,
,,,,,,,,,,,,,,,,,5.411,0.448055267,0,,,,,,,,,,,,
,,,,,,,,,,,,,,,,,5.412,0.45691967,0,,,,,,,,,,,,
,,,,,,,,,,,,,,,,,5.413,0.453696251,0,,,,,,,,,,,,
,,,,,,,,,,,,,,,,,5.414,0.463366508,0,,,,,,,,,,,,
,,,,,,,,,,,,,,,,,5.415,0.466589928,0,,,,,,,,,,,,
,,,,,,,,,,,,,,,,,5.416,0.467395782,0,,,,,,,,,,,,
,,,,,,,,,,,,,,,,,5.417,0.461754799,0,,,,,,,,,,,,
,,,,,,,,,,,,,,,,,5.418,0.45853138,0,,,,,,,,,,,,
,,,,,,,,,,,,,,,,,5.419,0.456113815,0,,,,,,,,,,,,
,,,,,,,,,,,,,,,,,5.42,0.472230911,0,,,,,,,,,,,,
,,,,,,,,,,,,,,,,,5.421,0.474648476,0,,,,,,,,,,,,
,,,,,,,,,,,,,,,,,5.422,0.471425056,0,,,,,,,,,,,,
,,,,,,,,,,,,,,,,,5.423,0.477871895,0,,,,,,,,,,,,
,,,,,,,,,,,,,,,,,5.424,0.471425056,0,,,,,,,,,,,,
,,,,,,,,,,,,,,,,,5.425,0.461754799,0,,,,,,,,,,,,
,,,,,,,,,,,,,,,,,5.426,0.490765572,0,,,,,,,,,,,,
,,,,,,,,,,,,,,,,,5.427,0.485124588,0,,,,,,,,,,,,
,,,,,,,,,,,,,,,,,5.428,0.486736298,0,,,,,,,,,,,,
,,,,,,,,,,,,,,,,,5.429,0.489153862,0,,,,,,,,,,,,
,,,,,,,,,,,,,,,,,5.43,0.49882412,0,,,,,,,,,,,,
,,,,,,,,,,,,,,,,,5.431,0.493183136,0,,,,,,,,,,,,
,,,,,,,,,,,,,,,,,5.432,0.501241684,0,,,,,,,,,,,,
,,,,,,,,,,,,,,,,,5.433,0.49882412,0,,,,,,,,,,,,
,,,,,,,,,,,,,,,,,5.434,0.510106087,0,,,,,,,,,,,,
,,,,,,,,,,,,,,,,,5.435,0.514941216,0,,,,,,,,,,,,
,,,,,,,,,,,,,,,,,5.436,0.51574707,0,,,,,,,,,,,,
,,,,,,,,,,,,,,,,,5.437,0.511717796,0,,,,,,,,,,,,
,,,,,,,,,,,,,,,,,5.438,0.523805618,0,,,,,,,,,,,,
,,,,,,,,,,,,,,,,,5.439,0.523805618,0,,,,,,,,,,,,
,,,,,,,,,,,,,,,,,5.44,0.941238403,0,,,,,,,,,,,,
,,,,,,,,,,,,,,,,,5.441,0.949296951,0,,,,,,,,,,,,
,,,,,,,,,,,,,,,,,5.442,0.938820839,0,,,,,,,,,,,,
,,,,,,,,,,,,,,,,,5.443,0.95413208,0,,,,,,,,,,,,
,,,,,,,,,,,,,,,,,5.444,0.959773064,0,,,,,,,,,,,,
,,,,,,,,,,,,,,,,,5.445,0.95413208,0,,,,,,,,,,,,
,,,,,,,,,,,,,,,,,5.446,0.954937935,0,,,,,,,,,,,,
,,,,,,,,,,,,,,,,,5.447,0.959773064,0,,,,,,,,,,,,
,,,,,,,,,,,,,,,,,5.448,0.971055031,0,,,,,,,,,,,,
,,,,,,,,,,,,,,,,,5.449,0.962996483,0,,,,,,,,,,,,
,,,,,,,,,,,,,,,,,5.45,0.967025757,0,,,,,,,,,,,,
,,,,,,,,,,,,,,,,,5.451,0.964608192,0,,,,,,,,,,,,
,,,,,,,,,,,,,,,,,5.452,0.962190628,0,,,,,,,,,,,,
,,,,,,,,,,,,,,,,,5.453,0.959773064,0,,,,,,,,,,,,
,,,,,,,,,,,,,,,,,5.454,0.975084305,0,,,,,,,,,,,,
,,,,,,,,,,,,,,,,,5.455,0.97266674,0,,,,,,,,,,,,
,,,,,,,,,,,,,,,,,5.456,0.967025757,0,,,,,,,,,,,,
,,,,,,,,,,,,,,,,,5.457,0.983142853,0,,,,,,,,,,,,
,,,,,,,,,,,,,,,,,5.458,0.977501869,0,,,,,,,,,,,,
,,,,,,,,,,,,,,,,,5.459,0.990395546,0,,,,,,,,,,,,
,,,,,,,,,,,,,,,,,5.46,0.991201401,0,,,,,,,,,,,,
,,,,,,,,,,,,,,,,,5.461,0.989589691,0,,,,,,,,,,,,
,,,,,,,,,,,,,,,,,5.462,0.979919434,0,,,,,,,,,,,,
,,,,,,,,,,,,,,,,,5.463,1.006512642,0,,,,,,,,,,,,
,,,,,,,,,,,,,,,,,5.464,0.99281311,0,,,,,,,,,,,,
,,,,,,,,,,,,,,,,,5.465,1.001677513,0,,,,,,,,,,,,
,,,,,,,,,,,,,,,,,5.466,0.999259949,0,,,,,,,,,,,,
,,,,,,,,,,,,,,,,,5.467,1.004900932,0,,,,,,,,,,,,
,,,,,,,,,,,,,,,,,5.468,1.005706787,0,,,,,,,,,,,,
,,,,,,,,,,,,,,,,,5.469,0.996842384,0,,,,,,,,,,,,
,,,,,,,,,,,,,,,,,5.47,1.012153625,0,,,,,,,,,,,,
,,,,,,,,,,,,,,,,,5.471,1.007318497,0,,,,,,,,,,,,
,,,,,,,,,,,,,,,,,5.472,1.012153625,0,,,,,,,,,,,,
,,,,,,,,,,,,,,,,,5.473,1.012153625,0,,,,,,,,,,,,
,,,,,,,,,,,,,,,,,5.474,1.024241447,0,,,,,,,,,,,,
,,,,,,,,,,,,,,,,,5.475,1.01295948,0,,,,,,,,,,,,
,,,,,,,,,,,,,,,,,5.476,1.023435593,0,,,,,,,,,,,,
,,,,,,,,,,,,,,,,,5.477,1.028270721,0,,,,,,,,,,,,
,,,,,,,,,,,,,,,,,5.478,1.032299995,0,,,,,,,,,,,,
,,,,,,,,,,,,,,,,,5.479,1.037135124,0,,,,,,,,,,,,
,,,,,,,,,,,,,,,,,5.48,1.039552689,0,,,,,,,,,,,,
,,,,,,,,,,,,,,,,,5.481,1.026659012,0,,,,,,,,,,,,
,,,,,,,,,,,,,,,,,5.482,1.05325222,0,,,,,,,,,,,,
,,,,,,,,,,,,,,,,,5.483,1.037135124,0,,,,,,,,,,,,
,,,,,,,,,,,,,,,,,5.484,1.039552689,0,,,,,,,,,,,,
,,,,,,,,,,,,,,,,,5.485,1.042776108,0,,,,,,,,,,,,
,,,,,,,,,,,,,,,,,5.486,1.052446365,0,,,,,,,,,,,,
,,,,,,,,,,,,,,,,,5.487,1.048417091,0,,,,,,,,,,,,
,,,,,,,,,,,,,,,,,5.488,1.065340042,0,,,,,,,,,,,,
,,,,,,,,,,,,,,,,,5.489,1.052446365,0,,,,,,,,,,,,
,,,,,,,,,,,,,,,,,5.49,1.054058075,0,,,,,,,,,,,,
,,,,,,,,,,,,,,,,,5.491,1.059699059,0,,,,,,,,,,,,
,,,,,,,,,,,,,,,,,5.492,1.065340042,0,,,,,,,,,,,,
,,,,,,,,,,,,,,,,,5.493,1.063728333,0,,,,,,,,,,,,
,,,,,,,,,,,,,,,,,5.494,1.078233719,0,,,,,,,,,,,,
,,,,,,,,,,,,,,,,,5.495,1.080651283,0,,,,,,,,,,,,
,,,,,,,,,,,,,,,,,5.496,1.089515686,0,,,,,,,,,,,,
,,,,,,,,,,,,,,,,,5.497,1.07339859,0,,,,,,,,,,,,
,,,,,,,,,,,,,,,,,5.498,1.080651283,0,,,,,,,,,,,,
,,,,,,,,,,,,,,,,,5.499,1.085486412,0,,,,,,,,,,,,
,,,,,,,,,,,,,,,,,5.5,1.088709831,0,,,,,,,,,,,,
,,,,,,,,,,,,,,,,,5.501,1.084680557,0,,,,,,,,,,,,
,,,,,,,,,,,,,,,,,5.502,1.09193325,0,,,,,,,,,,,,
,,,,,,,,,,,,,,,,,5.503,1.091127396,0,,,,,,,,,,,,
,,,,,,,,,,,,,,,,,5.504,1.084680557,0,,,,,,,,,,,,
,,,,,,,,,,,,,,,,,5.505,1.106438637,0,,,,,,,,,,,,
,,,,,,,,,,,,,,,,,5.506,1.097574234,0,,,,,,,,,,,,
,,,,,,,,,,,,,,,,,5.507,1.11369133,0,,,,,,,,,,,,
,,,,,,,,,,,,,,,,,5.508,1.11369133,0,,,,,,,,,,,,
,,,,,,,,,,,,,,,,,5.509,1.108050346,0,,,,,,,,,,,,
,,,,,,,,,,,,,,,,,5.51,1.105632782,0,,,,,,,,,,,,
,,,,,,,,,,,,,,,,,5.511,1.119332314,0,,,,,,,,,,,,
,,,,,,,,,,,,,,,,,5.512,1.11207962,0,,,,,,,,,,,,
,,,,,,,,,,,,,,,,,5.513,1.121749878,0,,,,,,,,,,,,
,,,,,,,,,,,,,,,,,5.514,1.114497185,0,,,,,,,,,,,,
,,,,,,,,,,,,,,,,,5.515,1.118526459,0,,,,,,,,,,,,
,,,,,,,,,,,,,,,,,5.516,1.114497185,0,,,,,,,,,,,,
,,,,,,,,,,,,,,,,,5.517,1.130614281,0,,,,,,,,,,,,
,,,,,,,,,,,,,,,,,5.518,1.120944023,0,,,,,,,,,,,,
,,,,,,,,,,,,,,,,,5.519,1.124973297,0,,,,,,,,,,,,
,,,,,,,,,,,,,,,,,5.52,1.129808426,0,,,,,,,,,,,,
,,,,,,,,,,,,,,,,,5.521,1.149954796,0,,,,,,,,,,,,
,,,,,,,,,,,,,,,,,5.522,1.129002571,0,,,,,,,,,,,,
,,,,,,,,,,,,,,,,,5.523,1.148343086,0,,,,,,,,,,,,
,,,,,,,,,,,,,,,,,5.524,1.135449409,0,,,,,,,,,,,,
,,,,,,,,,,,,,,,,,5.525,1.15237236,0,,,,,,,,,,,,
,,,,,,,,,,,,,,,,,5.526,1.149148941,0,,,,,,,,,,,,
,,,,,,,,,,,,,,,,,5.527,1.145119667,0,,,,,,,,,,,,
,,,,,,,,,,,,,,,,,5.528,1.15398407,0,,,,,,,,,,,,
,,,,,,,,,,,,,,,,,5.529,1.150760651,0,,,,,,,,,,,,
,,,,,,,,,,,,,,,,,5.53,1.161236763,0,,,,,,,,,,,,
,,,,,,,,,,,,,,,,,5.531,1.164460182,0,,,,,,,,,,,,
,,,,,,,,,,,,,,,,,5.532,1.177353859,0,,,,,,,,,,,,
,,,,,,,,,,,,,,,,,5.533,1.168489456,0,,,,,,,,,,,,
,,,,,,,,,,,,,,,,,5.534,1.178965569,0,,,,,,,,,,,,
,,,,,,,,,,,,,,,,,5.535,1.170907021,0,,,,,,,,,,,,
,,,,,,,,,,,,,,,,,5.536,1.178159714,0,,,,,,,,,,,,
,,,,,,,,,,,,,,,,,5.537,1.17413044,0,,,,,,,,,,,,
,,,,,,,,,,,,,,,,,5.538,1.170101166,0,,,,,,,,,,,,
,,,,,,,,,,,,,,,,,5.539,1.185412407,0,,,,,,,,,,,,
,,,,,,,,,,,,,,,,,5.54,1.175742149,0,,,,,,,,,,,,
,,,,,,,,,,,,,,,,,5.541,1.187829971,0,,,,,,,,,,,,
,,,,,,,,,,,,,,,,,5.542,1.19427681,0,,,,,,,,,,,,
,,,,,,,,,,,,,,,,,5.543,1.195082664,0,,,,,,,,,,,,
,,,,,,,,,,,,,,,,,5.544,1.185412407,0,,,,,,,,,,,,
,,,,,,,,,,,,,,,,,5.545,1.202335358,0,,,,,,,,,,,,
,,,,,,,,,,,,,,,,,5.546,1.201529503,0,,,,,,,,,,,,
,,,,,,,,,,,,,,,,,5.547,1.200723648,0,,,,,,,,,,,,
,,,,,,,,,,,,,,,,,5.548,1.207170486,0,,,,,,,,,,,,
,,,,,,,,,,,,,,,,,5.549,1.199917793,0,,,,,,,,,,,,
,,,,,,,,,,,,,,,,,5.55,1.207170486,0,,,,,,,,,,,,
,,,,,,,,,,,,,,,,,5.551,1.210393906,0,,,,,,,,,,,,
,,,,,,,,,,,,,,,,,5.552,1.216034889,0,,,,,,,,,,,,
,,,,,,,,,,,,,,,,,5.553,1.217646599,0,,,,,,,,,,,,
,,,,,,,,,,,,,,,,,5.554,1.213617325,0,,,,,,,,,,,,
,,,,,,,,,,,,,,,,,5.555,1.222481728,0,,,,,,,,,,,,
,,,,,,,,,,,,,,,,,5.556,1.207170486,0,,,,,,,,,,,,
,,,,,,,,,,,,,,,,,5.557,1.23134613,0,,,,,,,,,,,,
,,,,,,,,,,,,,,,,,5.558,1.21442318,0,,,,,,,,,,,,
,,,,,,,,,,,,,,,,,5.559,1.226511002,0,,,,,,,,,,,,
,,,,,,,,,,,,,,,,,5.56,1.222481728,0,,,,,,,,,,,,
,,,,,,,,,,,,,,,,,5.561,1.23295784,0,,,,,,,,,,,,
,,,,,,,,,,,,,,,,,5.562,1.229734421,0,,,,,,,,,,,,
,,,,,,,,,,,,,,,,,5.563,1.225705147,0,,,,,,,,,,,,
,,,,,,,,,,,,,,,,,5.564,1.243433952,0,,,,,,,,,,,,
,,,,,,,,,,,,,,,,,5.565,1.238598824,0,,,,,,,,,,,,
,,,,,,,,,,,,,,,,,5.566,1.23456955,0,,,,,,,,,,,,
,,,,,,,,,,,,,,,,,5.567,1.236987114,0,,,,,,,,,,,,
,,,,,,,,,,,,,,,,,5.568,1.2514925,0,,,,,,,,,,,,
,,,,,,,,,,,,,,,,,5.569,1.243433952,0,,,,,,,,,,,,
,,,,,,,,,,,,,,,,,5.57,1.242628098,0,,,,,,,,,,,,
,,,,,,,,,,,,,,,,,5.571,1.245851517,0,,,,,,,,,,,,
,,,,,,,,,,,,,,,,,5.572,1.241016388,0,,,,,,,,,,,,
,,,,,,,,,,,,,,,,,5.573,1.250686646,0,,,,,,,,,,,,
,,,,,,,,,,,,,,,,,5.574,1.261162758,0,,,,,,,,,,,,
,,,,,,,,,,,,,,,,,5.575,1.261162758,0,,,,,,,,,,,,
,,,,,,,,,,,,,,,,,5.576,1.265192032,0,,,,,,,,,,,,
,,,,,,,,,,,,,,,,,5.577,1.25310421,0,,,,,,,,,,,,
,,,,,,,,,,,,,,,,,5.578,1.263580322,0,,,,,,,,,,,,
,,,,,,,,,,,,,,,,,5.579,1.270027161,0,,,,,,,,,,,,
,,,,,,,,,,,,,,,,,5.58,1.261968613,0,,,,,,,,,,,,
,,,,,,,,,,,,,,,,,5.581,1.272444725,0,,,,,,,,,,,,
,,,,,,,,,,,,,,,,,5.582,1.277279854,0,,,,,,,,,,,,
,,,,,,,,,,,,,,,,,5.583,1.287755966,0,,,,,,,,,,,,
,,,,,,,,,,,,,,,,,5.584,1.281309128,0,,,,,,,,,,,,
,,,,,,,,,,,,,,,,,5.585,1.278891563,0,,,,,,,,,,,,
,,,,,,,,,,,,,,,,,5.586,1.279697418,0,,,,,,,,,,,,
,,,,,,,,,,,,,,,,,5.587,1.282920837,0,,,,,,,,,,,,
,,,,,,,,,,,,,,,,,5.588,1.286144257,0,,,,,,,,,,,,
,,,,,,,,,,,,,,,,,5.589,1.296620369,0,,,,,,,,,,,,
,,,,,,,,,,,,,,,,,5.59,1.302261353,0,,,,,,,,,,,,
,,,,,,,,,,,,,,,,,5.591,1.295008659,0,,,,,,,,,,,,
,,,,,,,,,,,,,,,,,5.592,1.284532547,0,,,,,,,,,,,,
,,,,,,,,,,,,,,,,,5.593,1.299843788,0,,,,,,,,,,,,
,,,,,,,,,,,,,,,,,5.594,1.310319901,0,,,,,,,,,,,,
,,,,,,,,,,,,,,,,,5.595,1.303873062,0,,,,,,,,,,,,
,,,,,,,,,,,,,,,,,5.596,1.298232079,0,,,,,,,,,,,,
,,,,,,,,,,,,,,,,,5.597,1.314349174,0,,,,,,,,,,,,
,,,,,,,,,,,,,,,,,5.598,1.308708191,0,,,,,,,,,,,,
,,,,,,,,,,,,,,,,,5.599,1.309514046,0,,,,,,,,,,,,
,,,,,,,,,,,,,,,,,5.6,1.312737465,0,,,,,,,,,,,,
,,,,,,,,,,,,,,,,,5.601,1.341748238,0,,,,,,,,,,,,
,,,,,,,,,,,,,,,,,5.602,1.341748238,0,,,,,,,,,,,,
,,,,,,,,,,,,,,,,,5.603,1.565775871,0,,,,,,,,,,,,
,,,,,,,,,,,,,,,,,5.604,1.567387581,0,,,,,,,,,,,,
,,,,,,,,,,,,,,,,,5.605,1.580281258,0,,,,,,,,,,,,
,,,,,,,,,,,,,,,,,5.606,1.56899929,0,,,,,,,,,,,,
,,,,,,,,,,,,,,,,,5.607,1.573834419,0,,,,,,,,,,,,
,,,,,,,,,,,,,,,,,5.608,1.583504677,0,,,,,,,,,,,,
,,,,,,,,,,,,,,,,,5.609,1.574640274,0,,,,,,,,,,,,
,,,,,,,,,,,,,,,,,5.61,1.577057838,0,,,,,,,,,,,,
,,,,,,,,,,,,,,,,,5.611,1.576251984,0,,,,,,,,,,,,
,,,,,,,,,,,,,,,,,5.612,1.593174934,0,,,,,,,,,,,,
,,,,,,,,,,,,,,,,,5.613,1.585922241,0,,,,,,,,,,,,
,,,,,,,,,,,,,,,,,5.614,1.579475403,0,,,,,,,,,,,,
,,,,,,,,,,,,,,,,,5.615,1.575446129,0,,,,,,,,,,,,
,,,,,,,,,,,,,,,,,5.616,1.594786644,0,,,,,,,,,,,,
,,,,,,,,,,,,,,,,,5.617,1.585922241,0,,,,,,,,,,,,
,,,,,,,,,,,,,,,,,5.618,1.603651047,0,,,,,,,,,,,,
,,,,,,,,,,,,,,,,,5.619,1.574640274,0,,,,,,,,,,,,
,,,,,,,,,,,,,,,,,5.62,1.600427628,0,,,,,,,,,,,,
,,,,,,,,,,,,,,,,,5.621,1.603651047,0,,,,,,,,,,,,
,,,,,,,,,,,,,,,,,5.622,1.589951515,0,,,,,,,,,,,,
,,,,,,,,,,,,,,,,,5.623,1.613321304,0,,,,,,,,,,,,
,,,,,,,,,,,,,,,,,5.624,1.600427628,0,,,,,,,,,,,,
,,,,,,,,,,,,,,,,,5.625,1.591563225,0,,,,,,,,,,,,
,,,,,,,,,,,,,,,,,5.626,1.596398354,0,,,,,,,,,,,,
,,,,,,,,,,,,,,,,,5.627,1.602845192,0,,,,,,,,,,,,
,,,,,,,,,,,,,,,,,5.628,1.61090374,0,,,,,,,,,,,,
,,,,,,,,,,,,,,,,,5.629,1.596398354,0,,,,,,,,,,,,
,,,,,,,,,,,,,,,,,5.63,1.608486176,0,,,,,,,,,,,,
,,,,,,,,,,,,,,,,,5.631,1.620573997,0,,,,,,,,,,,,
,,,,,,,,,,,,,,,,,5.632,1.607680321,0,,,,,,,,,,,,
,,,,,,,,,,,,,,,,,5.633,1.621379852,0,,,,,,,,,,,,
,,,,,,,,,,,,,,,,,5.634,1.60929203,0,,,,,,,,,,,,
,,,,,,,,,,,,,,,,,5.635,1.616544724,0,,,,,,,,,,,,
,,,,,,,,,,,,,,,,,5.636,1.617350578,0,,,,,,,,,,,,
,,,,,,,,,,,,,,,,,5.637,1.614933014,0,,,,,,,,,,,,
,,,,,,,,,,,,,,,,,5.638,1.617350578,0,,,,,,,,,,,,
,,,,,,,,,,,,,,,,,5.639,1.610097885,0,,,,,,,,,,,,
,,,,,,,,,,,,,,,,,5.64,1.617350578,0,,,,,,,,,,,,
,,,,,,,,,,,,,,,,,5.641,1.619768143,0,,,,,,,,,,,,
,,,,,,,,,,,,,,,,,5.642,1.613321304,0,,,,,,,,,,,,
,,,,,,,,,,,,,,,,,5.643,1.63105011,0,,,,,,,,,,,,
,,,,,,,,,,,,,,,,,5.644,1.617350578,0,,,,,,,,,,,,
,,,,,,,,,,,,,,,,,5.645,1.630244255,0,,,,,,,,,,,,
,,,,,,,,,,,,,,,,,5.646,1.639914513,0,,,,,,,,,,,,
,,,,,,,,,,,,,,,,,5.647,1.627826691,0,,,,,,,,,,,,
,,,,,,,,,,,,,,,,,5.648,1.624603271,0,,,,,,,,,,,,
,,,,,,,,,,,,,,,,,5.649,1.635885239,0,,,,,,,,,,,,
,,,,,,,,,,,,,,,,,5.65,1.627826691,0,,,,,,,,,,,,
,,,,,,,,,,,,,,,,,5.651,1.630244255,0,,,,,,,,,,,,
,,,,,,,,,,,,,,,,,5.652,1.633467674,0,,,,,,,,,,,,
,,,,,,,,,,,,,,,,,5.653,1.647167206,0,,,,,,,,,,,,
,,,,,,,,,,,,,,,,,5.654,1.648778915,0,,,,,,,,,,,,
,,,,,,,,,,,,,,,,,5.655,1.639108658,0,,,,,,,,,,,,
,,,,,,,,,,,,,,,,,5.656,1.638302803,0,,,,,,,,,,,,
,,,,,,,,,,,,,,,,,5.657,1.647973061,0,,,,,,,,,,,,
,,,,,,,,,,,,,,,,,5.658,1.647973061,0,,,,,,,,,,,,
,,,,,,,,,,,,,,,,,5.659,1.67134285,0,,,,,,,,,,,,
,,,,,,,,,,,,,,,,,5.66,1.648778915,0,,,,,,,,,,,,
,,,,,,,,,,,,,,,,,5.661,1.654419899,0,,,,,,,,,,,,
,,,,,,,,,,,,,,,,,5.662,1.664090157,0,,,,,,,,,,,,
,,,,,,,,,,,,,,,,,5.663,1.652808189,0,,,,,,,,,,,,
,,,,,,,,,,,,,,,,,5.664,1.656031609,0,,,,,,,,,,,,
,,,,,,,,,,,,,,,,,5.665,1.655225754,0,,,,,,,,,,,,
,,,,,,,,,,,,,,,,,5.666,1.652808189,0,,,,,,,,,,,,
,,,,,,,,,,,,,,,,,5.667,1.664896011,0,,,,,,,,,,,,
,,,,,,,,,,,,,,,,,5.668,1.658449173,0,,,,,,,,,,,,
,,,,,,,,,,,,,,,,,5.669,1.664896011,0,,,,,,,,,,,,
,,,,,,,,,,,,,,,,,5.67,1.664090157,0,,,,,,,,,,,,
,,,,,,,,,,,,,,,,,5.671,1.655225754,0,,,,,,,,,,,,
,,,,,,,,,,,,,,,,,5.672,1.652808189,0,,,,,,,,,,,,
,,,,,,,,,,,,,,,,,5.673,1.657643318,0,,,,,,,,,,,,
,,,,,,,,,,,,,,,,,5.674,1.667313576,0,,,,,,,,,,,,
,,,,,,,,,,,,,,,,,5.675,1.660060883,0,,,,,,,,,,,,
,,,,,,,,,,,,,,,,,5.676,1.672148705,0,,,,,,,,,,,,
,,,,,,,,,,,,,,,,,5.677,1.664896011,0,,,,,,,,,,,,
,,,,,,,,,,,,,,,,,5.678,1.667313576,0,,,,,,,,,,,,
,,,,,,,,,,,,,,,,,5.679,1.673760414,0,,,,,,,,,,,,
,,,,,,,,,,,,,,,,,5.68,1.676177979,0,,,,,,,,,,,,
,,,,,,,,,,,,,,,,,5.681,1.681013107,0,,,,,,,,,,,,
,,,,,,,,,,,,,,,,,5.682,1.694712639,0,,,,,,,,,,,,
,,,,,,,,,,,,,,,,,5.683,1.67134285,0,,,,,,,,,,,,
,,,,,,,,,,,,,,,,,5.684,1.681013107,0,,,,,,,,,,,,
,,,,,,,,,,,,,,,,,5.685,1.683430672,0,,,,,,,,,,,,
,,,,,,,,,,,,,,,,,5.686,1.681013107,0,,,,,,,,,,,,
,,,,,,,,,,,,,,,,,5.687,1.689071655,0,,,,,,,,,,,,
,,,,,,,,,,,,,,,,,5.688,1.687459946,0,,,,,,,,,,,,
,,,,,,,,,,,,,,,,,5.689,1.684236526,0,,,,,,,,,,,,
,,,,,,,,,,,,,,,,,5.69,1.685042381,0,,,,,,,,,,,,
,,,,,,,,,,,,,,,,,5.691,1.685042381,0,,,,,,,,,,,,
,,,,,,,,,,,,,,,,,5.692,1.681013107,0,,,,,,,,,,,,
,,,,,,,,,,,,,,,,,5.693,1.685848236,0,,,,,,,,,,,,
,,,,,,,,,,,,,,,,,5.694,1.693906784,0,,,,,,,,,,,,
,,,,,,,,,,,,,,,,,5.695,1.677789688,0,,,,,,,,,,,,
,,,,,,,,,,,,,,,,,5.696,1.69148922,0,,,,,,,,,,,,
,,,,,,,,,,,,,,,,,5.697,1.684236526,0,,,,,,,,,,,,
,,,,,,,,,,,,,,,,,5.698,1.690683365,0,,,,,,,,,,,,
,,,,,,,,,,,,,,,,,5.699,1.710829735,0,,,,,,,,,,,,
,,,,,,,,,,,,,,,,,5.7,1.701965332,0,,,,,,,,,,,,
,,,,,,,,,,,,,,,,,5.701,1.701965332,0,,,,,,,,,,,,
,,,,,,,,,,,,,,,,,5.702,1.695518494,0,,,,,,,,,,,,
,,,,,,,,,,,,,,,,,5.703,1.700353622,0,,,,,,,,,,,,
,,,,,,,,,,,,,,,,,5.704,1.71002388,0,,,,,,,,,,,,
,,,,,,,,,,,,,,,,,5.705,1.707606316,0,,,,,,,,,,,,
,,,,,,,,,,,,,,,,,5.706,1.714053154,0,,,,,,,,,,,,
,,,,,,,,,,,,,,,,,5.707,1.714859009,0,,,,,,,,,,,,
,,,,,,,,,,,,,,,,,5.708,1.720499992,0,,,,,,,,,,,,
,,,,,,,,,,,,,,,,,5.709,1.70841217,0,,,,,,,,,,,,
,,,,,,,,,,,,,,,,,5.71,1.713247299,0,,,,,,,,,,,,
,,,,,,,,,,,,,,,,,5.711,1.716470718,0,,,,,,,,,,,,
,,,,,,,,,,,,,,,,,5.712,1.723723412,0,,,,,,,,,,,,
,,,,,,,,,,,,,,,,,5.713,1.726140976,0,,,,,,,,,,,,
,,,,,,,,,,,,,,,,,5.714,1.705188751,0,,,,,,,,,,,,
,,,,,,,,,,,,,,,,,5.715,1.72855854,0,,,,,,,,,,,,
,,,,,,,,,,,,,,,,,5.716,1.716470718,0,,,,,,,,,,,,
,,,,,,,,,,,,,,,,,5.717,1.73178196,0,,,,,,,,,,,,
,,,,,,,,,,,,,,,,,5.718,1.725335121,0,,,,,,,,,,,,
,,,,,,,,,,,,,,,,,5.719,1.726140976,0,,,,,,,,,,,,
,,,,,,,,,,,,,,,,,5.72,1.71163559,0,,,,,,,,,,,,
,,,,,,,,,,,,,,,,,5.721,1.73017025,0,,,,,,,,,,,,
,,,,,,,,,,,,,,,,,5.722,1.726140976,0,,,,,,,,,,,,
,,,,,,,,,,,,,,,,,5.723,1.73017025,0,,,,,,,,,,,,
,,,,,,,,,,,,,,,,,5.724,1.726140976,0,,,,,,,,,,,,
,,,,,,,,,,,,,,,,,5.725,1.733393669,0,,,,,,,,,,,,
,,,,,,,,,,,,,,,,,5.726,1.726946831,0,,,,,,,,,,,,
,,,,,,,,,,,,,,,,,5.727,1.738228798,0,,,,,,,,,,,,
,,,,,,,,,,,,,,,,,5.728,1.735005379,0,,,,,,,,,,,,
,,,,,,,,,,,,,,,,,5.729,1.73017025,0,,,,,,,,,,,,
,,,,,,,,,,,,,,,,,5.73,1.739034653,0,,,,,,,,,,,,
,,,,,,,,,,,,,,,,,5.731,1.732587814,0,,,,,,,,,,,,
,,,,,,,,,,,,,,,,,5.732,1.736617088,0,,,,,,,,,,,,
,,,,,,,,,,,,,,,,,5.733,1.75031662,0,,,,,,,,,,,,
,,,,,,,,,,,,,,,,,5.734,1.75031662,0,,,,,,,,,,,,
,,,,,,,,,,,,,,,,,5.735,1.759181023,0,,,,,,,,,,,,
,,,,,,,,,,,,,,,,,5.736,1.743063927,0,,,,,,,,,,,,
,,,,,,,,,,,,,,,,,5.737,1.746287346,0,,,,,,,,,,,,
,,,,,,,,,,,,,,,,,5.738,1.743063927,0,,,,,,,,,,,,
,,,,,,,,,,,,,,,,,5.739,1.735005379,0,,,,,,,,,,,,
,,,,,,,,,,,,,,,,,5.74,1.747093201,0,,,,,,,,,,,,
,,,,,,,,,,,,,,,,,5.741,1.760792732,0,,,,,,,,,,,,
,,,,,,,,,,,,,,,,,5.742,1.771268845,0,,,,,,,,,,,,
,,,,,,,,,,,,,,,,,5.743,1.759181023,0,,,,,,,,,,,,
,,,,,,,,,,,,,,,,,5.744,1.751928329,0,,,,,,,,,,,,
,,,,,,,,,,,,,,,,,5.745,1.757569313,0,,,,,,,,,,,,
,,,,,,,,,,,,,,,,,5.746,1.747899055,0,,,,,,,,,,,,
,,,,,,,,,,,,,,,,,5.747,1.761598587,0,,,,,,,,,,,,
,,,,,,,,,,,,,,,,,5.748,1.768045425,0,,,,,,,,,,,,
,,,,,,,,,,,,,,,,,5.749,1.772074699,0,,,,,,,,,,,,
,,,,,,,,,,,,,,,,,5.75,1.771268845,0,,,,,,,,,,,,
,,,,,,,,,,,,,,,,,5.751,1.765627861,0,,,,,,,,,,,,
,,,,,,,,,,,,,,,,,5.752,1.766433716,0,,,,,,,,,,,,
,,,,,,,,,,,,,,,,,5.753,1.764016151,0,,,,,,,,,,,,
,,,,,,,,,,,,,,,,,5.754,1.756763458,0,,,,,,,,,,,,
,,,,,,,,,,,,,,,,,5.755,1.759986877,0,,,,,,,,,,,,
,,,,,,,,,,,,,,,,,5.756,1.780939102,0,,,,,,,,,,,,
,,,,,,,,,,,,,,,,,5.757,1.786580086,0,,,,,,,,,,,,
,,,,,,,,,,,,,,,,,5.758,1.786580086,0,,,,,,,,,,,,
,,,,,,,,,,,,,,,,,5.759,1.798667908,0,,,,,,,,,,,,
,,,,,,,,,,,,,,,,,5.76,1.805920601,0,,,,,,,,,,,,
,,,,,,,,,,,,,,,,,5.761,1.780939102,0,,,,,,,,,,,,
,,,,,,,,,,,,,,,,,5.762,1.802697182,0,,,,,,,,,,,,
,,,,,,,,,,,,,,,,,5.763,1.795444489,0,,,,,,,,,,,,
,,,,,,,,,,,,,,,,,5.764,1.795444489,0,,,,,,,,,,,,
,,,,,,,,,,,,,,,,,5.765,1.962256432,0,,,,,,,,,,,,
,,,,,,,,,,,,,,,,,5.766,1.96870327,0,,,,,,,,,,,,
,,,,,,,,,,,,,,,,,5.767,1.955809593,0,,,,,,,,,,,,
,,,,,,,,,,,,,,,,,5.768,1.971120834,0,,,,,,,,,,,,
,,,,,,,,,,,,,,,,,5.769,1.971120834,0,,,,,,,,,,,,
,,,,,,,,,,,,,,,,,5.77,1.96870327,0,,,,,,,,,,,,
,,,,,,,,,,,,,,,,,5.771,1.974344254,0,,,,,,,,,,,,
,,,,,,,,,,,,,,,,,5.772,1.974344254,0,,,,,,,,,,,,
,,,,,,,,,,,,,,,,,5.773,1.979179382,0,,,,,,,,,,,,
,,,,,,,,,,,,,,,,,5.774,1.967897415,0,,,,,,,,,,,,
,,,,,,,,,,,,,,,,,5.775,1.969509125,0,,,,,,,,,,,,
,,,,,,,,,,,,,,,,,5.776,1.966285706,0,,,,,,,,,,,,
,,,,,,,,,,,,,,,,,5.777,1.976761818,0,,,,,,,,,,,,
,,,,,,,,,,,,,,,,,5.778,1.990461349,0,,,,,,,,,,,,
,,,,,,,,,,,,,,,,,5.779,1.981596947,0,,,,,,,,,,,,
,,,,,,,,,,,,,,,,,5.78,1.981596947,0,,,,,,,,,,,,
,,,,,,,,,,,,,,,,,5.781,1.98723793,0,,,,,,,,,,,,
,,,,,,,,,,,,,,,,,5.782,2.000131607,3.299917502,,,,,,,,,,,,
,,,,,,,,,,,,,,,,,5.783,1.973538399,3.299999998,,,,,,,,,,,,
,,,,,,,,,,,,,,,,,5.784,1.984014511,3.3,,,,,,,,,,,,
,,,,,,,,,,,,,,,,,5.785,1.985626221,3.3,,,,,,,,,,,,
,,,,,,,,,,,,,,,,,5.786,1.992878914,3.3,,,,,,,,,,,,
,,,,,,,,,,,,,,,,,5.787,1.985626221,3.3,,,,,,,,,,,,
,,,,,,,,,,,,,,,,,5.788,1.980791092,3.3,,,,,,,,,,,,
,,,,,,,,,,,,,,,,,5.789,1.98723793,3.3,,,,,,,,,,,,
,,,,,,,,,,,,,,,,,5.79,1.988043785,3.3,,,,,,,,,,,,
,,,,,,,,,,,,,,,,,5.791,2.000131607,3.3,,,,,,,,,,,,
,,,,,,,,,,,,,,,,,5.792,2.000131607,3.3,,,,,,,,,,,,
,,,,,,,,,,,,,,,,,5.793,1.992073059,3.3,,,,,,,,,,,,
,,,,,,,,,,,,,,,,,5.794,1.997714043,3.3,,,,,,,,,,,,
,,,,,,,,,,,,,,,,,5.795,1.997714043,3.3,,,,,,,,,,,,
,,,,,,,,,,,,,,,,,5.796,2.003355026,3.3,,,,,,,,,,,,
,,,,,,,,,,,,,,,,,5.797,1.997714043,3.3,,,,,,,,,,,,
,,,,,,,,,,,,,,,,,5.798,2.013025284,3.3,,,,,,,,,,,,
,,,,,,,,,,,,,,,,,5.799,1.991267204,3.3,,,,,,,,,,,,
,,,,,,,,,,,,,,,,,5.8,1.991267204,3.3,,,,,,,,,,,,
,,,,,,,,,,,,,,,,,5.801,2.010607719,3.3,,,,,,,,,,,,
,,,,,,,,,,,,,,,,,5.802,2.000937462,3.3,,,,,,,,,,,,
,,,,,,,,,,,,,,,,,5.803,2.004966736,3.3,,,,,,,,,,,,
,,,,,,,,,,,,,,,,,5.804,2.012219429,3.3,,,,,,,,,,,,
,,,,,,,,,,,,,,,,,5.805,2.013831139,3.3,,,,,,,,,,,,
,,,,,,,,,,,,,,,,,5.806,2.009801865,3.3,,,,,,,,,,,,
,,,,,,,,,,,,,,,,,5.807,2.010607719,3.3,,,,,,,,,,,,
,,,,,,,,,,,,,,,,,5.808,2.006578445,3.3,,,,,,,,,,,,
,,,,,,,,,,,,,,,,,5.809,2.017054558,3.3,,,,,,,,,,,,
,,,,,,,,,,,,,,,,,5.81,2.013025284,3.3,,,,,,,,,,,,
,,,,,,,,,,,,,,,,,5.811,2.019472122,3.3,,,,,,,,,,,,
,,,,,,,,,,,,,,,,,5.812,2.016248703,3.3,,,,,,,,,,,,
,,,,,,,,,,,,,,,,,5.813,2.014636993,3.3,,,,,,,,,,,,
,,,,,,,,,,,,,,,,,5.814,2.020277977,3.3,,,,,,,,,,,,
,,,,,,,,,,,,,,,,,5.815,2.02753067,3.3,,,,,,,,,,,,
,,,,,,,,,,,,,,,,,5.816,2.022695541,3.3,,,,,,,,,,,,
,,,,,,,,,,,,,,,,,5.817,2.020277977,3.3,,,,,,,,,,,,
,,,,,,,,,,,,,,,,,5.818,2.016248703,3.3,,,,,,,,,,,,
,,,,,,,,,,,,,,,,,5.819,2.039618492,3.3,,,,,,,,,,,,
,,,,,,,,,,,,,,,,,5.82,2.042841911,3.3,,,,,,,,,,,,
,,,,,,,,,,,,,,,,,5.821,2.02914238,3.3,,,,,,,,,,,,
,,,,,,,,,,,,,,,,,5.822,2.030754089,3.3,,,,,,,,,,,,
,,,,,,,,,,,,,,,,,5.823,2.038006783,3.3,,,,,,,,,,,,
,,,,,,,,,,,,,,,,,5.824,2.045259476,3.3,,,,,,,,,,,,
,,,,,,,,,,,,,,,,,5.825,2.038812637,3.3,,,,,,,,,,,,
,,,,,,,,,,,,,,,,,5.826,2.039618492,3.3,,,,,,,,,,,,
,,,,,,,,,,,,,,,,,5.827,2.046065331,3.3,,,,,,,,,,,,
,,,,,,,,,,,,,,,,,5.828,2.051706314,3.3,,,,,,,,,,,,
,,,,,,,,,,,,,,,,,5.829,2.04928875,3.3,,,,,,,,,,,,
,,,,,,,,,,,,,,,,,5.83,2.055735588,3.3,,,,,,,,,,,,
,,,,,,,,,,,,,,,,,5.831,2.039618492,3.3,,,,,,,,,,,,
,,,,,,,,,,,,,,,,,5.832,2.046065331,3.3,,,,,,,,,,,,
,,,,,,,,,,,,,,,,,5.833,2.046065331,3.3,,,,,,,,,,,,
,,,,,,,,,,,,,,,,,5.834,2.04767704,3.3,,,,,,,,,,,,
,,,,,,,,,,,,,,,,,5.835,2.057347298,3.3,,,,,,,,,,,,
,,,,,,,,,,,,,,,,,5.836,2.055735588,3.3,,,,,,,,,,,,
,,,,,,,,,,,,,,,,,5.837,2.041230202,3.3,,,,,,,,,,,,
,,,,,,,,,,,,,,,,,5.838,2.055735588,3.3,,,,,,,,,,,,
,,,,,,,,,,,,,,,,,5.839,2.04928875,3.3,,,,,,,,,,,,
,,,,,,,,,,,,,,,,,5.84,2.058959007,3.3,,,,,,,,,,,,
,,,,,,,,,,,,,,,,,5.841,2.058153152,3.3,,,,,,,,,,,,
,,,,,,,,,,,,,,,,,5.842,2.053318024,3.3,,,,,,,,,,,,
,,,,,,,,,,,,,,,,,5.843,2.064599991,3.3,,,,,,,,,,,,
,,,,,,,,,,,,,,,,,5.844,2.054929733,3.3,,,,,,,,,,,,
,,,,,,,,,,,,,,,,,5.845,2.065405846,3.3,,,,,,,,,,,,
,,,,,,,,,,,,,,,,,5.846,2.063794136,3.3,,,,,,,,,,,,
,,,,,,,,,,,,,,,,,5.847,2.071046829,3.3,,,,,,,,,,,,
,,,,,,,,,,,,,,,,,5.848,2.084746361,3.3,,,,,,,,,,,,
,,,,,,,,,,,,,,,,,5.849,2.071852684,3.3,,,,,,,,,,,,
,,,,,,,,,,,,,,,,,5.85,2.073464394,3.3,,,,,,,,,,,,
,,,,,,,,,,,,,,,,,5.851,2.070240974,3.3,,,,,,,,,,,,
,,,,,,,,,,,,,,,,,5.852,2.06943512,3.3,,,,,,,,,,,,
,,,,,,,,,,,,,,,,,5.853,2.070240974,3.3,,,,,,,,,,,,
,,,,,,,,,,,,,,,,,5.854,2.079911232,3.3,,,,,,,,,,,,
,,,,,,,,,,,,,,,,,5.855,2.081522942,3.3,,,,,,,,,,,,
,,,,,,,,,,,,,,,,,5.856,2.079105377,3.3,,,,,,,,,,,,
,,,,,,,,,,,,,,,,,5.857,2.082328796,3.3,,,,,,,,,,,,
,,,,,,,,,,,,,,,,,5.858,2.104086876,3.3,,,,,,,,,,,,
,,,,,,,,,,,,,,,,,5.859,2.091999054,3.3,,,,,,,,,,,,
,,,,,,,,,,,,,,,,,5.86,2.085552216,3.3,,,,,,,,,,,,
,,,,,,,,,,,,,,,,,5.861,2.083940506,3.3,,,,,,,,,,,,
,,,,,,,,,,,,,,,,,5.862,2.096834183,3.3,,,,,,,,,,,,
,,,,,,,,,,,,,,,,,5.863,2.08635807,3.3,,,,,,,,,,,,
,,,,,,,,,,,,,,,,,5.864,2.096834183,3.3,,,,,,,,,,,,
,,,,,,,,,,,,,,,,,5.865,2.08635807,3.3,,,,,,,,,,,,
,,,,,,,,,,,,,,,,,5.866,2.100057602,3.3,,,,,,,,,,,,
,,,,,,,,,,,,,,,,,5.867,2.100057602,3.3,,,,,,,,,,,,
,,,,,,,,,,,,,,,,,5.868,2.101669312,3.3,,,,,,,,,,,,
,,,,,,,,,,,,,,,,,5.869,2.096028328,3.3,,,,,,,,,,,,
,,,,,,,,,,,,,,,,,5.87,2.107310295,3.3,,,,,,,,,,,,
,,,,,,,,,,,,,,,,,5.871,2.120203972,3.3,,,,,,,,,,,,
,,,,,,,,,,,,,,,,,5.872,2.111339569,3.3,,,,,,,,,,,,
,,,,,,,,,,,,,,,,,5.873,2.100057602,3.3,,,,,,,,,,,,
,,,,,,,,,,,,,,,,,5.874,2.115368843,3.3,,,,,,,,,,,,
,,,,,,,,,,,,,,,,,5.875,2.109727859,3.3,,,,,,,,,,,,
,,,,,,,,,,,,,,,,,5.876,2.105698586,3.3,,,,,,,,,,,,
,,,,,,,,,,,,,,,,,5.877,2.129068375,3.3,,,,,,,,,,,,
,,,,,,,,,,,,,,,,,5.878,2.088775635,3.3,,,,,,,,,,,,
,,,,,,,,,,,,,,,,,5.879,2.103281021,3.3,,,,,,,,,,,,
,,,,,,,,,,,,,,,,,5.88,2.109727859,3.3,,,,,,,,,,,,
,,,,,,,,,,,,,,,,,5.881,2.107310295,3.3,,,,,,,,,,,,
,,,,,,,,,,,,,,,,,5.882,2.119398117,3.3,,,,,,,,,,,,
,,,,,,,,,,,,,,,,,5.883,2.116980553,3.3,,,,,,,,,,,,
,,,,,,,,,,,,,,,,,5.884,2.127456665,3.3,,,,,,,,,,,,
,,,,,,,,,,,,,,,,,5.885,2.114562988,3.3,,,,,,,,,,,,
,,,,,,,,,,,,,,,,,5.886,2.120203972,3.3,,,,,,,,,,,,
,,,,,,,,,,,,,,,,,5.887,2.123427391,3.3,,,,,,,,,,,,
,,,,,,,,,,,,,,,,,5.888,2.121815681,3.3,,,,,,,,,,,,
,,,,,,,,,,,,,,,,,5.889,2.121009827,3.3,,,,,,,,,,,,
,,,,,,,,,,,,,,,,,5.89,2.130680084,3.3,,,,,,,,,,,,
,,,,,,,,,,,,,,,,,5.891,2.114562988,3.3,,,,,,,,,,,,
,,,,,,,,,,,,,,,,,5.892,2.114562988,3.3,,,,,,,,,,,,
,,,,,,,,,,,,,,,,,5.893,2.118592262,3.3,,,,,,,,,,,,
,,,,,,,,,,,,,,,,,5.894,2.132291794,3.3,,,,,,,,,,,,
,,,,,,,,,,,,,,,,,5.895,2.136321068,3.3,,,,,,,,,,,,
,,,,,,,,,,,,,,,,,5.896,2.136321068,3.3,,,,,,,,,,,,
,,,,,,,,,,,,,,,,,5.897,2.137932777,3.3,,,,,,,,,,,,
,,,,,,,,,,,,,,,,,5.898,2.137932777,3.3,,,,,,,,,,,,
,,,,,,,,,,,,,,,,,5.899,2.139544487,3.3,,,,,,,,,,,,
,,,,,,,,,,,,,,,,,5.9,2.125844955,3.3,,,,,,,,,,,,
,,,,,,,,,,,,,,,,,5.901,2.137932777,3.3,,,,,,,,,,,,
,,,,,,,,,,,,,,,,,5.902,2.136321068,3.3,,,,,,,,,,,,
,,,,,,,,,,,,,,,,,5.903,2.149214745,3.3,,,,,,,,,,,,
,,,,,,,,,,,,,,,,,5.904,2.147603035,3.3,,,,,,,,,,,,
,,,,,,,,,,,,,,,,,5.905,2.145185471,3.3,,,,,,,,,,,,
,,,,,,,,,,,,,,,,,5.906,2.14840889,3.3,,,,,,,,,,,,
,,,,,,,,,,,,,,,,,5.907,2.14679718,3.3,,,,,,,,,,,,
,,,,,,,,,,,,,,,,,5.908,2.149214745,3.3,,,,,,,,,,,,
,,,,,,,,,,,,,,,,,5.909,2.158885002,3.3,,,,,,,,,,,,
,,,,,,,,,,,,,,,,,5.91,2.144379616,3.3,,,,,,,,,,,,
,,,,,,,,,,,,,,,,,5.911,2.161302567,3.3,,,,,,,,,,,,
,,,,,,,,,,,,,,,,,5.912,2.160496712,3.3,,,,,,,,,,,,
,,,,,,,,,,,,,,,,,5.913,2.155661583,3.3,,,,,,,,,,,,
,,,,,,,,,,,,,,,,,5.914,2.161302567,3.3,,,,,,,,,,,,
,,,,,,,,,,,,,,,,,5.915,2.145991325,3.3,,,,,,,,,,,,
,,,,,,,,,,,,,,,,,5.916,2.175002098,3.3,,,,,,,,,,,,
,,,,,,,,,,,,,,,,,5.917,2.156467438,3.3,,,,,,,,,,,,
,,,,,,,,,,,,,,,,,5.918,2.145991325,3.3,,,,,,,,,,,,
,,,,,,,,,,,,,,,,,5.919,2.162108421,3.3,,,,,,,,,,,,
,,,,,,,,,,,,,,,,,5.92,2.14840889,3.3,,,,,,,,,,,,
,,,,,,,,,,,,,,,,,5.921,2.167749405,3.3,,,,,,,,,,,,
,,,,,,,,,,,,,,,,,5.922,2.163720131,3.3,,,,,,,,,,,,
,,,,,,,,,,,,,,,,,5.923,2.164525986,3.3,,,,,,,,,,,,
,,,,,,,,,,,,,,,,,5.924,2.161302567,3.3,,,,,,,,,,,,
,,,,,,,,,,,,,,,,,5.925,2.159690857,3.3,,,,,,,,,,,,
,,,,,,,,,,,,,,,,,5.926,2.30635643,3.3,,,,,,,,,,,,
,,,,,,,,,,,,,,,,,5.927,2.30635643,3.3,,,,,,,,,,,,
,,,,,,,,,,,,,,,,,5.928,2.291045189,3.3,,,,,,,,,,,,
,,,,,,,,,,,,,,,,,5.929,2.299103737,3.3,,,,,,,,,,,,
,,,,,,,,,,,,,,,,,5.93,2.300715446,3.3,,,,,,,,,,,,
,,,,,,,,,,,,,,,,,5.931,2.307162285,3.3,,,,,,,,,,,,
,,,,,,,,,,,,,,,,,5.932,2.301521301,3.3,,,,,,,,,,,,
,,,,,,,,,,,,,,,,,5.933,2.296686172,3.3,,,,,,,,,,,,
,,,,,,,,,,,,,,,,,5.934,2.292656898,3.3,,,,,,,,,,,,
,,,,,,,,,,,,,,,,,5.935,2.301521301,3.3,,,,,,,,,,,,
,,,,,,,,,,,,,,,,,5.936,2.303938866,3.3,,,,,,,,,,,,
,,,,,,,,,,,,,,,,,5.937,2.303133011,3.3,,,,,,,,,,,,
,,,,,,,,,,,,,,,,,5.938,2.299909592,3.3,,,,,,,,,,,,
,,,,,,,,,,,,,,,,,5.939,2.309579849,3.3,,,,,,,,,,,,
,,,,,,,,,,,,,,,,,5.94,2.311191559,3.3,,,,,,,,,,,,
,,,,,,,,,,,,,,,,,5.941,2.30796814,3.3,,,,,,,,,,,,
,,,,,,,,,,,,,,,,,5.942,2.318444252,3.3,,,,,,,,,,,,
,,,,,,,,,,,,,,,,,5.943,2.312803268,3.3,,,,,,,,,,,,
,,,,,,,,,,,,,,,,,5.944,2.318444252,3.3,,,,,,,,,,,,
,,,,,,,,,,,,,,,,,5.945,2.300715446,3.3,,,,,,,,,,,,
,,,,,,,,,,,,,,,,,5.946,2.316026688,3.3,,,,,,,,,,,,
,,,,,,,,,,,,,,,,,5.947,2.310385704,3.3,,,,,,,,,,,,
,,,,,,,,,,,,,,,,,5.948,2.303938866,3.3,,,,,,,,,,,,
,,,,,,,,,,,,,,,,,5.949,2.332143784,3.3,,,,,,,,,,,,
,,,,,,,,,,,,,,,,,5.95,2.315220833,3.3,,,,,,,,,,,,
,,,,,,,,,,,,,,,,,5.951,2.316832542,3.3,,,,,,,,,,,,
,,,,,,,,,,,,,,,,,5.952,2.316832542,3.3,,,,,,,,,,,,
,,,,,,,,,,,,,,,,,5.953,2.308773994,3.3,,,,,,,,,,,,
,,,,,,,,,,,,,,,,,5.954,2.30796814,3.3,,,,,,,,,,,,
,,,,,,,,,,,,,,,,,5.955,2.324085236,3.3,,,,,,,,,,,,
,,,,,,,,,,,,,,,,,5.956,2.321667671,3.3,,,,,,,,,,,,
,,,,,,,,,,,,,,,,,5.957,2.316832542,3.3,,,,,,,,,,,,
,,,,,,,,,,,,,,,,,5.958,2.322473526,3.3,,,,,,,,,,,,
,,,,,,,,,,,,,,,,,5.959,2.316026688,3.3,,,,,,,,,,,,
,,,,,,,,,,,,,,,,,5.96,2.30635643,3.3,,,,,,,,,,,,
,,,,,,,,,,,,,,,,,5.961,2.323279381,3.3,,,,,,,,,,,,
,,,,,,,,,,,,,,,,,5.962,2.318444252,3.3,,,,,,,,,,,,
,,,,,,,,,,,,,,,,,5.963,2.319250107,3.3,,,,,,,,,,,,
,,,,,,,,,,,,,,,,,5.964,2.328920364,3.3,,,,,,,,,,,,
,,,,,,,,,,,,,,,,,5.965,2.312803268,3.3,,,,,,,,,,,,
,,,,,,,,,,,,,,,,,5.966,2.321667671,3.3,,,,,,,,,,,,
,,,,,,,,,,,,,,,,,5.967,2.323279381,3.3,,,,,,,,,,,,
,,,,,,,,,,,,,,,,,5.968,2.313609123,3.3,,,,,,,,,,,,
,,,,,,,,,,,,,,,,,5.969,2.316026688,3.3,,,,,,,,,,,,
,,,,,,,,,,,,,,,,,5.97,2.332949638,3.3,,,,,,,,,,,,
,,,,,,,,,,,,,,,,,5.971,2.323279381,3.3,,,,,,,,,,,,
,,,,,,,,,,,,,,,,,5.972,2.332949638,3.3,,,,,,,,,,,,
,,,,,,,,,,,,,,,,,5.973,2.30796814,3.3,,,,,,,,,,,,
,,,,,,,,,,,,,,,,,5.974,2.327308655,3.3,,,,,,,,,,,,
,,,,,,,,,,,,,,,,,5.975,2.329726219,3.3,,,,,,,,,,,,
,,,,,,,,,,,,,,,,,5.976,2.327308655,3.3,,,,,,,,,,,,
,,,,,,,,,,,,,,,,,5.977,2.336173058,3.3,,,,,,,,,,,,
,,,,,,,,,,,,,,,,,5.978,2.32811451,3.3,,,,,,,,,,,,
,,,,,,,,,,,,,,,,,5.979,2.322473526,3.3,,,,,,,,,,,,
,,,,,,,,,,,,,,,,,5.98,2.322473526,3.3,,,,,,,,,,,,
,,,,,,,,,,,,,,,,,5.981,2.3265028,3.3,,,,,,,,,,,,
,,,,,,,,,,,,,,,,,5.982,2.32811451,3.3,,,,,,,,,,,,
,,,,,,,,,,,,,,,,,5.983,2.320861816,3.3,,,,,,,,,,,,
,,,,,,,,,,,,,,,,,5.984,2.336978912,3.3,,,,,,,,,,,,
,,,,,,,,,,,,,,,,,5.985,2.341008186,3.3,,,,,,,,,,,,
,,,,,,,,,,,,,,,,,5.986,2.329726219,3.3,,,,,,,,,,,,
,,,,,,,,,,,,,,,,,5.987,2.340202332,3.3,,,,,,,,,,,,
,,,,,,,,,,,,,,,,,5.988,2.316026688,3.3,,,,,,,,,,,,
,,,,,,,,,,,,,,,,,5.989,2.330532074,3.3,,,,,,,,,,,,
,,,,,,,,,,,,,,,,,5.99,2.337784767,3.3,,,,,,,,,,,,
,,,,,,,,,,,,,,,,,5.991,2.341814041,3.3,,,,,,,,,,,,
,,,,,,,,,,,,,,,,,5.992,2.334561348,3.3,,,,,,,,,,,,
,,,,,,,,,,,,,,,,,5.993,2.319250107,3.3,,,,,,,,,,,,
,,,,,,,,,,,,,,,,,5.994,2.338590622,3.3,,,,,,,,,,,,
,,,,,,,,,,,,,,,,,5.995,2.333755493,3.3,,,,,,,,,,,,
,,,,,,,,,,,,,,,,,5.996,2.335367203,3.3,,,,,,,,,,,,
,,,,,,,,,,,,,,,,,5.997,2.333755493,3.3,,,,,,,,,,,,
,,,,,,,,,,,,,,,,,5.998,2.341008186,3.3,,,,,,,,,,,,
,,,,,,,,,,,,,,,,,5.999,2.349872589,3.3,,,,,,,,,,,,
,,,,,,,,,,,,,,,,,6,2.349066734,3.3,,,,,,,,,,,,
,,,,,,,,,,,,,,,,,6.001,2.339396477,3.3,,,,,,,,,,,,
,,,,,,,,,,,,,,,,,6.002,2.34503746,3.3,,,,,,,,,,,,
,,,,,,,,,,,,,,,,,6.003,2.34503746,3.3,,,,,,,,,,,,
,,,,,,,,,,,,,,,,,6.004,2.336173058,3.3,,,,,,,,,,,,
,,,,,,,,,,,,,,,,,6.005,2.357125282,3.3,,,,,,,,,,,,
,,,,,,,,,,,,,,,,,6.006,2.34503746,3.3,,,,,,,,,,,,
,,,,,,,,,,,,,,,,,6.007,2.353901863,3.3,,,,,,,,,,,,
,,,,,,,,,,,,,,,,,6.008,2.345843315,3.3,,,,,,,,,,,,
,,,,,,,,,,,,,,,,,6.009,2.358736992,3.3,,,,,,,,,,,,
,,,,,,,,,,,,,,,,,6.01,2.345843315,3.3,,,,,,,,,,,,
,,,,,,,,,,,,,,,,,6.011,2.34826088,3.3,,,,,,,,,,,,
,,,,,,,,,,,,,,,,,6.012,2.352290154,3.3,,,,,,,,,,,,
,,,,,,,,,,,,,,,,,6.013,2.345843315,3.3,,,,,,,,,,,,
,,,,,,,,,,,,,,,,,6.014,2.343425751,3.3,,,,,,,,,,,,
,,,,,,,,,,,,,,,,,6.015,2.357931137,3.3,,,,,,,,,,,,
,,,,,,,,,,,,,,,,,6.016,2.365989685,3.3,,,,,,,,,,,,
,,,,,,,,,,,,,,,,,6.017,2.361960411,3.3,,,,,,,,,,,,
,,,,,,,,,,,,,,,,,6.018,2.357931137,3.3,,,,,,,,,,,,
,,,,,,,,,,,,,,,,,6.019,2.354707718,3.3,,,,,,,,,,,,
,,,,,,,,,,,,,,,,,6.02,2.355513573,3.3,,,,,,,,,,,,
,,,,,,,,,,,,,,,,,6.021,2.353901863,3.3,,,,,,,,,,,,
,,,,,,,,,,,,,,,,,6.022,2.357931137,3.3,,,,,,,,,,,,
,,,,,,,,,,,,,,,,,6.023,2.34826088,3.3,,,,,,,,,,,,
,,,,,,,,,,,,,,,,,6.024,2.361154556,3.3,,,,,,,,,,,,
,,,,,,,,,,,,,,,,,6.025,2.360348701,3.3,,,,,,,,,,,,
,,,,,,,,,,,,,,,,,6.026,2.361960411,3.3,,,,,,,,,,,,
,,,,,,,,,,,,,,,,,6.027,2.355513573,3.3,,,,,,,,,,,,
,,,,,,,,,,,,,,,,,6.028,2.374854088,3.3,,,,,,,,,,,,
,,,,,,,,,,,,,,,,,6.029,2.36518383,3.3,,,,,,,,,,,,
,,,,,,,,,,,,,,,,,6.03,2.363572121,3.3,,,,,,,,,,,,
,,,,,,,,,,,,,,,,,6.031,2.363572121,3.3,,,,,,,,,,,,
,,,,,,,,,,,,,,,,,6.032,2.361960411,3.3,,,,,,,,,,,,
,,,,,,,,,,,,,,,,,6.033,2.36518383,3.3,,,,,,,,,,,,
,,,,,,,,,,,,,,,,,6.034,2.347455025,3.3,,,,,,,,,,,,
,,,,,,,,,,,,,,,,,6.035,2.355513573,3.3,,,,,,,,,,,,
,,,,,,,,,,,,,,,,,6.036,2.370018959,3.3,,,,,,,,,,,,
,,,,,,,,,,,,,,,,,6.037,2.374048233,3.3,,,,,,,,,,,,
,,,,,,,,,,,,,,,,,6.038,2.357931137,3.3,,,,,,,,,,,,
,,,,,,,,,,,,,,,,,6.039,2.357931137,3.3,,,,,,,,,,,,
,,,,,,,,,,,,,,,,,6.04,2.36518383,3.3,,,,,,,,,,,,
,,,,,,,,,,,,,,,,,6.041,2.358736992,3.3,,,,,,,,,,,,
,,,,,,,,,,,,,,,,,6.042,2.357931137,3.3,,,,,,,,,,,,
,,,,,,,,,,,,,,,,,6.043,2.370824814,3.3,,,,,,,,,,,,
,,,,,,,,,,,,,,,,,6.044,2.351484299,3.3,,,,,,,,,,,,
,,,,,,,,,,,,,,,,,6.045,2.372436523,3.3,,,,,,,,,,,,
,,,,,,,,,,,,,,,,,6.046,2.361154556,3.3,,,,,,,,,,,,
,,,,,,,,,,,,,,,,,6.047,2.353901863,3.3,,,,,,,,,,,,
,,,,,,,,,,,,,,,,,6.048,2.377271652,3.3,,,,,,,,,,,,
,,,,,,,,,,,,,,,,,6.049,2.373242378,3.3,,,,,,,,,,,,
,,,,,,,,,,,,,,,,,6.05,2.36679554,3.3,,,,,,,,,,,,
,,,,,,,,,,,,,,,,,6.051,2.369213104,3.3,,,,,,,,,,,,
,,,,,,,,,,,,,,,,,6.052,2.368407249,3.3,,,,,,,,,,,,
,,,,,,,,,,,,,,,,,6.053,2.36679554,3.3,,,,,,,,,,,,
,,,,,,,,,,,,,,,,,6.054,2.354707718,3.3,,,,,,,,,,,,
,,,,,,,,,,,,,,,,,6.055,2.354707718,3.3,,,,,,,,,,,,
,,,,,,,,,,,,,,,,,6.056,2.36518383,3.3,,,,,,,,,,,,
,,,,,,,,,,,,,,,,,6.057,2.373242378,3.3,,,,,,,,,,,,
,,,,,,,,,,,,,,,,,6.058,2.36518383,3.3,,,,,,,,,,,,
,,,,,,,,,,,,,,,,,6.059,2.371630669,3.3,,,,,,,,,,,,
,,,,,,,,,,,,,,,,,6.06,2.361960411,3.3,,,,,,,,,,,,
,,,,,,,,,,,,,,,,,6.061,2.359542847,3.3,,,,,,,,,,,,
,,,,,,,,,,,,,,,,,6.062,2.371630669,3.3,,,,,,,,,,,,
,,,,,,,,,,,,,,,,,6.063,2.365989685,3.3,,,,,,,,,,,,
,,,,,,,,,,,,,,,,,6.064,2.370824814,3.3,,,,,,,,,,,,
,,,,,,,,,,,,,,,,,6.065,2.380495071,3.3,,,,,,,,,,,,
,,,,,,,,,,,,,,,,,6.066,2.371630669,3.3,,,,,,,,,,,,
,,,,,,,,,,,,,,,,,6.067,2.376465797,3.3,,,,,,,,,,,,
,,,,,,,,,,,,,,,,,6.068,2.389359474,3.3,,,,,,,,,,,,
,,,,,,,,,,,,,,,,,6.069,2.374854088,3.3,,,,,,,,,,,,
,,,,,,,,,,,,,,,,,6.07,2.374854088,3.3,,,,,,,,,,,,
,,,,,,,,,,,,,,,,,6.071,2.381300926,3.3,,,,,,,,,,,,
,,,,,,,,,,,,,,,,,6.072,2.377271652,3.3,,,,,,,,,,,,
,,,,,,,,,,,,,,,,,6.073,2.384524345,3.3,,,,,,,,,,,,
,,,,,,,,,,,,,,,,,6.074,2.390971184,3.3,,,,,,,,,,,,
,,,,,,,,,,,,,,,,,6.075,2.377271652,3.3,,,,,,,,,,,,
,,,,,,,,,,,,,,,,,6.076,2.388553619,3.3,,,,,,,,,,,,
,,,,,,,,,,,,,,,,,6.077,2.370018959,3.3,,,,,,,,,,,,
,,,,,,,,,,,,,,,,,6.078,2.387747765,3.3,,,,,,,,,,,,
,,,,,,,,,,,,,,,,,6.079,2.38694191,3.3,,,,,,,,,,,,
,,,,,,,,,,,,,,,,,6.08,2.392582893,3.3,,,,,,,,,,,,
,,,,,,,,,,,,,,,,,6.081,2.391777039,3.3,,,,,,,,,,,,
,,,,,,,,,,,,,,,,,6.082,2.38694191,3.3,,,,,,,,,,,,
,,,,,,,,,,,,,,,,,6.083,2.390165329,3.3,,,,,,,,,,,,
,,,,,,,,,,,,,,,,,6.084,2.401447296,3.3,,,,,,,,,,,,
,,,,,,,,,,,,,,,,,6.085,2.401447296,3.3,,,,,,,,,,,,
,,,,,,,,,,,,,,,,,6.086,2.392582893,3.3,,,,,,,,,,,,
,,,,,,,,,,,,,,,,,6.087,2.384524345,3.3,,,,,,,,,,,,
,,,,,,,,,,,,,,,,,6.088,2.408699989,3.3,,,,,,,,,,,,
,,,,,,,,,,,,,,,,,6.089,2.40708828,3.3,,,,,,,,,,,,
,,,,,,,,,,,,,,,,,6.09,2.40708828,3.3,,,,,,,,,,,,
,,,,,,,,,,,,,,,,,6.091,2.590823174,3.3,,,,,,,,,,,,
,,,,,,,,,,,,,,,,,6.092,2.610969543,3.3,,,,,,,,,,,,
,,,,,,,,,,,,,,,,,6.093,2.5867939,3.3,,,,,,,,,,,,
,,,,,,,,,,,,,,,,,6.094,2.595658302,3.3,,,,,,,,,,,,
,,,,,,,,,,,,,,,,,6.095,2.602910995,3.3,,,,,,,,,,,,
,,,,,,,,,,,,,,,,,6.096,2.592434883,3.3,,,,,,,,,,,,
,,,,,,,,,,,,,,,,,6.097,2.60371685,3.3,,,,,,,,,,,,
,,,,,,,,,,,,,,,,,6.098,2.601299286,3.3,,,,,,,,,,,,
,,,,,,,,,,,,,,,,,6.099,2.601299286,3.3,,,,,,,,,,,,
,,,,,,,,,,,,,,,,,6.1,2.600493431,3.3,,,,,,,,,,,,
,,,,,,,,,,,,,,,,,6.101,2.610163689,3.3,,,,,,,,,,,,
,,,,,,,,,,,,,,,,,6.102,2.601299286,3.3,,,,,,,,,,,,
,,,,,,,,,,,,,,,,,6.103,2.611775398,3.3,,,,,,,,,,,,
,,,,,,,,,,,,,,,,,6.104,2.607746124,3.3,,,,,,,,,,,,
,,,,,,,,,,,,,,,,,6.105,2.613387108,3.3,,,,,,,,,,,,
,,,,,,,,,,,,,,,,,6.106,2.615804672,3.3,,,,,,,,,,,,
,,,,,,,,,,,,,,,,,6.107,2.610163689,3.3,,,,,,,,,,,,
,,,,,,,,,,,,,,,,,6.108,2.609357834,3.3,,,,,,,,,,,,
,,,,,,,,,,,,,,,,,6.109,2.610969543,3.3,,,,,,,,,,,,
,,,,,,,,,,,,,,,,,6.11,2.618222237,3.3,,,,,,,,,,,,
,,,,,,,,,,,,,,,,,6.111,2.620639801,3.3,,,,,,,,,,,,
,,,,,,,,,,,,,,,,,6.112,2.607746124,3.3,,,,,,,,,,,,
,,,,,,,,,,,,,,,,,6.113,2.617416382,3.3,,,,,,,,,,,,
,,,,,,,,,,,,,,,,,6.114,2.622251511,3.3,,,,,,,,,,,,
,,,,,,,,,,,,,,,,,6.115,2.616610527,3.3,,,,,,,,,,,,
,,,,,,,,,,,,,,,,,6.116,2.611775398,3.3,,,,,,,,,,,,
,,,,,,,,,,,,,,,,,6.117,2.621445656,3.3,,,,,,,,,,,,
,,,,,,,,,,,,,,,,,6.118,2.629504204,3.3,,,,,,,,,,,,
,,,,,,,,,,,,,,,,,6.119,2.621445656,3.3,,,,,,,,,,,,
,,,,,,,,,,,,,,,,,6.12,2.619028091,3.3,,,,,,,,,,,,
,,,,,,,,,,,,,,,,,6.121,2.627892494,3.3,,,,,,,,,,,,
,,,,,,,,,,,,,,,,,6.122,2.623057365,3.3,,,,,,,,,,,,
,,,,,,,,,,,,,,,,,6.123,2.619833946,3.3,,,,,,,,,,,,
,,,,,,,,,,,,,,,,,6.124,2.62386322,3.3,,,,,,,,,,,,
,,,,,,,,,,,,,,,,,6.125,2.621445656,3.3,,,,,,,,,,,,
,,,,,,,,,,,,,,,,,6.126,2.621445656,3.3,,,,,,,,,,,,
,,,,,,,,,,,,,,,,,6.127,2.636756897,3.3,,,,,,,,,,,,
,,,,,,,,,,,,,,,,,6.128,2.634339333,3.3,,,,,,,,,,,,
,,,,,,,,,,,,,,,,,6.129,2.634339333,3.3,,,,,,,,,,,,
,,,,,,,,,,,,,,,,,6.13,2.635951042,3.3,,,,,,,,,,,,
,,,,,,,,,,,,,,,,,6.131,2.626280785,3.3,,,,,,,,,,,,
,,,,,,,,,,,,,,,,,6.132,2.640786171,3.3,,,,,,,,,,,,
,,,,,,,,,,,,,,,,,6.133,2.635951042,3.3,,,,,,,,,,,,
,,,,,,,,,,,,,,,,,6.134,2.642397881,3.3,,,,,,,,,,,,
,,,,,,,,,,,,,,,,,6.135,2.64400959,3.3,,,,,,,,,,,,
,,,,,,,,,,,,,,,,,6.136,2.632727623,3.3,,,,,,,,,,,,
,,,,,,,,,,,,,,,,,6.137,2.649650574,3.3,,,,,,,,,,,,
,,,,,,,,,,,,,,,,,6.138,2.636756897,3.3,,,,,,,,,,,,
,,,,,,,,,,,,,,,,,6.139,2.642397881,3.3,,,,,,,,,,,,
,,,,,,,,,,,,,,,,,6.14,2.639174461,3.3,,,,,,,,,,,,
,,,,,,,,,,,,,,,,,6.141,2.644815445,3.3,,,,,,,,,,,,
,,,,,,,,,,,,,,,,,6.142,2.633533478,3.3,,,,,,,,,,,,
,,,,,,,,,,,,,,,,,6.143,2.638368607,3.3,,,,,,,,,,,,
,,,,,,,,,,,,,,,,,6.144,2.636756897,3.3,,,,,,,,,,,,
,,,,,,,,,,,,,,,,,6.145,2.648038864,3.3,,,,,,,,,,,,
,,,,,,,,,,,,,,,,,6.146,2.641592026,3.3,,,,,,,,,,,,
,,,,,,,,,,,,,,,,,6.147,2.640786171,3.3,,,,,,,,,,,,
,,,,,,,,,,,,,,,,,6.148,2.647233009,3.3,,,,,,,,,,,,
,,,,,,,,,,,,,,,,,6.149,2.652068138,3.3,,,,,,,,,,,,
,,,,,,,,,,,,,,,,,6.15,2.646427155,3.3,,,,,,,,,,,,
,,,,,,,,,,,,,,,,,6.151,2.654485703,3.3,,,,,,,,,,,,
,,,,,,,,,,,,,,,,,6.152,2.644815445,3.3,,,,,,,,,,,,
,,,,,,,,,,,,,,,,,6.153,2.638368607,3.3,,,,,,,,,,,,
,,,,,,,,,,,,,,,,,6.154,2.636756897,3.3,,,,,,,,,,,,
,,,,,,,,,,,,,,,,,6.155,2.655291557,3.3,,,,,,,,,,,,
,,,,,,,,,,,,,,,,,6.156,2.649650574,3.3,,,,,,,,,,,,
,,,,,,,,,,,,,,,,,6.157,2.64400959,3.3,,,,,,,,,,,,
,,,,,,,,,,,,,,,,,6.158,2.647233009,3.3,,,,,,,,,,,,
,,,,,,,,,,,,,,,,,6.159,2.651262283,3.3,,,,,,,,,,,,
,,,,,,,,,,,,,,,,,6.16,2.647233009,3.3,,,,,,,,,,,,
,,,,,,,,,,,,,,,,,6.161,2.649650574,3.3,,,,,,,,,,,,
,,,,,,,,,,,,,,,,,6.162,2.648038864,3.3,,,,,,,,,,,,
,,,,,,,,,,,,,,,,,6.163,2.653679848,3.3,,,,,,,,,,,,
,,,,,,,,,,,,,,,,,6.164,2.649650574,3.3,,,,,,,,,,,,
,,,,,,,,,,,,,,,,,6.165,2.652068138,3.3,,,,,,,,,,,,
,,,,,,,,,,,,,,,,,6.166,2.660126686,3.3,,,,,,,,,,,,
,,,,,,,,,,,,,,,,,6.167,2.6456213,3.3,,,,,,,,,,,,
,,,,,,,,,,,,,,,,,6.168,2.648844719,3.3,,,,,,,,,,,,
,,,,,,,,,,,,,,,,,6.169,2.656903267,3.3,,,,,,,,,,,,
,,,,,,,,,,,,,,,,,6.17,2.655291557,3.3,,,,,,,,,,,,
,,,,,,,,,,,,,,,,,6.171,2.6456213,3.3,,,,,,,,,,,,
,,,,,,,,,,,,,,,,,6.172,2.648844719,3.3,,,,,,,,,,,,
,,,,,,,,,,,,,,,,,6.173,2.657709122,3.3,,,,,,,,,,,,
,,,,,,,,,,,,,,,,,6.174,2.66254425,3.3,,,,,,,,,,,,
,,,,,,,,,,,,,,,,,6.175,2.652068138,3.3,,,,,,,,,,,,
,,,,,,,,,,,,,,,,,6.176,2.658514977,3.3,,,,,,,,,,,,
,,,,,,,,,,,,,,,,,6.177,2.660126686,3.3,,,,,,,,,,,,
,,,,,,,,,,,,,,,,,6.178,2.651262283,3.3,,,,,,,,,,,,
,,,,,,,,,,,,,,,,,6.179,2.659320831,3.3,,,,,,,,,,,,
,,,,,,,,,,,,,,,,,6.18,2.66415596,3.3,,,,,,,,,,,,
,,,,,,,,,,,,,,,,,6.181,2.657709122,3.3,,,,,,,,,,,,
,,,,,,,,,,,,,,,,,6.182,2.655291557,3.3,,,,,,,,,,,,
,,,,,,,,,,,,,,,,,6.183,2.668185234,3.3,,,,,,,,,,,,
,,,,,,,,,,,,,,,,,6.184,2.660932541,3.3,,,,,,,,,,,,
,,,,,,,,,,,,,,,,,6.185,2.652068138,3.3,,,,,,,,,,,,
,,,,,,,,,,,,,,,,,6.186,2.670602798,3.3,,,,,,,,,,,,
,,,,,,,,,,,,,,,,,6.187,2.664961815,3.3,,,,,,,,,,,,
,,,,,,,,,,,,,,,,,6.188,2.654485703,3.3,,,,,,,,,,,,
,,,,,,,,,,,,,,,,,6.189,2.66415596,3.3,,,,,,,,,,,,
,,,,,,,,,,,,,,,,,6.19,2.658514977,3.3,,,,,,,,,,,,
,,,,,,,,,,,,,,,,,6.191,2.679467201,3.3,,,,,,,,,,,,
,,,,,,,,,,,,,,,,,6.192,2.647233009,3.3,,,,,,,,,,,,
,,,,,,,,,,,,,,,,,6.193,2.651262283,3.3,,,,,,,,,,,,
,,,,,,,,,,,,,,,,,6.194,2.66254425,3.3,,,,,,,,,,,,
,,,,,,,,,,,,,,,,,6.195,2.661738396,3.3,,,,,,,,,,,,
,,,,,,,,,,,,,,,,,6.196,2.66254425,3.3,,,,,,,,,,,,
,,,,,,,,,,,,,,,,,6.197,2.66576767,3.3,,,,,,,,,,,,
,,,,,,,,,,,,,,,,,6.198,2.670602798,3.3,,,,,,,,,,,,
,,,,,,,,,,,,,,,,,6.199,2.656097412,3.3,,,,,,,,,,,,
,,,,,,,,,,,,,,,,,6.2,2.666573524,3.3,,,,,,,,,,,,
,,,,,,,,,,,,,,,,,6.201,2.671408653,3.3,,,,,,,,,,,,
,,,,,,,,,,,,,,,,,6.202,2.673020363,3.3,,,,,,,,,,,,
,,,,,,,,,,,,,,,,,6.203,2.664961815,3.3,,,,,,,,,,,,
,,,,,,,,,,,,,,,,,6.204,2.664961815,3.3,,,,,,,,,,,,
,,,,,,,,,,,,,,,,,6.205,2.674632072,3.3,,,,,,,,,,,,
,,,,,,,,,,,,,,,,,6.206,2.667379379,3.3,,,,,,,,,,,,
,,,,,,,,,,,,,,,,,6.207,2.666573524,3.3,,,,,,,,,,,,
,,,,,,,,,,,,,,,,,6.208,2.672214508,3.3,,,,,,,,,,,,
,,,,,,,,,,,,,,,,,6.209,2.664961815,3.3,,,,,,,,,,,,
,,,,,,,,,,,,,,,,,6.21,2.673020363,3.3,,,,,,,,,,,,
,,,,,,,,,,,,,,,,,6.211,2.671408653,3.3,,,,,,,,,,,,
,,,,,,,,,,,,,,,,,6.212,2.668185234,3.3,,,,,,,,,,,,
,,,,,,,,,,,,,,,,,6.213,2.668991089,3.3,,,,,,,,,,,,
,,,,,,,,,,,,,,,,,6.214,2.668185234,3.3,,,,,,,,,,,,
,,,,,,,,,,,,,,,,,6.215,2.660932541,3.3,,,,,,,,,,,,
,,,,,,,,,,,,,,,,,6.216,2.668185234,3.3,,,,,,,,,,,,
,,,,,,,,,,,,,,,,,6.217,2.670602798,3.3,,,,,,,,,,,,
,,,,,,,,,,,,,,,,,6.218,2.680273056,3.3,,,,,,,,,,,,
,,,,,,,,,,,,,,,,,6.219,2.671408653,3.3,,,,,,,,,,,,
,,,,,,,,,,,,,,,,,6.22,2.681078911,3.3,,,,,,,,,,,,
,,,,,,,,,,,,,,,,,6.221,2.68591404,3.3,,,,,,,,,,,,
,,,,,,,,,,,,,,,,,6.222,2.668185234,3.3,,,,,,,,,,,,
,,,,,,,,,,,,,,,,,6.223,2.681884766,3.3,,,,,,,,,,,,
,,,,,,,,,,,,,,,,,6.224,2.681078911,3.3,,,,,,,,,,,,
,,,,,,,,,,,,,,,,,6.225,2.679467201,3.3,,,,,,,,,,,,
,,,,,,,,,,,,,,,,,6.226,2.677049637,3.3,,,,,,,,,,,,
,,,,,,,,,,,,,,,,,6.227,2.669796944,3.3,,,,,,,,,,,,
,,,,,,,,,,,,,,,,,6.228,2.679467201,3.3,,,,,,,,,,,,
,,,,,,,,,,,,,,,,,6.229,2.677049637,3.3,,,,,,,,,,,,
,,,,,,,,,,,,,,,,,6.23,2.674632072,3.3,,,,,,,,,,,,
,,,,,,,,,,,,,,,,,6.231,2.68430233,3.3,,,,,,,,,,,,
,,,,,,,,,,,,,,,,,6.232,2.687525749,3.3,,,,,,,,,,,,
,,,,,,,,,,,,,,,,,6.233,2.672214508,3.3,,,,,,,,,,,,
,,,,,,,,,,,,,,,,,6.234,2.681078911,3.3,,,,,,,,,,,,
,,,,,,,,,,,,,,,,,6.235,2.677855492,3.3,,,,,,,,,,,,
,,,,,,,,,,,,,,,,,6.236,2.683496475,3.3,,,,,,,,,,,,
,,,,,,,,,,,,,,,,,6.237,2.674632072,3.3,,,,,,,,,,,,
,,,,,,,,,,,,,,,,,6.238,2.670602798,3.3,,,,,,,,,,,,
,,,,,,,,,,,,,,,,,6.239,2.685108185,3.3,,,,,,,,,,,,
,,,,,,,,,,,,,,,,,6.24,2.683496475,3.3,,,,,,,,,,,,
,,,,,,,,,,,,,,,,,6.241,2.668185234,3.3,,,,,,,,,,,,
,,,,,,,,,,,,,,,,,6.242,2.677855492,3.3,,,,,,,,,,,,
,,,,,,,,,,,,,,,,,6.243,2.679467201,3.3,,,,,,,,,,,,
,,,,,,,,,,,,,,,,,6.244,2.673020363,3.3,,,,,,,,,,,,
,,,,,,,,,,,,,,,,,6.245,2.676243782,3.3,,,,,,,,,,,,
,,,,,,,,,,,,,,,,,6.246,2.68430233,3.3,,,,,,,,,,,,
,,,,,,,,,,,,,,,,,6.247,2.677855492,3.3,,,,,,,,,,,,
,,,,,,,,,,,,,,,,,6.248,2.677049637,3.3,,,,,,,,,,,,
,,,,,,,,,,,,,,,,,6.249,2.683496475,3.3,,,,,,,,,,,,
,,,,,,,,,,,,,,,,,6.25,2.680273056,3.3,,,,,,,,,,,,
,,,,,,,,,,,,,,,,,6.251,2.690749168,3.3,,,,,,,,,,,,
,,,,,,,,,,,,,,,,,6.252,2.68591404,3.3,,,,,,,,,,,,
,,,,,,,,,,,,,,,,,6.253,2.673020363,3.3,,,,,,,,,,,,
,,,,,,,,,,,,,,,,,6.254,2.848696709,3.3,,,,,,,,,,,,
,,,,,,,,,,,,,,,,,6.255,2.855143547,3.3,,,,,,,,,,,,
,,,,,,,,,,,,,,,,,6.256,2.855143547,3.3,,,,,,,,,,,,
,,,,,,,,,,,,,,,,,6.257,2.855143547,3.3,,,,,,,,,,,,
,,,,,,,,,,,,,,,,,6.258,2.858366966,3.3,,,,,,,,,,,,
,,,,,,,,,,,,,,,,,6.259,2.860784531,3.3,,,,,,,,,,,,
,,,,,,,,,,,,,,,,,6.26,2.855949402,3.3,,,,,,,,,,,,
,,,,,,,,,,,,,,,,,6.261,2.857561111,3.3,,,,,,,,,,,,
,,,,,,,,,,,,,,,,,6.262,2.84386158,3.3,,,,,,,,,,,,
,,,,,,,,,,,,,,,,,6.263,2.848696709,3.3,,,,,,,,,,,,
,,,,,,,,,,,,,,,,,6.264,2.852725983,3.3,,,,,,,,,,,,
,,,,,,,,,,,,,,,,,6.265,2.855143547,3.3,,,,,,,,,,,,
,,,,,,,,,,,,,,,,,6.266,2.855143547,3.3,,,,,,,,,,,,
,,,,,,,,,,,,,,,,,6.267,2.857561111,3.3,,,,,,,,,,,,
,,,,,,,,,,,,,,,,,6.268,2.870454788,3.3,,,,,,,,,,,,
,,,,,,,,,,,,,,,,,6.269,2.861590385,3.3,,,,,,,,,,,,
,,,,,,,,,,,,,,,,,6.27,2.86239624,3.3,,,,,,,,,,,,
,,,,,,,,,,,,,,,,,6.271,2.857561111,3.3,,,,,,,,,,,,
,,,,,,,,,,,,,,,,,6.272,2.866425514,3.3,,,,,,,,,,,,
,,,,,,,,,,,,,,,,,6.273,2.864813805,3.3,,,,,,,,,,,,
,,,,,,,,,,,,,,,,,6.274,2.872872353,3.3,,,,,,,,,,,,
,,,,,,,,,,,,,,,,,6.275,2.866425514,3.3,,,,,,,,,,,,
,,,,,,,,,,,,,,,,,6.276,2.869648933,3.3,,,,,,,,,,,,
,,,,,,,,,,,,,,,,,6.277,2.872872353,3.3,,,,,,,,,,,,
,,,,,,,,,,,,,,,,,6.278,2.876095772,3.3,,,,,,,,,,,,
,,,,,,,,,,,,,,,,,6.279,2.873678207,3.3,,,,,,,,,,,,
,,,,,,,,,,,,,,,,,6.28,2.881736755,3.3,,,,,,,,,,,,
,,,,,,,,,,,,,,,,,6.281,2.871260643,3.3,,,,,,,,,,,,
,,,,,,,,,,,,,,,,,6.282,2.874484062,3.3,,,,,,,,,,,,
,,,,,,,,,,,,,,,,,6.283,2.879319191,3.3,,,,,,,,,,,,
,,,,,,,,,,,,,,,,,6.284,2.879319191,3.3,,,,,,,,,,,,
,,,,,,,,,,,,,,,,,6.285,2.876901627,3.3,,,,,,,,,,,,
,,,,,,,,,,,,,,,,,6.286,2.88254261,3.3,,,,,,,,,,,,
,,,,,,,,,,,,,,,,,6.287,2.885766029,3.3,,,,,,,,,,,,
,,,,,,,,,,,,,,,,,6.288,2.877707481,3.3,,,,,,,,,,,,
,,,,,,,,,,,,,,,,,6.289,2.877707481,3.3,,,,,,,,,,,,
,,,,,,,,,,,,,,,,,6.29,2.887377739,3.3,,,,,,,,,,,,
,,,,,,,,,,,,,,,,,6.291,2.894630432,3.3,,,,,,,,,,,,
,,,,,,,,,,,,,,,,,6.292,2.884960175,3.3,,,,,,,,,,,,
,,,,,,,,,,,,,,,,,6.293,2.88415432,3.3,,,,,,,,,,,,
,,,,,,,,,,,,,,,,,6.294,2.890601158,3.3,,,,,,,,,,,,
,,,,,,,,,,,,,,,,,6.295,2.88415432,3.3,,,,,,,,,,,,
,,,,,,,,,,,,,,,,,6.296,2.891407013,3.3,,,,,,,,,,,,
,,,,,,,,,,,,,,,,,6.297,2.893018723,3.3,,,,,,,,,,,,
,,,,,,,,,,,,,,,,,6.298,2.893018723,3.3,,,,,,,,,,,,
,,,,,,,,,,,,,,,,,6.299,2.893824577,3.3,,,,,,,,,,,,
,,,,,,,,,,,,,,,,,6.3,2.887377739,3.3,,,,,,,,,,,,
,,,,,,,,,,,,,,,,,6.301,2.897047997,3.3,,,,,,,,,,,,
,,,,,,,,,,,,,,,,,6.302,2.885766029,3.3,,,,,,,,,,,,
,,,,,,,,,,,,,,,,,6.303,2.907524109,3.3,,,,,,,,,,,,
,,,,,,,,,,,,,,,,,6.304,2.893824577,3.3,,,,,,,,,,,,
,,,,,,,,,,,,,,,,,6.305,2.897047997,3.3,,,,,,,,,,,,
,,,,,,,,,,,,,,,,,6.306,2.901883125,3.3,,,,,,,,,,,,
,,,,,,,,,,,,,,,,,6.307,2.901077271,3.3,,,,,,,,,,,,
,,,,,,,,,,,,,,,,,6.308,2.901077271,3.3,,,,,,,,,,,,
,,,,,,,,,,,,,,,,,6.309,2.907524109,3.3,,,,,,,,,,,,
,,,,,,,,,,,,,,,,,6.31,2.903494835,3.3,,,,,,,,,,,,
,,,,,,,,,,,,,,,,,6.311,2.893824577,3.3,,,,,,,,,,,,
,,,,,,,,,,,,,,,,,6.312,2.899465561,3.3,,,,,,,,,,,,
,,,,,,,,,,,,,,,,,6.313,2.903494835,3.3,,,,,,,,,,,,
,,,,,,,,,,,,,,,,,6.314,2.896242142,3.3,,,,,,,,,,,,
,,,,,,,,,,,,,,,,,6.315,2.90268898,3.3,,,,,,,,,,,,
,,,,,,,,,,,,,,,,,6.316,2.911553383,3.3,,,,,,,,,,,,
,,,,,,,,,,,,,,,,,6.317,2.900271416,3.3,,,,,,,,,,,,
,,,,,,,,,,,,,,,,,6.318,2.90430069,3.3,,,,,,,,,,,,
,,,,,,,,,,,,,,,,,6.319,2.910747528,3.3,,,,,,,,,,,,
,,,,,,,,,,,,,,,,,6.32,2.905106544,3.3,,,,,,,,,,,,
,,,,,,,,,,,,,,,,,6.321,2.909135818,3.3,,,,,,,,,,,,
,,,,,,,,,,,,,,,,,6.322,2.912359238,3.3,,,,,,,,,,,,
,,,,,,,,,,,,,,,,,6.323,2.916388512,3.3,,,,,,,,,,,,
,,,,,,,,,,,,,,,,,6.324,2.909135818,3.3,,,,,,,,,,,,
,,,,,,,,,,,,,,,,,6.325,2.922029495,3.3,,,,,,,,,,,,
,,,,,,,,,,,,,,,,,6.326,2.92283535,3.3,,,,,,,,,,,,
,,,,,,,,,,,,,,,,,6.327,2.920417786,3.3,,,,,,,,,,,,
,,,,,,,,,,,,,,,,,6.328,2.913165092,3.3,,,,,,,,,,,,
,,,,,,,,,,,,,,,,,6.329,2.934117317,3.3,,,,,,,,,,,,
,,,,,,,,,,,,,,,,,6.33,2.927670479,3.3,,,,,,,,,,,,
,,,,,,,,,,,,,,,,,6.331,2.925252914,3.3,,,,,,,,,,,,
,,,,,,,,,,,,,,,,,6.332,2.918000221,3.3,,,,,,,,,,,,
,,,,,,,,,,,,,,,,,6.333,2.930893898,3.3,,,,,,,,,,,,
,,,,,,,,,,,,,,,,,6.334,2.926864624,3.3,,,,,,,,,,,,
,,,,,,,,,,,,,,,,,6.335,2.932505608,3.3,,,,,,,,,,,,
,,,,,,,,,,,,,,,,,6.336,2.927670479,3.3,,,,,,,,,,,,
,,,,,,,,,,,,,,,,,6.337,2.928476334,3.3,,,,,,,,,,,,
,,,,,,,,,,,,,,,,,6.338,2.930088043,3.3,,,,,,,,,,,,
,,,,,,,,,,,,,,,,,6.339,2.928476334,3.3,,,,,,,,,,,,
,,,,,,,,,,,,,,,,,6.34,2.934117317,3.3,,,,,,,,,,,,
,,,,,,,,,,,,,,,,,6.341,2.934117317,3.3,,,,,,,,,,,,
,,,,,,,,,,,,,,,,,6.342,2.938952446,3.3,,,,,,,,,,,,
,,,,,,,,,,,,,,,,,6.343,2.94137001,3.3,,,,,,,,,,,,
,,,,,,,,,,,,,,,,,6.344,2.939758301,3.3,,,,,,,,,,,,
,,,,,,,,,,,,,,,,,6.345,2.94298172,3.3,,,,,,,,,,,,
,,,,,,,,,,,,,,,,,6.346,2.943787575,3.3,,,,,,,,,,,,
,,,,,,,,,,,,,,,,,6.347,2.943787575,3.3,,,,,,,,,,,,
,,,,,,,,,,,,,,,,,6.348,2.932505608,3.3,,,,,,,,,,,,
,,,,,,,,,,,,,,,,,6.349,2.943787575,3.3,,,,,,,,,,,,
,,,,,,,,,,,,,,,,,6.35,2.942175865,3.3,,,,,,,,,,,,
,,,,,,,,,,,,,,,,,6.351,2.938146591,3.3,,,,,,,,,,,,
,,,,,,,,,,,,,,,,,6.352,2.947010994,3.3,,,,,,,,,,,,
,,,,,,,,,,,,,,,,,6.353,2.94137001,3.3,,,,,,,,,,,,
,,,,,,,,,,,,,,,,,6.354,2.955069542,3.3,,,,,,,,,,,,
,,,,,,,,,,,,,,,,,6.355,2.947816849,3.3,,,,,,,,,,,,
,,,,,,,,,,,,,,,,,6.356,2.947010994,3.3,,,,,,,,,,,,
,,,,,,,,,,,,,,,,,6.357,2.94459343,3.3,,,,,,,,,,,,
,,,,,,,,,,,,,,,,,6.358,2.952651978,3.3,,,,,,,,,,,,
,,,,,,,,,,,,,,,,,6.359,2.948622704,3.3,,,,,,,,,,,,
,,,,,,,,,,,,,,,,,6.36,2.951040268,3.3,,,,,,,,,,,,
,,,,,,,,,,,,,,,,,6.361,2.950234413,3.3,,,,,,,,,,,,
,,,,,,,,,,,,,,,,,6.362,2.952651978,3.3,,,,,,,,,,,,
,,,,,,,,,,,,,,,,,6.363,2.950234413,3.3,,,,,,,,,,,,
,,,,,,,,,,,,,,,,,6.364,2.951846123,3.3,,,,,,,,,,,,
,,,,,,,,,,,,,,,,,6.365,2.958292961,3.3,,,,,,,,,,,,
,,,,,,,,,,,,,,,,,6.366,2.957487106,3.3,,,,,,,,,,,,
,,,,,,,,,,,,,,,,,6.367,2.957487106,3.3,,,,,,,,,,,,
,,,,,,,,,,,,,,,,,6.368,2.954263687,3.3,,,,,,,,,,,,
,,,,,,,,,,,,,,,,,6.369,2.96151638,3.3,,,,,,,,,,,,
,,,,,,,,,,,,,,,,,6.37,2.967963219,3.3,,,,,,,,,,,,
,,,,,,,,,,,,,,,,,6.371,2.963933945,3.3,,,,,,,,,,,,
,,,,,,,,,,,,,,,,,6.372,2.96312809,3.3,,,,,,,,,,,,
,,,,,,,,,,,,,,,,,6.373,2.967157364,3.3,,,,,,,,,,,,
,,,,,,,,,,,,,,,,,6.374,2.966351509,3.3,,,,,,,,,,,,
,,,,,,,,,,,,,,,,,6.375,2.959904671,3.3,,,,,,,,,,,,
,,,,,,,,,,,,,,,,,6.376,2.967963219,3.3,,,,,,,,,,,,
,,,,,,,,,,,,,,,,,6.377,2.96312809,3.3,,,,,,,,,,,,
,,,,,,,,,,,,,,,,,6.378,2.970380783,3.3,,,,,,,,,,,,
,,,,,,,,,,,,,,,,,6.379,2.967157364,3.3,,,,,,,,,,,,
,,,,,,,,,,,,,,,,,6.38,2.966351509,3.3,,,,,,,,,,,,
,,,,,,,,,,,,,,,,,6.381,2.971992493,3.3,,,,,,,,,,,,
,,,,,,,,,,,,,,,,,6.382,2.969574928,3.3,,,,,,,,,,,,
,,,,,,,,,,,,,,,,,6.383,2.964739799,3.3,,,,,,,,,,,,
,,,,,,,,,,,,,,,,,6.384,2.976827621,3.3,,,,,,,,,,,,
,,,,,,,,,,,,,,,,,6.385,2.980856895,3.3,,,,,,,,,,,,
,,,,,,,,,,,,,,,,,6.386,2.976021767,3.3,,,,,,,,,,,,
,,,,,,,,,,,,,,,,,6.387,2.982468605,3.3,,,,,,,,,,,,
,,,,,,,,,,,,,,,,,6.388,2.98166275,3.3,,,,,,,,,,,,
,,,,,,,,,,,,,,,,,6.389,2.978439331,3.3,,,,,,,,,,,,
,,,,,,,,,,,,,,,,,6.39,2.977633476,3.3,,,,,,,,,,,,
,,,,,,,,,,,,,,,,,6.391,2.976021767,3.3,,,,,,,,,,,,
,,,,,,,,,,,,,,,,,6.392,2.987303734,3.3,,,,,,,,,,,,
,,,,,,,,,,,,,,,,,6.393,2.98327446,3.3,,,,,,,,,,,,
,,,,,,,,,,,,,,,,,6.394,2.985692024,3.3,,,,,,,,,,,,
,,,,,,,,,,,,,,,,,6.395,2.982468605,3.3,,,,,,,,,,,,
,,,,,,,,,,,,,,,,,6.396,2.986497879,3.3,,,,,,,,,,,,
,,,,,,,,,,,,,,,,,6.397,2.986497879,3.3,,,,,,,,,,,,
,,,,,,,,,,,,,,,,,6.398,2.98166275,3.3,,,,,,,,,,,,
,,,,,,,,,,,,,,,,,6.399,2.988915443,3.3,,,,,,,,,,,,
,,,,,,,,,,,,,,,,,6.4,2.992138863,3.3,,,,,,,,,,,,
,,,,,,,,,,,,,,,,,6.401,2.990527153,3.3,,,,,,,,,,,,
,,,,,,,,,,,,,,,,,6.402,2.993750572,3.3,,,,,,,,,,,,
,,,,,,,,,,,,,,,,,6.403,2.994556427,3.3,,,,,,,,,,,,
,,,,,,,,,,,,,,,,,6.404,2.992944717,3.3,,,,,,,,,,,,
,,,,,,,,,,,,,,,,,6.405,2.991333008,3.3,,,,,,,,,,,,
,,,,,,,,,,,,,,,,,6.406,2.997779846,3.3,,,,,,,,,,,,
,,,,,,,,,,,,,,,,,6.407,3.000197411,3.3,,,,,,,,,,,,
,,,,,,,,,,,,,,,,,6.408,3.000197411,3.3,,,,,,,,,,,,
,,,,,,,,,,,,,,,,,6.409,3.004226685,3.3,,,,,,,,,,,,
,,,,,,,,,,,,,,,,,6.41,3.002614975,3.3,,,,,,,,,,,,
,,,,,,,,,,,,,,,,,6.411,2.999391556,3.3,,,,,,,,,,,,
,,,,,,,,,,,,,,,,,6.412,3.00342083,3.3,,,,,,,,,,,,
,,,,,,,,,,,,,,,,,6.413,3.00180912,3.3,,,,,,,,,,,,
,,,,,,,,,,,,,,,,,6.414,3.002614975,3.3,,,,,,,,,,,,
,,,,,,,,,,,,,,,,,6.415,3.063054085,3.3,,,,,,,,,,,,
,,,,,,,,,,,,,,,,,6.416,3.065471649,3.3,,,,,,,,,,,,
,,,,,,,,,,,,,,,,,6.417,3.070306778,3.3,,,,,,,,,,,,
,,,,,,,,,,,,,,,,,6.418,3.067889214,3.3,,,,,,,,,,,,
,,,,,,,,,,,,,,,,,6.419,3.071112633,3.3,,,,,,,,,,,,
,,,,,,,,,,,,,,,,,6.42,3.078365326,3.3,,,,,,,,,,,,
,,,,,,,,,,,,,,,,,6.421,3.073530197,3.3,,,,,,,,,,,,
,,,,,,,,,,,,,,,,,6.422,3.069500923,3.3,,,,,,,,,,,,
,,,,,,,,,,,,,,,,,6.423,3.071112633,3.3,,,,,,,,,,,,
,,,,,,,,,,,,,,,,,6.424,3.067889214,3.3,,,,,,,,,,,,
,,,,,,,,,,,,,,,,,6.425,3.08078289,3.3,,,,,,,,,,,,
,,,,,,,,,,,,,,,,,6.426,3.075141907,3.3,,,,,,,,,,,,
,,,,,,,,,,,,,,,,,6.427,3.070306778,3.3,,,,,,,,,,,,
,,,,,,,,,,,,,,,,,6.428,3.076753616,3.3,,,,,,,,,,,,
,,,,,,,,,,,,,,,,,6.429,3.076753616,3.3,,,,,,,,,,,,
,,,,,,,,,,,,,,,,,6.43,3.079171181,3.3,,,,,,,,,,,,
,,,,,,,,,,,,,,,,,6.431,3.078365326,3.3,,,,,,,,,,,,
,,,,,,,,,,,,,,,,,6.432,3.079977036,3.3,,,,,,,,,,,,
,,,,,,,,,,,,,,,,,6.433,3.081588745,3.3,,,,,,,,,,,,
,,,,,,,,,,,,,,,,,6.434,3.072724342,3.3,,,,,,,,,,,,
,,,,,,,,,,,,,,,,,6.435,3.08078289,3.3,,,,,,,,,,,,
,,,,,,,,,,,,,,,,,6.436,3.075947762,3.3,,,,,,,,,,,,
,,,,,,,,,,,,,,,,,6.437,3.078365326,3.3,,,,,,,,,,,,
,,,,,,,,,,,,,,,,,6.438,3.08400631,3.3,,,,,,,,,,,,
,,,,,,,,,,,,,,,,,6.439,3.075947762,3.3,,,,,,,,,,,,
,,,,,,,,,,,,,,,,,6.44,3.079171181,3.3,,,,,,,,,,,,
,,,,,,,,,,,,,,,,,6.441,3.084812164,3.3,,,,,,,,,,,,
,,,,,,,,,,,,,,,,,6.442,3.0823946,3.3,,,,,,,,,,,,
,,,,,,,,,,,,,,,,,6.443,3.087229729,3.3,,,,,,,,,,,,
,,,,,,,,,,,,,,,,,6.444,3.087229729,3.3,,,,,,,,,,,,
,,,,,,,,,,,,,,,,,6.445,3.087229729,3.3,,,,,,,,,,,,
,,,,,,,,,,,,,,,,,6.446,3.081588745,3.3,,,,,,,,,,,,
,,,,,,,,,,,,,,,,,6.447,3.087229729,3.3,,,,,,,,,,,,
,,,,,,,,,,,,,,,,,6.448,3.089647293,3.3,,,,,,,,,,,,
,,,,,,,,,,,,,,,,,6.449,3.092064857,3.3,,,,,,,,,,,,
,,,,,,,,,,,,,,,,,6.45,3.090453148,3.3,,,,,,,,,,,,
,,,,,,,,,,,,,,,,,6.451,3.089647293,3.3,,,,,,,,,,,,
,,,,,,,,,,,,,,,,,6.452,3.092064857,3.3,,,,,,,,,,,,
,,,,,,,,,,,,,,,,,6.453,3.090453148,3.3,,,,,,,,,,,,
,,,,,,,,,,,,,,,,,6.454,3.096899986,3.3,,,,,,,,,,,,
,,,,,,,,,,,,,,,,,6.455,3.10092926,3.3,,,,,,,,,,,,
,,,,,,,,,,,,,,,,,6.456,3.093676567,3.3,,,,,,,,,,,,
,,,,,,,,,,,,,,,,,6.457,3.098511696,3.3,,,,,,,,,,,,
,,,,,,,,,,,,,,,,,6.458,3.100123405,3.3,,,,,,,,,,,,
,,,,,,,,,,,,,,,,,6.459,3.090453148,3.3,,,,,,,,,,,,
,,,,,,,,,,,,,,,,,6.46,3.098511696,3.3,,,,,,,,,,,,
,,,,,,,,,,,,,,,,,6.461,3.105764389,3.3,,,,,,,,,,,,
,,,,,,,,,,,,,,,,,6.462,3.099317551,3.3,,,,,,,,,,,,
,,,,,,,,,,,,,,,,,6.463,3.101735115,3.3,,,,,,,,,,,,
,,,,,,,,,,,,,,,,,6.464,3.105764389,3.3,,,,,,,,,,,,
,,,,,,,,,,,,,,,,,6.465,3.098511696,3.3,,,,,,,,,,,,
,,,,,,,,,,,,,,,,,6.466,3.105764389,3.3,,,,,,,,,,,,
,,,,,,,,,,,,,,,,,6.467,3.108181953,3.3,,,,,,,,,,,,
,,,,,,,,,,,,,,,,,6.468,3.108181953,3.3,,,,,,,,,,,,
,,,,,,,,,,,,,,,,,6.469,3.108181953,3.3,,,,,,,,,,,,
,,,,,,,,,,,,,,,,,6.47,3.103346825,3.3,,,,,,,,,,,,
,,,,,,,,,,,,,,,,,6.471,3.113017082,3.3,,,,,,,,,,,,
,,,,,,,,,,,,,,,,,6.472,3.116240501,3.3,,,,,,,,,,,,
,,,,,,,,,,,,,,,,,6.473,3.113017082,3.3,,,,,,,,,,,,
,,,,,,,,,,,,,,,,,6.474,3.120269775,3.3,,,,,,,,,,,,
,,,,,,,,,,,,,,,,,6.475,3.113017082,3.3,,,,,,,,,,,,
,,,,,,,,,,,,,,,,,6.476,3.114628792,3.3,,,,,,,,,,,,
,,,,,,,,,,,,,,,,,6.477,3.116240501,3.3,,,,,,,,,,,,
,,,,,,,,,,,,,,,,,6.478,3.123493195,3.3,,,,,,,,,,,,
,,,,,,,,,,,,,,,,,6.479,3.113017082,3.3,,,,,,,,,,,,
,,,,,,,,,,,,,,,,,6.48,3.117852211,3.3,,,,,,,,,,,,
,,,,,,,,,,,,,,,,,6.481,3.116240501,3.3,,,,,,,,,,,,
,,,,,,,,,,,,,,,,,6.482,3.121881485,3.3,,,,,,,,,,,,
,,,,,,,,,,,,,,,,,6.483,3.12268734,3.3,,,,,,,,,,,,
,,,,,,,,,,,,,,,,,6.484,3.124299049,3.3,,,,,,,,,,,,
,,,,,,,,,,,,,,,,,6.485,3.121881485,3.3,,,,,,,,,,,,
,,,,,,,,,,,,,,,,,6.486,3.116240501,3.3,,,,,,,,,,,,
,,,,,,,,,,,,,,,,,6.487,3.12268734,3.3,,,,,,,,,,,,
,,,,,,,,,,,,,,,,,6.488,3.124299049,3.3,,,,,,,,,,,,
,,,,,,,,,,,,,,,,,6.489,3.117046356,3.3,,,,,,,,,,,,
,,,,,,,,,,,,,,,,,6.49,3.123493195,3.3,,,,,,,,,,,,
,,,,,,,,,,,,,,,,,6.491,3.117046356,3.3,,,,,,,,,,,,
,,,,,,,,,,,,,,,,,6.492,3.127522469,3.3,,,,,,,,,,,,
,,,,,,,,,,,,,,,,,6.493,3.127522469,3.3,,,,,,,,,,,,
,,,,,,,,,,,,,,,,,6.494,3.127522469,3.3,,,,,,,,,,,,
,,,,,,,,,,,,,,,,,6.495,3.129134178,3.3,,,,,,,,,,,,
,,,,,,,,,,,,,,,,,6.496,3.132357597,3.3,,,,,,,,,,,,
,,,,,,,,,,,,,,,,,6.497,3.131551743,3.3,,,,,,,,,,,,
,,,,,,,,,,,,,,,,,6.498,3.133163452,3.3,,,,,,,,,,,,
,,,,,,,,,,,,,,,,,6.499,3.126716614,3.3,,,,,,,,,,,,
,,,,,,,,,,,,,,,,,6.5,3.132357597,3.3,,,,,,,,,,,,
,,,,,,,,,,,,,,,,,6.501,3.132357597,3.3,,,,,,,,,,,,
,,,,,,,,,,,,,,,,,6.502,3.134775162,3.3,,,,,,,,,,,,
,,,,,,,,,,,,,,,,,6.503,3.137998581,3.3,,,,,,,,,,,,
,,,,,,,,,,,,,,,,,6.504,3.135581017,3.3,,,,,,,,,,,,
,,,,,,,,,,,,,,,,,6.505,3.135581017,3.3,,,,,,,,,,,,
,,,,,,,,,,,,,,,,,6.506,3.135581017,3.3,,,,,,,,,,,,
,,,,,,,,,,,,,,,,,6.507,3.128328323,3.3,,,,,,,,,,,,
,,,,,,,,,,,,,,,,,6.508,3.144445419,3.3,,,,,,,,,,,,
,,,,,,,,,,,,,,,,,6.509,3.140416145,3.3,,,,,,,,,,,,
,,,,,,,,,,,,,,,,,6.51,3.142027855,3.3,,,,,,,,,,,,
,,,,,,,,,,,,,,,,,6.511,3.141222,3.3,,,,,,,,,,,,
,,,,,,,,,,,,,,,,,6.512,3.144445419,3.3,,,,,,,,,,,,
,,,,,,,,,,,,,,,,,6.513,3.149280548,3.3,,,,,,,,,,,,
,,,,,,,,,,,,,,,,,6.514,3.150086403,3.3,,,,,,,,,,,,
,,,,,,,,,,,,,,,,,6.515,3.147668839,3.3,,,,,,,,,,,,
,,,,,,,,,,,,,,,,,6.516,3.148474693,3.3,,,,,,,,,,,,
,,,,,,,,,,,,,,,,,6.517,3.150892258,3.3,,,,,,,,,,,,
,,,,,,,,,,,,,,,,,6.518,3.150892258,3.3,,,,,,,,,,,,
,,,,,,,,,,,,,,,,,6.519,3.156533241,3.3,,,,,,,,,,,,
,,,,,,,,,,,,,,,,,6.52,3.156533241,3.3,,,,,,,,,,,,
,,,,,,,,,,,,,,,,,6.521,3.160562515,3.3,,,,,,,,,,,,
,,,,,,,,,,,,,,,,,6.522,3.155727386,3.3,,,,,,,,,,,,
,,,,,,,,,,,,,,,,,6.523,3.156533241,3.3,,,,,,,,,,,,
,,,,,,,,,,,,,,,,,6.524,3.158950806,3.3,,,,,,,,,,,,
,,,,,,,,,,,,,,,,,6.525,3.16136837,3.3,,,,,,,,,,,,
,,,,,,,,,,,,,,,,,6.526,3.158144951,3.3,,,,,,,,,,,,
,,,,,,,,,,,,,,,,,6.527,3.160562515,3.3,,,,,,,,,,,,
,,,,,,,,,,,,,,,,,6.528,3.160562515,3.3,,,,,,,,,,,,
,,,,,,,,,,,,,,,,,6.529,3.157339096,3.3,,,,,,,,,,,,
,,,,,,,,,,,,,,,,,6.53,3.15975666,3.3,,,,,,,,,,,,
,,,,,,,,,,,,,,,,,6.531,3.16136837,3.3,,,,,,,,,,,,
,,,,,,,,,,,,,,,,,6.532,3.160562515,3.3,,,,,,,,,,,,
,,,,,,,,,,,,,,,,,6.533,3.160562515,3.3,,,,,,,,,,,,
,,,,,,,,,,,,,,,,,6.534,3.163785934,3.3,,,,,,,,,,,,
,,,,,,,,,,,,,,,,,6.535,3.16298008,3.3,,,,,,,,,,,,
,,,,,,,,,,,,,,,,,6.536,3.16136837,3.3,,,,,,,,,,,,
,,,,,,,,,,,,,,,,,6.537,3.160562515,3.3,,,,,,,,,,,,
,,,,,,,,,,,,,,,,,6.538,3.167815208,3.3,,,,,,,,,,,,
,,,,,,,,,,,,,,,,,6.539,3.167009354,3.3,,,,,,,,,,,,
,,,,,,,,,,,,,,,,,6.54,3.162174225,3.3,,,,,,,,,,,,
,,,,,,,,,,,,,,,,,6.541,3.166203499,3.3,,,,,,,,,,,,
,,,,,,,,,,,,,,,,,6.542,3.169426918,3.3,,,,,,,,,,,,
,,,,,,,,,,,,,,,,,6.543,3.173456192,3.3,,,,,,,,,,,,
,,,,,,,,,,,,,,,,,6.544,3.172650337,3.3,,,,,,,,,,,,
,,,,,,,,,,,,,,,,,6.545,3.17990303,3.3,,,,,,,,,,,,
,,,,,,,,,,,,,,,,,6.546,3.177485466,3.3,,,,,,,,,,,,
,,,,,,,,,,,,,,,,,6.547,3.18312645,3.3,,,,,,,,,,,,
,,,,,,,,,,,,,,,,,6.548,3.182320595,3.3,,,,,,,,,,,,
,,,,,,,,,,,,,,,,,6.549,3.187155724,3.3,,,,,,,,,,,,
,,,,,,,,,,,,,,,,,6.55,3.183932304,3.3,,,,,,,,,,,,
,,,,,,,,,,,,,,,,,6.551,3.187155724,3.3,,,,,,,,,,,,
,,,,,,,,,,,,,,,,,6.552,3.188767433,3.3,,,,,,,,,,,,
,,,,,,,,,,,,,,,,,6.553,3.185544014,3.3,,,,,,,,,,,,
,,,,,,,,,,,,,,,,,6.554,3.190379143,3.3,,,,,,,,,,,,
,,,,,,,,,,,,,,,,,6.555,3.189573288,3.3,,,,,,,,,,,,
,,,,,,,,,,,,,,,,,6.556,3.187155724,3.3,,,,,,,,,,,,
,,,,,,,,,,,,,,,,,6.557,3.18151474,3.3,,,,,,,,,,,,
,,,,,,,,,,,,,,,,,6.558,3.185544014,3.3,,,,,,,,,,,,
,,,,,,,,,,,,,,,,,6.559,3.187155724,3.3,,,,,,,,,,,,
,,,,,,,,,,,,,,,,,6.56,3.191990852,3.3,,,,,,,,,,,,
,,,,,,,,,,,,,,,,,6.561,3.193602562,3.3,,,,,,,,,,,,
,,,,,,,,,,,,,,,,,6.562,3.196020126,3.3,,,,,,,,,,,,
,,,,,,,,,,,,,,,,,6.563,3.196825981,3.3,,,,,,,,,,,,
,,,,,,,,,,,,,,,,,6.564,3.20166111,3.3,,,,,,,,,,,,
,,,,,,,,,,,,,,,,,6.565,3.202466965,3.3,,,,,,,,,,,,
,,,,,,,,,,,,,,,,,6.566,3.196825981,3.3,,,,,,,,,,,,
,,,,,,,,,,,,,,,,,6.567,3.20327282,3.3,,,,,,,,,,,,
,,,,,,,,,,,,,,,,,6.568,3.207302094,3.3,,,,,,,,,,,,
,,,,,,,,,,,,,,,,,6.569,3.208913803,3.3,,,,,,,,,,,,
,,,,,,,,,,,,,,,,,6.57,3.208913803,3.3,,,,,,,,,,,,
,,,,,,,,,,,,,,,,,6.571,3.212137222,3.3,,,,,,,,,,,,
,,,,,,,,,,,,,,,,,6.572,3.212943077,3.3,,,,,,,,,,,,
,,,,,,,,,,,,,,,,,6.573,3.208107948,3.3,,,,,,,,,,,,
,,,,,,,,,,,,,,,,,6.574,3.210525513,3.3,,,,,,,,,,,,
,,,,,,,,,,,,,,,,,6.575,3.219389915,3.3,,,,,,,,,,,,
,,,,,,,,,,,,,,,,,6.576,3.225836754,3.3,,,,,,,,,,,,
,,,,,,,,,,,,,,,,,6.577,3.225030899,3.3,,,,,,,,,,,,
,,,,,,,,,,,,,,,,,6.578,3.230671883,3.3,,,,,,,,,,,,
,,,,,,,,,,,,,,,,,6.579,3.226642609,3.3,,,,,,,,,,,,
,,,,,,,,,,,,,,,,,6.58,3.226642609,3.3,,,,,,,,,,,,
,,,,,,,,,,,,,,,,,6.581,3.226642609,3.3,,,,,,,,,,,,
,,,,,,,,,,,,,,,,,6.582,3.243565559,3.3,,,,,,,,,,,,
,,,,,,,,,,,,,,,,,6.583,3.245983124,3.3,,,,,,,,,,,,
,,,,,,,,,,,,,,,,,6.584,3.245177269,3.3,,,,,,,,,,,,
,,,,,,,,,,,,,,,,,6.585,3.245177269,3.3,,,,,,,,,,,,
,,,,,,,,,,,,,,,,,6.586,3.245177269,3.3,,,,,,,,,,,,
,,,,,,,,,,,,,,,,,6.587,3.244371414,3.3,,,,,,,,,,,,
,,,,,,,,,,,,,,,,,6.588,3.244371414,3.3,,,,,,,,,,,,
,,,,,,,,,,,,,,,,,6.589,3.244371414,3.3,,,,,,,,,,,,
,,,,,,,,,,,,,,,,,6.59,3.247594833,3.3,,,,,,,,,,,,
,,,,,,,,,,,,,,,,,6.591,3.245177269,3.3,,,,,,,,,,,,
,,,,,,,,,,,,,,,,,6.592,3.243565559,3.3,,,,,,,,,,,,
,,,,,,,,,,,,,,,,,6.593,3.243565559,3.3,,,,,,,,,,,,
,,,,,,,,,,,,,,,,,6.594,3.245983124,3.3,,,,,,,,,,,,
,,,,,,,,,,,,,,,,,6.595,3.245177269,3.3,,,,,,,,,,,,
,,,,,,,,,,,,,,,,,6.596,3.245177269,3.3,,,,,,,,,,,,
,,,,,,,,,,,,,,,,,6.597,3.247594833,3.3,,,,,,,,,,,,
,,,,,,,,,,,,,,,,,6.598,3.245177269,3.3,,,,,,,,,,,,
,,,,,,,,,,,,,,,,,6.599,3.245177269,3.3,,,,,,,,,,,,
,,,,,,,,,,,,,,,,,6.6,3.245177269,3.3,,,,,,,,,,,,
,,,,,,,,,,,,,,,,,6.601,3.242759705,3.3,,,,,,,,,,,,
,,,,,,,,,,,,,,,,,6.602,3.246788979,3.3,,,,,,,,,,,,
,,,,,,,,,,,,,,,,,6.603,3.247594833,3.3,,,,,,,,,,,,
,,,,,,,,,,,,,,,,,6.604,3.245177269,3.3,,,,,,,,,,,,
,,,,,,,,,,,,,,,,,6.605,3.243565559,3.3,,,,,,,,,,,,
,,,,,,,,,,,,,,,,,6.606,3.245177269,3.3,,,,,,,,,,,,
,,,,,,,,,,,,,,,,,6.607,3.239536285,3.3,,,,,,,,,,,,
,,,,,,,,,,,,,,,,,6.608,3.246788979,3.3,,,,,,,,,,,,
,,,,,,,,,,,,,,,,,6.609,3.244371414,3.3,,,,,,,,,,,,
,,,,,,,,,,,,,,,,,6.61,3.245983124,3.3,,,,,,,,,,,,
,,,,,,,,,,,,,,,,,6.611,3.248400688,3.3,,,,,,,,,,,,
,,,,,,,,,,,,,,,,,6.612,3.24034214,3.3,,,,,,,,,,,,
,,,,,,,,,,,,,,,,,6.613,3.244371414,3.3,,,,,,,,,,,,
,,,,,,,,,,,,,,,,,6.614,3.245177269,3.3,,,,,,,,,,,,
,,,,,,,,,,,,,,,,,6.615,3.247594833,3.3,,,,,,,,,,,,
,,,,,,,,,,,,,,,,,6.616,3.238730431,3.3,,,,,,,,,,,,
,,,,,,,,,,,,,,,,,6.617,3.248400688,3.3,,,,,,,,,,,,
,,,,,,,,,,,,,,,,,6.618,3.248400688,3.3,,,,,,,,,,,,
,,,,,,,,,,,,,,,,,6.619,3.245177269,3.3,,,,,,,,,,,,
,,,,,,,,,,,,,,,,,6.62,3.24195385,3.3,,,,,,,,,,,,
,,,,,,,,,,,,,,,,,6.621,3.245177269,3.3,,,,,,,,,,,,
,,,,,,,,,,,,,,,,,6.622,3.242759705,3.3,,,,,,,,,,,,
,,,,,,,,,,,,,,,,,6.623,3.251624107,3.3,,,,,,,,,,,,
,,,,,,,,,,,,,,,,,6.624,3.245983124,3.3,,,,,,,,,,,,
,,,,,,,,,,,,,,,,,6.625,3.243565559,3.3,,,,,,,,,,,,
,,,,,,,,,,,,,,,,,6.626,3.245177269,3.3,,,,,,,,,,,,
,,,,,,,,,,,,,,,,,6.627,3.24034214,3.3,,,,,,,,,,,,
,,,,,,,,,,,,,,,,,6.628,3.24195385,3.3,,,,,,,,,,,,
,,,,,,,,,,,,,,,,,6.629,3.245177269,3.3,,,,,,,,,,,,
,,,,,,,,,,,,,,,,,6.63,3.245177269,3.3,,,,,,,,,,,,
,,,,,,,,,,,,,,,,,6.631,3.245983124,3.3,,,,,,,,,,,,
,,,,,,,,,,,,,,,,,6.632,3.24195385,3.3,,,,,,,,,,,,
,,,,,,,,,,,,,,,,,6.633,3.245177269,3.3,,,,,,,,,,,,
,,,,,,,,,,,,,,,,,6.634,3.246788979,3.3,,,,,,,,,,,,
,,,,,,,,,,,,,,,,,6.635,3.245983124,3.3,,,,,,,,,,,,
,,,,,,,,,,,,,,,,,6.636,3.244371414,3.3,,,,,,,,,,,,
,,,,,,,,,,,,,,,,,6.637,3.244371414,3.3,,,,,,,,,,,,
,,,,,,,,,,,,,,,,,6.638,3.245177269,3.3,,,,,,,,,,,,
,,,,,,,,,,,,,,,,,6.639,3.24034214,3.3,,,,,,,,,,,,
,,,,,,,,,,,,,,,,,6.64,3.245177269,3.3,,,,,,,,,,,,
,,,,,,,,,,,,,,,,,6.641,3.245177269,3.3,,,,,,,,,,,,
,,,,,,,,,,,,,,,,,6.642,3.245983124,3.3,,,,,,,,,,,,
,,,,,,,,,,,,,,,,,6.643,3.242759705,3.3,,,,,,,,,,,,
,,,,,,,,,,,,,,,,,6.644,3.246788979,3.3,,,,,,,,,,,,
,,,,,,,,,,,,,,,,,6.645,3.245177269,3.3,,,,,,,,,,,,
,,,,,,,,,,,,,,,,,6.646,3.250818253,3.3,,,,,,,,,,,,
,,,,,,,,,,,,,,,,,6.647,3.239536285,3.3,,,,,,,,,,,,
,,,,,,,,,,,,,,,,,6.648,3.24195385,3.3,,,,,,,,,,,,
,,,,,,,,,,,,,,,,,6.649,3.245177269,3.3,,,,,,,,,,,,
,,,,,,,,,,,,,,,,,6.65,3.250012398,3.3,,,,,,,,,,,,
,,,,,,,,,,,,,,,,,6.651,3.244371414,3.3,,,,,,,,,,,,
,,,,,,,,,,,,,,,,,6.652,3.245177269,3.3,,,,,,,,,,,,
,,,,,,,,,,,,,,,,,6.653,3.24195385,3.3,,,,,,,,,,,,
,,,,,,,,,,,,,,,,,6.654,3.245177269,3.3,,,,,,,,,,,,
,,,,,,,,,,,,,,,,,6.655,3.245983124,3.3,,,,,,,,,,,,
,,,,,,,,,,,,,,,,,6.656,3.24195385,3.3,,,,,,,,,,,,
,,,,,,,,,,,,,,,,,6.657,3.246788979,3.3,,,,,,,,,,,,
,,,,,,,,,,,,,,,,,6.658,3.245983124,3.3,,,,,,,,,,,,
,,,,,,,,,,,,,,,,,6.659,3.241147995,3.3,,,,,,,,,,,,
,,,,,,,,,,,,,,,,,6.66,3.24195385,3.3,,,,,,,,,,,,
,,,,,,,,,,,,,,,,,6.661,3.244371414,3.3,,,,,,,,,,,,
,,,,,,,,,,,,,,,,,6.662,3.245177269,3.3,,,,,,,,,,,,
,,,,,,,,,,,,,,,,,6.663,3.245177269,3.3,,,,,,,,,,,,
,,,,,,,,,,,,,,,,,6.664,3.251624107,3.3,,,,,,,,,,,,
,,,,,,,,,,,,,,,,,6.665,3.244371414,3.3,,,,,,,,,,,,
,,,,,,,,,,,,,,,,,6.666,3.24195385,3.3,,,,,,,,,,,,
,,,,,,,,,,,,,,,,,6.667,3.245177269,3.3,,,,,,,,,,,,
,,,,,,,,,,,,,,,,,6.668,3.246788979,3.3,,,,,,,,,,,,
,,,,,,,,,,,,,,,,,6.669,3.250818253,3.3,,,,,,,,,,,,
,,,,,,,,,,,,,,,,,6.67,3.245177269,3.3,,,,,,,,,,,,
,,,,,,,,,,,,,,,,,6.671,3.245177269,3.3,,,,,,,,,,,,
,,,,,,,,,,,,,,,,,6.672,3.246788979,3.3,,,,,,,,,,,,
,,,,,,,,,,,,,,,,,6.673,3.244371414,3.3,,,,,,,,,,,,
,,,,,,,,,,,,,,,,,6.674,3.245983124,3.3,,,,,,,,,,,,
,,,,,,,,,,,,,,,,,6.675,3.245177269,3.3,,,,,,,,,,,,
,,,,,,,,,,,,,,,,,6.676,3.245177269,3.3,,,,,,,,,,,,
,,,,,,,,,,,,,,,,,6.677,3.245177269,3.3,,,,,,,,,,,,
,,,,,,,,,,,,,,,,,6.678,3.245177269,3.3,,,,,,,,,,,,
,,,,,,,,,,,,,,,,,6.679,3.244371414,3.3,,,,,,,,,,,,
,,,,,,,,,,,,,,,,,6.68,3.250818253,3.3,,,,,,,,,,,,
,,,,,,,,,,,,,,,,,6.681,3.247594833,3.3,,,,,,,,,,,,
,,,,,,,,,,,,,,,,,6.682,3.244371414,3.3,,,,,,,,,,,,
,,,,,,,,,,,,,,,,,6.683,3.248400688,3.3,,,,,,,,,,,,
,,,,,,,,,,,,,,,,,6.684,3.250818253,3.3,,,,,,,,,,,,
,,,,,,,,,,,,,,,,,6.685,3.245983124,3.3,,,,,,,,,,,,
,,,,,,,,,,,,,,,,,6.686,3.245983124,3.3,,,,,,,,,,,,
,,,,,,,,,,,,,,,,,6.687,3.245177269,3.3,,,,,,,,,,,,
,,,,,,,,,,,,,,,,,6.688,3.245177269,3.3,,,,,,,,,,,,
,,,,,,,,,,,,,,,,,6.689,3.245983124,3.3,,,,,,,,,,,,
,,,,,,,,,,,,,,,,,6.69,3.24034214,3.3,,,,,,,,,,,,
,,,,,,,,,,,,,,,,,6.691,3.250818253,3.3,,,,,,,,,,,,
,,,,,,,,,,,,,,,,,6.692,3.245177269,3.3,,,,,,,,,,,,
,,,,,,,,,,,,,,,,,6.693,3.245983124,3.3,,,,,,,,,,,,
,,,,,,,,,,,,,,,,,6.694,3.246788979,3.3,,,,,,,,,,,,
,,,,,,,,,,,,,,,,,6.695,3.244371414,3.3,,,,,,,,,,,,
,,,,,,,,,,,,,,,,,6.696,3.245983124,3.3,,,,,,,,,,,,
,,,,,,,,,,,,,,,,,6.697,3.245177269,3.3,,,,,,,,,,,,
,,,,,,,,,,,,,,,,,6.698,3.245177269,3.3,,,,,,,,,,,,
,,,,,,,,,,,,,,,,,6.699,3.246788979,3.3,,,,,,,,,,,,
,,,,,,,,,,,,,,,,,6.7,3.245177269,3.3,,,,,,,,,,,,
,,,,,,,,,,,,,,,,,6.701,3.245177269,3.3,,,,,,,,,,,,
,,,,,,,,,,,,,,,,,6.702,3.245177269,3.3,,,,,,,,,,,,
,,,,,,,,,,,,,,,,,6.703,3.245177269,3.3,,,,,,,,,,,,
,,,,,,,,,,,,,,,,,6.704,3.24195385,3.3,,,,,,,,,,,,
,,,,,,,,,,,,,,,,,6.705,3.246788979,3.3,,,,,,,,,,,,
,,,,,,,,,,,,,,,,,6.706,3.247594833,3.3,,,,,,,,,,,,
,,,,,,,,,,,,,,,,,6.707,3.242759705,3.3,,,,,,,,,,,,
,,,,,,,,,,,,,,,,,6.708,3.245177269,3.3,,,,,,,,,,,,
,,,,,,,,,,,,,,,,,6.709,3.245177269,3.3,,,,,,,,,,,,
,,,,,,,,,,,,,,,,,6.71,3.245177269,3.3,,,,,,,,,,,,
,,,,,,,,,,,,,,,,,6.711,3.24195385,3.3,,,,,,,,,,,,
,,,,,,,,,,,,,,,,,6.712,3.245177269,3.3,,,,,,,,,,,,
,,,,,,,,,,,,,,,,,6.713,3.245177269,3.3,,,,,,,,,,,,
,,,,,,,,,,,,,,,,,6.714,3.244371414,3.3,,,,,,,,,,,,
,,,,,,,,,,,,,,,,,6.715,3.245983124,3.3,,,,,,,,,,,,
,,,,,,,,,,,,,,,,,6.716,3.244371414,3.3,,,,,,,,,,,,
,,,,,,,,,,,,,,,,,6.717,3.245177269,3.3,,,,,,,,,,,,
,,,,,,,,,,,,,,,,,6.718,3.246788979,3.3,,,,,,,,,,,,
,,,,,,,,,,,,,,,,,6.719,3.246788979,3.3,,,,,,,,,,,,
,,,,,,,,,,,,,,,,,6.72,3.251624107,3.3,,,,,,,,,,,,
,,,,,,,,,,,,,,,,,6.721,3.24195385,3.3,,,,,,,,,,,,
,,,,,,,,,,,,,,,,,6.722,3.24195385,3.3,,,,,,,,,,,,
,,,,,,,,,,,,,,,,,6.723,3.248400688,3.3,,,,,,,,,,,,
,,,,,,,,,,,,,,,,,6.724,3.245177269,3.3,,,,,,,,,,,,
,,,,,,,,,,,,,,,,,6.725,3.245177269,3.3,,,,,,,,,,,,
,,,,,,,,,,,,,,,,,6.726,3.241147995,3.3,,,,,,,,,,,,
,,,,,,,,,,,,,,,,,6.727,3.245177269,3.3,,,,,,,,,,,,
,,,,,,,,,,,,,,,,,6.728,3.24195385,3.3,,,,,,,,,,,,
,,,,,,,,,,,,,,,,,6.729,3.247594833,3.3,,,,,,,,,,,,
,,,,,,,,,,,,,,,,,6.73,3.244371414,3.3,,,,,,,,,,,,
,,,,,,,,,,,,,,,,,6.731,3.245177269,3.3,,,,,,,,,,,,
,,,,,,,,,,,,,,,,,6.732,3.247594833,3.3,,,,,,,,,,,,
,,,,,,,,,,,,,,,,,6.733,3.247594833,3.3,,,,,,,,,,,,
,,,,,,,,,,,,,,,,,6.734,3.245177269,3.3,,,,,,,,,,,,
,,,,,,,,,,,,,,,,,6.735,3.245983124,3.3,,,,,,,,,,,,
,,,,,,,,,,,,,,,,,6.736,3.24195385,3.3,,,,,,,,,,,,
,,,,,,,,,,,,,,,,,6.737,3.248400688,3.3,,,,,,,,,,,,
,,,,,,,,,,,,,,,,,6.738,3.245177269,3.3,,,,,,,,,,,,
,,,,,,,,,,,,,,,,,6.739,3.246788979,3.3,,,,,,,,,,,,
,,,,,,,,,,,,,,,,,6.74,3.245177269,3.3,,,,,,,,,,,,
,,,,,,,,,,,,,,,,,6.741,3.245983124,3.3,,,,,,,,,,,,
,,,,,,,,,,,,,,,,,6.742,3.245983124,3.3,,,,,,,,,,,,
,,,,,,,,,,,,,,,,,6.743,3.237118721,3.3,,,,,,,,,,,,
,,,,,,,,,,,,,,,,,6.744,3.235507011,3.3,,,,,,,,,,,,
,,,,,,,,,,,,,,,,,6.745,3.237118721,3.3,,,,,,,,,,,,
,,,,,,,,,,,,,,,,,6.746,3.234701157,3.3,,,,,,,,,,,,
,,,,,,,,,,,,,,,,,6.747,3.228254318,3.3,,,,,,,,,,,,
,,,,,,,,,,,,,,,,,6.748,3.226642609,3.3,,,,,,,,,,,,
,,,,,,,,,,,,,,,,,6.749,3.229866028,3.3,,,,,,,,,,,,
,,,,,,,,,,,,,,,,,6.75,3.229866028,3.3,,,,,,,,,,,,
,,,,,,,,,,,,,,,,,6.751,3.232283592,3.3,,,,,,,,,,,,
,,,,,,,,,,,,,,,,,6.752,3.226642609,3.3,,,,,,,,,,,,
,,,,,,,,,,,,,,,,,6.753,3.229866028,3.3,,,,,,,,,,,,
,,,,,,,,,,,,,,,,,6.754,3.233895302,3.3,,,,,,,,,,,,
,,,,,,,,,,,,,,,,,6.755,3.233089447,3.3,,,,,,,,,,,,
,,,,,,,,,,,,,,,,,6.756,3.226642609,3.3,,,,,,,,,,,,
,,,,,,,,,,,,,,,,,6.757,3.219389915,3.3,,,,,,,,,,,,
,,,,,,,,,,,,,,,,,6.758,3.216972351,3.3,,,,,,,,,,,,
,,,,,,,,,,,,,,,,,6.759,3.218584061,3.3,,,,,,,,,,,,
,,,,,,,,,,,,,,,,,6.76,3.218584061,3.3,,,,,,,,,,,,
,,,,,,,,,,,,,,,,,6.761,3.216166496,3.3,,,,,,,,,,,,
,,,,,,,,,,,,,,,,,6.762,3.208913803,3.3,,,,,,,,,,,,
,,,,,,,,,,,,,,,,,6.763,3.20327282,3.3,,,,,,,,,,,,
,,,,,,,,,,,,,,,,,6.764,3.205690384,3.3,,,,,,,,,,,,
,,,,,,,,,,,,,,,,,6.765,3.202466965,3.3,,,,,,,,,,,,
,,,,,,,,,,,,,,,,,6.766,3.20166111,3.3,,,,,,,,,,,,
,,,,,,,,,,,,,,,,,6.767,3.199243546,3.3,,,,,,,,,,,,
,,,,,,,,,,,,,,,,,6.768,3.200855255,3.3,,,,,,,,,,,,
,,,,,,,,,,,,,,,,,6.769,3.195214272,3.3,,,,,,,,,,,,
,,,,,,,,,,,,,,,,,6.77,3.195214272,3.3,,,,,,,,,,,,
,,,,,,,,,,,,,,,,,6.771,3.195214272,3.3,,,,,,,,,,,,
,,,,,,,,,,,,,,,,,6.772,3.186349869,3.3,,,,,,,,,,,,
,,,,,,,,,,,,,,,,,6.773,3.192796707,3.3,,,,,,,,,,,,
,,,,,,,,,,,,,,,,,6.774,3.188767433,3.3,,,,,,,,,,,,
,,,,,,,,,,,,,,,,,6.775,3.186349869,3.3,,,,,,,,,,,,
,,,,,,,,,,,,,,,,,6.776,3.184738159,3.3,,,,,,,,,,,,
,,,,,,,,,,,,,,,,,6.777,3.180708885,3.3,,,,,,,,,,,,
,,,,,,,,,,,,,,,,,6.778,3.17990303,3.3,,,,,,,,,,,,
,,,,,,,,,,,,,,,,,6.779,3.175873756,3.3,,,,,,,,,,,,
,,,,,,,,,,,,,,,,,6.78,3.173456192,3.3,,,,,,,,,,,,
,,,,,,,,,,,,,,,,,6.781,3.174262047,3.3,,,,,,,,,,,,
,,,,,,,,,,,,,,,,,6.782,3.164591789,3.3,,,,,,,,,,,,
,,,,,,,,,,,,,,,,,6.783,3.167009354,3.3,,,,,,,,,,,,
,,,,,,,,,,,,,,,,,6.784,3.16136837,3.3,,,,,,,,,,,,
,,,,,,,,,,,,,,,,,6.785,3.15975666,3.3,,,,,,,,,,,,
,,,,,,,,,,,,,,,,,6.786,3.154921532,3.3,,,,,,,,,,,,
,,,,,,,,,,,,,,,,,6.787,3.160562515,3.3,,,,,,,,,,,,
,,,,,,,,,,,,,,,,,6.788,3.164591789,3.3,,,,,,,,,,,,
,,,,,,,,,,,,,,,,,6.789,3.154921532,3.3,,,,,,,,,,,,
,,,,,,,,,,,,,,,,,6.79,3.148474693,3.3,,,,,,,,,,,,
,,,,,,,,,,,,,,,,,6.791,3.149280548,3.3,,,,,,,,,,,,
,,,,,,,,,,,,,,,,,6.792,3.153309822,3.3,,,,,,,,,,,,
,,,,,,,,,,,,,,,,,6.793,3.149280548,3.3,,,,,,,,,,,,
,,,,,,,,,,,,,,,,,6.794,3.14283371,3.3,,,,,,,,,,,,
,,,,,,,,,,,,,,,,,6.795,3.138804436,3.3,,,,,,,,,,,,
,,,,,,,,,,,,,,,,,6.796,3.137998581,3.3,,,,,,,,,,,,
,,,,,,,,,,,,,,,,,6.797,3.136386871,3.3,,,,,,,,,,,,
,,,,,,,,,,,,,,,,,6.798,3.137192726,3.3,,,,,,,,,,,,
,,,,,,,,,,,,,,,,,6.799,3.134775162,3.3,,,,,,,,,,,,
,,,,,,,,,,,,,,,,,6.8,3.131551743,3.3,,,,,,,,,,,,
,,,,,,,,,,,,,,,,,6.801,3.12268734,3.3,,,,,,,,,,,,
,,,,,,,,,,,,,,,,,6.802,3.123493195,3.3,,,,,,,,,,,,
,,,,,,,,,,,,,,,,,6.803,3.125104904,3.3,,,,,,,,,,,,
,,,,,,,,,,,,,,,,,6.804,3.12268734,3.3,,,,,,,,,,,,
,,,,,,,,,,,,,,,,,6.805,3.125910759,3.3,,,,,,,,,,,,
,,,,,,,,,,,,,,,,,6.806,3.12107563,3.3,,,,,,,,,,,,
,,,,,,,,,,,,,,,,,6.807,3.115434647,3.3,,,,,,,,,,,,
,,,,,,,,,,,,,,,,,6.808,3.116240501,3.3,,,,,,,,,,,,
,,,,,,,,,,,,,,,,,6.809,3.119463921,3.3,,,,,,,,,,,,
,,,,,,,,,,,,,,,,,6.81,3.112211227,3.3,,,,,,,,,,,,
,,,,,,,,,,,,,,,,,6.811,3.107376099,3.3,,,,,,,,,,,,
,,,,,,,,,,,,,,,,,6.812,3.108987808,3.3,,,,,,,,,,,,
,,,,,,,,,,,,,,,,,6.813,3.106570244,3.3,,,,,,,,,,,,
,,,,,,,,,,,,,,,,,6.814,3.096094131,3.3,,,,,,,,,,,,
,,,,,,,,,,,,,,,,,6.815,3.100123405,3.3,,,,,,,,,,,,
,,,,,,,,,,,,,,,,,6.816,3.096094131,3.3,,,,,,,,,,,,
,,,,,,,,,,,,,,,,,6.817,3.097705841,3.3,,,,,,,,,,,,
,,,,,,,,,,,,,,,,,6.818,3.093676567,3.3,,,,,,,,,,,,
,,,,,,,,,,,,,,,,,6.819,3.091259003,3.3,,,,,,,,,,,,
,,,,,,,,,,,,,,,,,6.82,3.083200455,3.3,,,,,,,,,,,,
,,,,,,,,,,,,,,,,,6.821,3.079977036,3.3,,,,,,,,,,,,
,,,,,,,,,,,,,,,,,6.822,3.087229729,3.3,,,,,,,,,,,,
,,,,,,,,,,,,,,,,,6.823,3.078365326,3.3,,,,,,,,,,,,
,,,,,,,,,,,,,,,,,6.824,3.081588745,3.3,,,,,,,,,,,,
,,,,,,,,,,,,,,,,,6.825,3.072724342,3.3,,,,,,,,,,,,
,,,,,,,,,,,,,,,,,6.826,3.072724342,3.3,,,,,,,,,,,,
,,,,,,,,,,,,,,,,,6.827,3.071112633,3.3,,,,,,,,,,,,
,,,,,,,,,,,,,,,,,6.828,3.065471649,3.3,,,,,,,,,,,,
,,,,,,,,,,,,,,,,,6.829,3.063054085,3.3,,,,,,,,,,,,
,,,,,,,,,,,,,,,,,6.83,3.063054085,3.3,,,,,,,,,,,,
,,,,,,,,,,,,,,,,,6.831,3.056607246,3.3,,,,,,,,,,,,
,,,,,,,,,,,,,,,,,6.832,3.058218956,3.3,,,,,,,,,,,,
,,,,,,,,,,,,,,,,,6.833,3.049354553,3.3,,,,,,,,,,,,
,,,,,,,,,,,,,,,,,6.834,3.048548698,3.3,,,,,,,,,,,,
,,,,,,,,,,,,,,,,,6.835,3.048548698,3.3,,,,,,,,,,,,
,,,,,,,,,,,,,,,,,6.836,3.046936989,3.3,,,,,,,,,,,,
,,,,,,,,,,,,,,,,,6.837,3.047742844,3.3,,,,,,,,,,,,
,,,,,,,,,,,,,,,,,6.838,3.037266731,3.3,,,,,,,,,,,,
,,,,,,,,,,,,,,,,,6.839,3.04371357,3.3,,,,,,,,,,,,
,,,,,,,,,,,,,,,,,6.84,3.039684296,3.3,,,,,,,,,,,,
,,,,,,,,,,,,,,,,,6.841,3.029208183,3.3,,,,,,,,,,,,
,,,,,,,,,,,,,,,,,6.842,3.021149635,3.3,,,,,,,,,,,,
,,,,,,,,,,,,,,,,,6.843,3.022761345,3.3,,,,,,,,,,,,
,,,,,,,,,,,,,,,,,6.844,3.018732071,3.3,,,,,,,,,,,,
,,,,,,,,,,,,,,,,,6.845,3.015508652,3.3,,,,,,,,,,,,
,,,,,,,,,,,,,,,,,6.846,3.017120361,3.3,,,,,,,,,,,,
,,,,,,,,,,,,,,,,,6.847,3.021149635,3.3,,,,,,,,,,,,
,,,,,,,,,,,,,,,,,6.848,3.008255959,3.3,,,,,,,,,,,,
,,,,,,,,,,,,,,,,,6.849,3.011479378,3.3,,,,,,,,,,,,
,,,,,,,,,,,,,,,,,6.85,3.005032539,3.3,,,,,,,,,,,,
,,,,,,,,,,,,,,,,,6.851,3.004226685,3.3,,,,,,,,,,,,
,,,,,,,,,,,,,,,,,6.852,2.999391556,3.3,,,,,,,,,,,,
,,,,,,,,,,,,,,,,,6.853,2.997779846,3.3,,,,,,,,,,,,
,,,,,,,,,,,,,,,,,6.854,2.991333008,3.3,,,,,,,,,,,,
,,,,,,,,,,,,,,,,,6.855,2.995362282,3.3,,,,,,,,,,,,
,,,,,,,,,,,,,,,,,6.856,2.987303734,3.3,,,,,,,,,,,,
,,,,,,,,,,,,,,,,,6.857,2.986497879,3.3,,,,,,,,,,,,
,,,,,,,,,,,,,,,,,6.858,2.975215912,3.3,,,,,,,,,,,,
,,,,,,,,,,,,,,,,,6.859,2.976021767,3.3,,,,,,,,,,,,
,,,,,,,,,,,,,,,,,6.86,2.971992493,3.3,,,,,,,,,,,,
,,,,,,,,,,,,,,,,,6.861,2.971186638,3.3,,,,,,,,,,,,
,,,,,,,,,,,,,,,,,6.862,2.966351509,3.3,,,,,,,,,,,,
,,,,,,,,,,,,,,,,,6.863,2.971992493,3.3,,,,,,,,,,,,
,,,,,,,,,,,,,,,,,6.864,2.966351509,3.3,,,,,,,,,,,,
,,,,,,,,,,,,,,,,,6.865,2.959904671,3.3,,,,,,,,,,,,
,,,,,,,,,,,,,,,,,6.866,2.956681252,3.3,,,,,,,,,,,,
,,,,,,,,,,,,,,,,,6.867,2.956681252,3.3,,,,,,,,,,,,
,,,,,,,,,,,,,,,,,6.868,2.950234413,3.3,,,,,,,,,,,,
,,,,,,,,,,,,,,,,,6.869,2.949428558,3.3,,,,,,,,,,,,
,,,,,,,,,,,,,,,,,6.87,2.947010994,3.3,,,,,,,,,,,,
,,,,,,,,,,,,,,,,,6.871,2.936534882,3.3,,,,,,,,,,,,
,,,,,,,,,,,,,,,,,6.872,2.940564156,3.3,,,,,,,,,,,,
,,,,,,,,,,,,,,,,,6.873,2.94137001,3.3,,,,,,,,,,,,
,,,,,,,,,,,,,,,,,6.874,2.934923172,3.3,,,,,,,,,,,,
,,,,,,,,,,,,,,,,,6.875,2.930893898,3.3,,,,,,,,,,,,
,,,,,,,,,,,,,,,,,6.876,2.928476334,3.3,,,,,,,,,,,,
,,,,,,,,,,,,,,,,,6.877,2.926864624,3.3,,,,,,,,,,,,
,,,,,,,,,,,,,,,,,6.878,2.920417786,3.3,,,,,,,,,,,,
,,,,,,,,,,,,,,,,,6.879,2.918806076,3.3,,,,,,,,,,,,
,,,,,,,,,,,,,,,,,6.88,2.918000221,3.3,,,,,,,,,,,,
,,,,,,,,,,,,,,,,,6.881,2.926058769,3.3,,,,,,,,,,,,
,,,,,,,,,,,,,,,,,6.882,2.901883125,3.3,,,,,,,,,,,,
,,,,,,,,,,,,,,,,,6.883,2.90268898,3.3,,,,,,,,,,,,
,,,,,,,,,,,,,,,,,6.884,2.909135818,3.3,,,,,,,,,,,,
,,,,,,,,,,,,,,,,,6.885,2.899465561,3.3,,,,,,,,,,,,
,,,,,,,,,,,,,,,,,6.886,2.897853851,3.3,,,,,,,,,,,,
,,,,,,,,,,,,,,,,,6.887,2.894630432,3.3,,,,,,,,,,,,
,,,,,,,,,,,,,,,,,6.888,2.890601158,3.3,,,,,,,,,,,,
,,,,,,,,,,,,,,,,,6.889,2.887377739,3.3,,,,,,,,,,,,
,,,,,,,,,,,,,,,,,6.89,2.889795303,3.3,,,,,,,,,,,,
,,,,,,,,,,,,,,,,,6.891,2.881736755,3.3,,,,,,,,,,,,
,,,,,,,,,,,,,,,,,6.892,2.887377739,3.3,,,,,,,,,,,,
,,,,,,,,,,,,,,,,,6.893,2.88254261,3.3,,,,,,,,,,,,
,,,,,,,,,,,,,,,,,6.894,2.872066498,3.3,,,,,,,,,,,,
,,,,,,,,,,,,,,,,,6.895,2.88415432,3.3,,,,,,,,,,,,
,,,,,,,,,,,,,,,,,6.896,2.875289917,3.3,,,,,,,,,,,,
,,,,,,,,,,,,,,,,,6.897,2.873678207,3.3,,,,,,,,,,,,
,,,,,,,,,,,,,,,,,6.898,2.858366966,3.3,,,,,,,,,,,,
,,,,,,,,,,,,,,,,,6.899,2.867231369,3.3,,,,,,,,,,,,
,,,,,,,,,,,,,,,,,6.9,2.856755257,3.3,,,,,,,,,,,,
,,,,,,,,,,,,,,,,,6.901,2.861590385,3.3,,,,,,,,,,,,
,,,,,,,,,,,,,,,,,6.902,2.866425514,3.3,,,,,,,,,,,,
,,,,,,,,,,,,,,,,,6.903,2.858366966,3.3,,,,,,,,,,,,
,,,,,,,,,,,,,,,,,6.904,2.844667435,3.3,,,,,,,,,,,,
,,,,,,,,,,,,,,,,,6.905,2.844667435,3.3,,,,,,,,,,,,
,,,,,,,,,,,,,,,,,6.906,2.505402565,3.3,,,,,,,,,,,,
,,,,,,,,,,,,,,,,,6.907,2.497344017,3.3,,,,,,,,,,,,
,,,,,,,,,,,,,,,,,6.908,2.495732307,3.3,,,,,,,,,,,,
,,,,,,,,,,,,,,,,,6.909,2.492508888,3.3,,,,,,,,,,,,
,,,,,,,,,,,,,,,,,6.91,2.497344017,3.3,,,,,,,,,,,,
,,,,,,,,,,,,,,,,,6.911,2.498955727,3.3,,,,,,,,,,,,
,,,,,,,,,,,,,,,,,6.912,2.502985001,3.3,,,,,,,,,,,,
,,,,,,,,,,,,,,,,,6.913,2.478809357,3.3,,,,,,,,,,,,
,,,,,,,,,,,,,,,,,6.914,2.492508888,3.3,,,,,,,,,,,,
,,,,,,,,,,,,,,,,,6.915,2.489285469,3.3,,,,,,,,,,,,
,,,,,,,,,,,,,,,,,6.916,2.490091324,3.3,,,,,,,,,,,,
,,,,,,,,,,,,,,,,,6.917,2.487673759,3.3,,,,,,,,,,,,
,,,,,,,,,,,,,,,,,6.918,2.461886406,3.3,,,,,,,,,,,,
,,,,,,,,,,,,,,,,,6.919,2.463498116,3.3,,,,,,,,,,,,
,,,,,,,,,,,,,,,,,6.92,2.472362518,3.3,,,,,,,,,,,,
,,,,,,,,,,,,,,,,,6.921,2.453022003,3.3,,,,,,,,,,,,
,,,,,,,,,,,,,,,,,6.922,2.470750809,3.3,,,,,,,,,,,,
,,,,,,,,,,,,,,,,,6.923,2.477197647,3.3,,,,,,,,,,,,
,,,,,,,,,,,,,,,,,6.924,2.469944954,3.3,,,,,,,,,,,,
,,,,,,,,,,,,,,,,,6.925,2.466721535,3.3,,,,,,,,,,,,
,,,,,,,,,,,,,,,,,6.926,2.462692261,3.3,,,,,,,,,,,,
,,,,,,,,,,,,,,,,,6.927,2.46430397,3.3,,,,,,,,,,,,
,,,,,,,,,,,,,,,,,6.928,2.461080551,3.3,,,,,,,,,,,,
,,,,,,,,,,,,,,,,,6.929,2.460274696,3.3,,,,,,,,,,,,
,,,,,,,,,,,,,,,,,6.93,2.46752739,3.3,,,,,,,,,,,,
,,,,,,,,,,,,,,,,,6.931,2.455439568,3.3,,,,,,,,,,,,
,,,,,,,,,,,,,,,,,6.932,2.465109825,3.3,,,,,,,,,,,,
,,,,,,,,,,,,,,,,,6.933,2.44576931,3.3,,,,,,,,,,,,
,,,,,,,,,,,,,,,,,6.934,2.460274696,3.3,,,,,,,,,,,,
,,,,,,,,,,,,,,,,,6.935,2.456245422,3.3,,,,,,,,,,,,
,,,,,,,,,,,,,,,,,6.936,2.457051277,3.3,,,,,,,,,,,,
,,,,,,,,,,,,,,,,,6.937,2.456245422,3.3,,,,,,,,,,,,
,,,,,,,,,,,,,,,,,6.938,2.468333244,3.3,,,,,,,,,,,,
,,,,,,,,,,,,,,,,,6.939,2.439322472,3.3,,,,,,,,,,,,
,,,,,,,,,,,,,,,,,6.94,2.452216148,3.3,,,,,,,,,,,,
,,,,,,,,,,,,,,,,,6.941,2.451410294,3.3,,,,,,,,,,,,
,,,,,,,,,,,,,,,,,6.942,2.444963455,3.3,,,,,,,,,,,,
,,,,,,,,,,,,,,,,,6.943,2.440128326,3.3,,,,,,,,,,,,
,,,,,,,,,,,,,,,,,6.944,2.441740036,3.3,,,,,,,,,,,,
,,,,,,,,,,,,,,,,,6.945,2.453022003,3.3,,,,,,,,,,,,
,,,,,,,,,,,,,,,,,6.946,2.433681488,3.3,,,,,,,,,,,,
,,,,,,,,,,,,,,,,,6.947,2.441740036,3.3,,,,,,,,,,,,
,,,,,,,,,,,,,,,,,6.948,2.438516617,3.3,,,,,,,,,,,,
,,,,,,,,,,,,,,,,,6.949,2.433681488,3.3,,,,,,,,,,,,
,,,,,,,,,,,,,,,,,6.95,2.439322472,3.3,,,,,,,,,,,,
,,,,,,,,,,,,,,,,,6.951,2.436099052,3.3,,,,,,,,,,,,
,,,,,,,,,,,,,,,,,6.952,2.426428795,3.3,,,,,,,,,,,,
,,,,,,,,,,,,,,,,,6.953,2.432069778,3.3,,,,,,,,,,,,
,,,,,,,,,,,,,,,,,6.954,2.435293198,3.3,,,,,,,,,,,,
,,,,,,,,,,,,,,,,,6.955,2.426428795,3.3,,,,,,,,,,,,
,,,,,,,,,,,,,,,,,6.956,2.423205376,3.3,,,,,,,,,,,,
,,,,,,,,,,,,,,,,,6.957,2.42562294,3.3,,,,,,,,,,,,
,,,,,,,,,,,,,,,,,6.958,2.415952682,3.3,,,,,,,,,,,,
,,,,,,,,,,,,,,,,,6.959,2.429652214,3.3,,,,,,,,,,,,
,,,,,,,,,,,,,,,,,6.96,2.423205376,3.3,,,,,,,,,,,,
,,,,,,,,,,,,,,,,,6.961,2.421593666,3.3,,,,,,,,,,,,
,,,,,,,,,,,,,,,,,6.962,2.423205376,3.3,,,,,,,,,,,,
,,,,,,,,,,,,,,,,,6.963,2.415146828,3.3,,,,,,,,,,,,
,,,,,,,,,,,,,,,,,6.964,2.415952682,3.3,,,,,,,,,,,,
,,,,,,,,,,,,,,,,,6.965,2.412729263,3.3,,,,,,,,,,,,
,,,,,,,,,,,,,,,,,6.966,2.419981956,3.3,,,,,,,,,,,,
,,,,,,,,,,,,,,,,,6.967,2.415146828,3.3,,,,,,,,,,,,
,,,,,,,,,,,,,,,,,6.968,2.406282425,3.3,,,,,,,,,,,,
,,,,,,,,,,,,,,,,,6.969,2.414340973,3.3,,,,,,,,,,,,
,,,,,,,,,,,,,,,,,6.97,2.414340973,3.3,,,,,,,,,,,,
,,,,,,,,,,,,,,,,,6.971,2.411117554,3.3,,,,,,,,,,,,
,,,,,,,,,,,,,,,,,6.972,2.397418022,3.3,,,,,,,,,,,,
,,,,,,,,,,,,,,,,,6.973,2.403059006,3.3,,,,,,,,,,,,
,,,,,,,,,,,,,,,,,6.974,2.408699989,3.3,,,,,,,,,,,,
,,,,,,,,,,,,,,,,,6.975,2.402253151,3.3,,,,,,,,,,,,
,,,,,,,,,,,,,,,,,6.976,2.399835587,3.3,,,,,,,,,,,,
,,,,,,,,,,,,,,,,,6.977,2.412729263,3.3,,,,,,,,,,,,
,,,,,,,,,,,,,,,,,6.978,2.393388748,3.3,,,,,,,,,,,,
,,,,,,,,,,,,,,,,,6.979,2.416758537,3.3,,,,,,,,,,,,
,,,,,,,,,,,,,,,,,6.98,2.399029732,3.3,,,,,,,,,,,,
,,,,,,,,,,,,,,,,,6.981,2.395000458,3.3,,,,,,,,,,,,
,,,,,,,,,,,,,,,,,6.982,2.399029732,3.3,,,,,,,,,,,,
,,,,,,,,,,,,,,,,,6.983,2.395806313,3.3,,,,,,,,,,,,
,,,,,,,,,,,,,,,,,6.984,2.395806313,3.3,,,,,,,,,,,,
,,,,,,,,,,,,,,,,,6.985,2.387747765,3.3,,,,,,,,,,,,
,,,,,,,,,,,,,,,,,6.986,2.391777039,3.3,,,,,,,,,,,,
,,,,,,,,,,,,,,,,,6.987,2.390165329,3.3,,,,,,,,,,,,
,,,,,,,,,,,,,,,,,6.988,2.375659943,3.3,,,,,,,,,,,,
,,,,,,,,,,,,,,,,,6.989,2.378883362,3.3,,,,,,,,,,,,
,,,,,,,,,,,,,,,,,6.99,2.387747765,3.3,,,,,,,,,,,,
,,,,,,,,,,,,,,,,,6.991,2.387747765,3.3,,,,,,,,,,,,
,,,,,,,,,,,,,,,,,6.992,2.394194603,3.3,,,,,,,,,,,,
,,,,,,,,,,,,,,,,,6.993,2.387747765,3.3,,,,,,,,,,,,
,,,,,,,,,,,,,,,,,6.994,2.381300926,3.3,,,,,,,,,,,,
,,,,,,,,,,,,,,,,,6.995,2.373242378,3.3,,,,,,,,,,,,
,,,,,,,,,,,,,,,,,6.996,2.36518383,3.3,,,,,,,,,,,,
,,,,,,,,,,,,,,,,,6.997,2.378883362,3.3,,,,,,,,,,,,
,,,,,,,,,,,,,,,,,6.998,2.378077507,3.3,,,,,,,,,,,,
,,,,,,,,,,,,,,,,,6.999,2.378883362,3.3,,,,,,,,,,,,
,,,,,,,,,,,,,,,,,7,2.374048233,3.3,,,,,,,,,,,,
,,,,,,,,,,,,,,,,,7.001,2.378883362,3.3,,,,,,,,,,,,
,,,,,,,,,,,,,,,,,7.002,2.36518383,3.3,,,,,,,,,,,,
,,,,,,,,,,,,,,,,,7.003,2.36679554,3.3,,,,,,,,,,,,
,,,,,,,,,,,,,,,,,7.004,2.372436523,3.3,,,,,,,,,,,,
,,,,,,,,,,,,,,,,,7.005,2.36679554,3.3,,,,,,,,,,,,
,,,,,,,,,,,,,,,,,7.006,2.368407249,3.3,,,,,,,,,,,,
,,,,,,,,,,,,,,,,,7.007,2.365989685,3.3,,,,,,,,,,,,
,,,,,,,,,,,,,,,,,7.008,2.361960411,3.3,,,,,,,,,,,,
,,,,,,,,,,,,,,,,,7.009,2.370018959,3.3,,,,,,,,,,,,
,,,,,,,,,,,,,,,,,7.01,2.359542847,3.3,,,,,,,,,,,,
,,,,,,,,,,,,,,,,,7.011,2.363572121,3.3,,,,,,,,,,,,
,,,,,,,,,,,,,,,,,7.012,2.357931137,3.3,,,,,,,,,,,,
,,,,,,,,,,,,,,,,,7.013,2.352290154,3.3,,,,,,,,,,,,
,,,,,,,,,,,,,,,,,7.014,2.351484299,3.3,,,,,,,,,,,,
,,,,,,,,,,,,,,,,,7.015,2.371630669,3.3,,,,,,,,,,,,
,,,,,,,,,,,,,,,,,7.016,2.354707718,3.3,,,,,,,,,,,,
,,,,,,,,,,,,,,,,,7.017,2.361154556,3.3,,,,,,,,,,,,
,,,,,,,,,,,,,,,,,7.018,2.353901863,3.3,,,,,,,,,,,,
,,,,,,,,,,,,,,,,,7.019,2.34503746,3.3,,,,,,,,,,,,
,,,,,,,,,,,,,,,,,7.02,2.34503746,3.3,,,,,,,,,,,,
,,,,,,,,,,,,,,,,,7.021,2.365989685,3.3,,,,,,,,,,,,
,,,,,,,,,,,,,,,,,7.022,2.34664917,3.3,,,,,,,,,,,,
,,,,,,,,,,,,,,,,,7.023,2.34826088,3.3,,,,,,,,,,,,
,,,,,,,,,,,,,,,,,7.024,2.34826088,3.3,,,,,,,,,,,,
,,,,,,,,,,,,,,,,,7.025,2.355513573,3.3,,,,,,,,,,,,
,,,,,,,,,,,,,,,,,7.026,2.34826088,3.3,,,,,,,,,,,,
,,,,,,,,,,,,,,,,,7.027,2.343425751,3.3,,,,,,,,,,,,
,,,,,,,,,,,,,,,,,7.028,2.353096008,3.3,,,,,,,,,,,,
,,,,,,,,,,,,,,,,,7.029,2.339396477,3.3,,,,,,,,,,,,
,,,,,,,,,,,,,,,,,7.03,2.34503746,3.3,,,,,,,,,,,,
,,,,,,,,,,,,,,,,,7.031,2.341814041,3.3,,,,,,,,,,,,
,,,,,,,,,,,,,,,,,7.032,2.329726219,3.3,,,,,,,,,,,,
,,,,,,,,,,,,,,,,,7.033,2.336978912,3.3,,,,,,,,,,,,
,,,,,,,,,,,,,,,,,7.034,2.333755493,3.3,,,,,,,,,,,,
,,,,,,,,,,,,,,,,,7.035,2.352290154,3.3,,,,,,,,,,,,
,,,,,,,,,,,,,,,,,7.036,2.32811451,3.3,,,,,,,,,,,,
,,,,,,,,,,,,,,,,,7.037,2.327308655,3.3,,,,,,,,,,,,
,,,,,,,,,,,,,,,,,7.038,2.327308655,3.3,,,,,,,,,,,,
,,,,,,,,,,,,,,,,,7.039,2.328920364,3.3,,,,,,,,,,,,
,,,,,,,,,,,,,,,,,7.04,2.332949638,3.3,,,,,,,,,,,,
,,,,,,,,,,,,,,,,,7.041,2.32811451,3.3,,,,,,,,,,,,
,,,,,,,,,,,,,,,,,7.042,2.335367203,3.3,,,,,,,,,,,,
,,,,,,,,,,,,,,,,,7.043,2.3265028,3.3,,,,,,,,,,,,
,,,,,,,,,,,,,,,,,7.044,2.331337929,3.3,,,,,,,,,,,,
,,,,,,,,,,,,,,,,,7.045,2.316026688,3.3,,,,,,,,,,,,
,,,,,,,,,,,,,,,,,7.046,2.321667671,3.3,,,,,,,,,,,,
,,,,,,,,,,,,,,,,,7.047,2.319250107,3.3,,,,,,,,,,,,
,,,,,,,,,,,,,,,,,7.048,2.311997414,3.3,,,,,,,,,,,,
,,,,,,,,,,,,,,,,,7.049,2.305550575,3.3,,,,,,,,,,,,
,,,,,,,,,,,,,,,,,7.05,2.316832542,3.3,,,,,,,,,,,,
,,,,,,,,,,,,,,,,,7.051,2.309579849,3.3,,,,,,,,,,,,
,,,,,,,,,,,,,,,,,7.052,2.319250107,3.3,,,,,,,,,,,,
,,,,,,,,,,,,,,,,,7.053,2.309579849,3.3,,,,,,,,,,,,
,,,,,,,,,,,,,,,,,7.054,2.317638397,3.3,,,,,,,,,,,,
,,,,,,,,,,,,,,,,,7.055,2.310385704,3.3,,,,,,,,,,,,
,,,,,,,,,,,,,,,,,7.056,2.316026688,3.3,,,,,,,,,,,,
,,,,,,,,,,,,,,,,,7.057,2.312803268,3.3,,,,,,,,,,,,
,,,,,,,,,,,,,,,,,7.058,2.309579849,3.3,,,,,,,,,,,,
,,,,,,,,,,,,,,,,,7.059,2.283792496,3.3,,,,,,,,,,,,
,,,,,,,,,,,,,,,,,7.06,2.296686172,3.3,,,,,,,,,,,,
,,,,,,,,,,,,,,,,,7.061,2.301521301,3.3,,,,,,,,,,,,
,,,,,,,,,,,,,,,,,7.062,2.301521301,3.3,,,,,,,,,,,,
,,,,,,,,,,,,,,,,,7.063,2.293462753,3.3,,,,,,,,,,,,
,,,,,,,,,,,,,,,,,7.064,2.285404205,3.3,,,,,,,,,,,,
,,,,,,,,,,,,,,,,,7.065,2.291045189,3.3,,,,,,,,,,,,
,,,,,,,,,,,,,,,,,7.066,2.296686172,3.3,,,,,,,,,,,,
,,,,,,,,,,,,,,,,,7.067,2.296686172,3.3,,,,,,,,,,,,
,,,,,,,,,,,,,,,,,7.068,2.090387344,3.3,,,,,,,,,,,,
,,,,,,,,,,,,,,,,,7.069,2.08796978,3.3,,,,,,,,,,,,
,,,,,,,,,,,,,,,,,7.07,2.065405846,3.3,,,,,,,,,,,,
,,,,,,,,,,,,,,,,,7.071,2.0662117,3.3,,,,,,,,,,,,
,,,,,,,,,,,,,,,,,7.072,2.079105377,3.3,,,,,,,,,,,,
,,,,,,,,,,,,,,,,,7.073,2.087163925,3.3,,,,,,,,,,,,
,,,,,,,,,,,,,,,,,7.074,2.075076103,3.3,,,,,,,,,,,,
,,,,,,,,,,,,,,,,,7.075,2.081522942,3.3,,,,,,,,,,,,
,,,,,,,,,,,,,,,,,7.076,2.103281021,3.3,,,,,,,,,,,,
,,,,,,,,,,,,,,,,,7.077,2.08796978,3.3,,,,,,,,,,,,
,,,,,,,,,,,,,,,,,7.078,2.077493668,3.3,,,,,,,,,,,,
,,,,,,,,,,,,,,,,,7.079,2.074270248,3.3,,,,,,,,,,,,
,,,,,,,,,,,,,,,,,7.08,2.072658539,3.3,,,,,,,,,,,,
,,,,,,,,,,,,,,,,,7.081,2.082328796,3.3,,,,,,,,,,,,
,,,,,,,,,,,,,,,,,7.082,2.064599991,3.3,,,,,,,,,,,,
,,,,,,,,,,,,,,,,,7.083,2.064599991,3.3,,,,,,,,,,,,
,,,,,,,,,,,,,,,,,7.084,2.067017555,3.3,,,,,,,,,,,,
,,,,,,,,,,,,,,,,,7.085,2.081522942,3.3,,,,,,,,,,,,
,,,,,,,,,,,,,,,,,7.086,2.067017555,3.3,,,,,,,,,,,,
,,,,,,,,,,,,,,,,,7.087,2.063794136,3.3,,,,,,,,,,,,
,,,,,,,,,,,,,,,,,7.088,2.071046829,3.3,,,,,,,,,,,,
,,,,,,,,,,,,,,,,,7.089,2.065405846,3.3,,,,,,,,,,,,
,,,,,,,,,,,,,,,,,7.09,2.064599991,3.3,,,,,,,,,,,,
,,,,,,,,,,,,,,,,,7.091,2.054123878,3.3,,,,,,,,,,,,
,,,,,,,,,,,,,,,,,7.092,2.051706314,3.3,,,,,,,,,,,,
,,,,,,,,,,,,,,,,,7.093,2.064599991,3.3,,,,,,,,,,,,
,,,,,,,,,,,,,,,,,7.094,2.058959007,3.3,,,,,,,,,,,,
,,,,,,,,,,,,,,,,,7.095,2.056541443,3.3,,,,,,,,,,,,
,,,,,,,,,,,,,,,,,7.096,2.055735588,3.3,,,,,,,,,,,,
,,,,,,,,,,,,,,,,,7.097,2.043647766,3.3,,,,,,,,,,,,
,,,,,,,,,,,,,,,,,7.098,2.044453621,3.3,,,,,,,,,,,,
,,,,,,,,,,,,,,,,,7.099,2.046065331,3.3,,,,,,,,,,,,
,,,,,,,,,,,,,,,,,7.1,2.060570717,3.3,,,,,,,,,,,,
,,,,,,,,,,,,,,,,,7.101,2.054123878,3.3,,,,,,,,,,,,
,,,,,,,,,,,,,,,,,7.102,2.054123878,3.3,,,,,,,,,,,,
,,,,,,,,,,,,,,,,,7.103,2.056541443,3.3,,,,,,,,,,,,
,,,,,,,,,,,,,,,,,7.104,2.050900459,3.3,,,,,,,,,,,,
,,,,,,,,,,,,,,,,,7.105,2.045259476,3.3,,,,,,,,,,,,
,,,,,,,,,,,,,,,,,7.106,2.045259476,3.3,,,,,,,,,,,,
,,,,,,,,,,,,,,,,,7.107,2.050094604,3.3,,,,,,,,,,,,
,,,,,,,,,,,,,,,,,7.108,2.046871185,3.3,,,,,,,,,,,,
,,,,,,,,,,,,,,,,,7.109,2.046065331,3.3,,,,,,,,,,,,
,,,,,,,,,,,,,,,,,7.11,2.034783363,3.3,,,,,,,,,,,,
,,,,,,,,,,,,,,,,,7.111,2.060570717,3.3,,,,,,,,,,,,
,,,,,,,,,,,,,,,,,7.112,2.039618492,3.3,,,,,,,,,,,,
,,,,,,,,,,,,,,,,,7.113,2.045259476,3.3,,,,,,,,,,,,
,,,,,,,,,,,,,,,,,7.114,2.042036057,3.3,,,,,,,,,,,,
,,,,,,,,,,,,,,,,,7.115,2.046065331,3.3,,,,,,,,,,,,
,,,,,,,,,,,,,,,,,7.116,2.02914238,3.3,,,,,,,,,,,,
,,,,,,,,,,,,,,,,,7.117,2.033171654,3.3,,,,,,,,,,,,
,,,,,,,,,,,,,,,,,7.118,2.039618492,3.3,,,,,,,,,,,,
,,,,,,,,,,,,,,,,,7.119,2.046065331,3.3,,,,,,,,,,,,
,,,,,,,,,,,,,,,,,7.12,2.037200928,3.3,,,,,,,,,,,,
,,,,,,,,,,,,,,,,,7.121,2.041230202,3.3,,,,,,,,,,,,
,,,,,,,,,,,,,,,,,7.122,2.041230202,3.3,,,,,,,,,,,,
,,,,,,,,,,,,,,,,,7.123,2.050900459,3.3,,,,,,,,,,,,
,,,,,,,,,,,,,,,,,7.124,2.029948235,3.3,,,,,,,,,,,,
,,,,,,,,,,,,,,,,,7.125,2.033977509,3.3,,,,,,,,,,,,
,,,,,,,,,,,,,,,,,7.126,2.019472122,3.3,,,,,,,,,,,,
,,,,,,,,,,,,,,,,,7.127,2.039618492,3.3,,,,,,,,,,,,
,,,,,,,,,,,,,,,,,7.128,2.018666267,3.3,,,,,,,,,,,,
,,,,,,,,,,,,,,,,,7.129,2.026724815,3.3,,,,,,,,,,,,
,,,,,,,,,,,,,,,,,7.13,2.038006783,3.3,,,,,,,,,,,,
,,,,,,,,,,,,,,,,,7.131,2.018666267,3.3,,,,,,,,,,,,
,,,,,,,,,,,,,,,,,7.132,2.032365799,3.3,,,,,,,,,,,,
,,,,,,,,,,,,,,,,,7.133,2.02753067,3.3,,,,,,,,,,,,
,,,,,,,,,,,,,,,,,7.134,2.029948235,3.3,,,,,,,,,,,,
,,,,,,,,,,,,,,,,,7.135,2.023501396,3.3,,,,,,,,,,,,
,,,,,,,,,,,,,,,,,7.136,2.017860413,3.3,,,,,,,,,,,,
,,,,,,,,,,,,,,,,,7.137,2.006578445,3.3,,,,,,,,,,,,
,,,,,,,,,,,,,,,,,7.138,2.025113106,3.3,,,,,,,,,,,,
,,,,,,,,,,,,,,,,,7.139,2.032365799,3.3,,,,,,,,,,,,
,,,,,,,,,,,,,,,,,7.14,2.021083832,3.3,,,,,,,,,,,,
,,,,,,,,,,,,,,,,,7.141,2.016248703,3.3,,,,,,,,,,,,
,,,,,,,,,,,,,,,,,7.142,2.010607719,3.3,,,,,,,,,,,,
,,,,,,,,,,,,,,,,,7.143,2.019472122,3.3,,,,,,,,,,,,
,,,,,,,,,,,,,,,,,7.144,2.013025284,3.3,,,,,,,,,,,,
,,,,,,,,,,,,,,,,,7.145,2.006578445,3.3,,,,,,,,,,,,
,,,,,,,,,,,,,,,,,7.146,2.000937462,3.3,,,,,,,,,,,,
,,,,,,,,,,,,,,,,,7.147,2.014636993,3.3,,,,,,,,,,,,
,,,,,,,,,,,,,,,,,7.148,2.009801865,3.3,,,,,,,,,,,,
,,,,,,,,,,,,,,,,,7.149,2.006578445,3.3,,,,,,,,,,,,
,,,,,,,,,,,,,,,,,7.15,2.010607719,3.3,,,,,,,,,,,,
,,,,,,,,,,,,,,,,,7.151,2.011413574,3.3,,,,,,,,,,,,
,,,,,,,,,,,,,,,,,7.152,2.016248703,3.3,,,,,,,,,,,,
,,,,,,,,,,,,,,,,,7.153,1.996102333,3.3,,,,,,,,,,,,
,,,,,,,,,,,,,,,,,7.154,2.001743317,3.3,,,,,,,,,,,,
,,,,,,,,,,,,,,,,,7.155,2.001743317,3.3,,,,,,,,,,,,
,,,,,,,,,,,,,,,,,7.156,2.005772591,3.3,,,,,,,,,,,,
,,,,,,,,,,,,,,,,,7.157,1.978373528,3.3,,,,,,,,,,,,
,,,,,,,,,,,,,,,,,7.158,2.001743317,3.3,,,,,,,,,,,,
,,,,,,,,,,,,,,,,,7.159,2.012219429,3.3,,,,,,,,,,,,
,,,,,,,,,,,,,,,,,7.16,1.996908188,3.3,,,,,,,,,,,,
,,,,,,,,,,,,,,,,,7.161,1.988043785,3.3,,,,,,,,,,,,
,,,,,,,,,,,,,,,,,7.162,2.003355026,3.3,,,,,,,,,,,,
,,,,,,,,,,,,,,,,,7.163,1.998519897,3.3,,,,,,,,,,,,
,,,,,,,,,,,,,,,,,7.164,1.994490623,3.3,,,,,,,,,,,,
,,,,,,,,,,,,,,,,,7.165,1.991267204,3.3,,,,,,,,,,,,
,,,,,,,,,,,,,,,,,7.166,1.994490623,3.3,,,,,,,,,,,,
,,,,,,,,,,,,,,,,,7.167,2.002549171,3.3,,,,,,,,,,,,
,,,,,,,,,,,,,,,,,7.168,1.996102333,3.3,,,,,,,,,,,,
,,,,,,,,,,,,,,,,,7.169,1.990461349,3.3,,,,,,,,,,,,
,,,,,,,,,,,,,,,,,7.17,1.981596947,3.3,,,,,,,,,,,,
,,,,,,,,,,,,,,,,,7.171,1.973538399,3.3,,,,,,,,,,,,
,,,,,,,,,,,,,,,,,7.172,1.990461349,3.3,,,,,,,,,,,,
,,,,,,,,,,,,,,,,,7.173,1.977567673,3.3,,,,,,,,,,,,
,,,,,,,,,,,,,,,,,7.174,1.984014511,3.3,,,,,,,,,,,,
,,,,,,,,,,,,,,,,,7.175,1.984014511,3.3,,,,,,,,,,,,
,,,,,,,,,,,,,,,,,7.176,1.98723793,3.3,,,,,,,,,,,,
,,,,,,,,,,,,,,,,,7.177,1.984820366,3.3,,,,,,,,,,,,
,,,,,,,,,,,,,,,,,7.178,1.961450577,3.3,,,,,,,,,,,,
,,,,,,,,,,,,,,,,,7.179,1.972732544,3.3,,,,,,,,,,,,
,,,,,,,,,,,,,,,,,7.18,1.985626221,3.3,,,,,,,,,,,,
,,,,,,,,,,,,,,,,,7.181,1.983208656,3.3,,,,,,,,,,,,
,,,,,,,,,,,,,,,,,7.182,1.975955963,3.3,,,,,,,,,,,,
,,,,,,,,,,,,,,,,,7.183,1.96870327,3.3,,,,,,,,,,,,
,,,,,,,,,,,,,,,,,7.184,1.980791092,3.3,,,,,,,,,,,,
,,,,,,,,,,,,,,,,,7.185,1.96709156,3.3,,,,,,,,,,,,
,,,,,,,,,,,,,,,,,7.186,1.972732544,3.3,,,,,,,,,,,,
,,,,,,,,,,,,,,,,,7.187,1.952586174,3.3,,,,,,,,,,,,
,,,,,,,,,,,,,,,,,7.188,1.961450577,3.3,,,,,,,,,,,,
,,,,,,,,,,,,,,,,,7.189,1.959838867,3.3,,,,,,,,,,,,
,,,,,,,,,,,,,,,,,7.19,1.973538399,3.3,,,,,,,,,,,,
,,,,,,,,,,,,,,,,,7.191,1.96709156,3.3,,,,,,,,,,,,
,,,,,,,,,,,,,,,,,7.192,1.954197884,3.3,,,,,,,,,,,,
,,,,,,,,,,,,,,,,,7.193,1.956615448,3.3,,,,,,,,,,,,
,,,,,,,,,,,,,,,,,7.194,1.955809593,3.3,,,,,,,,,,,,
,,,,,,,,,,,,,,,,,7.195,1.959838867,3.3,,,,,,,,,,,,
,,,,,,,,,,,,,,,,,7.196,1.963868141,3.3,,,,,,,,,,,,
,,,,,,,,,,,,,,,,,7.197,1.935663223,3.3,,,,,,,,,,,,
,,,,,,,,,,,,,,,,,7.198,1.944527626,3.3,,,,,,,,,,,,
,,,,,,,,,,,,,,,,,7.199,1.955809593,3.3,,,,,,,,,,,,
,,,,,,,,,,,,,,,,,7.2,1.939692497,3.3,,,,,,,,,,,,
,,,,,,,,,,,,,,,,,7.201,1.955809593,3.3,,,,,,,,,,,,
,,,,,,,,,,,,,,,,,7.202,1.943721771,3.3,,,,,,,,,,,,
,,,,,,,,,,,,,,,,,7.203,1.933245659,3.3,,,,,,,,,,,,
,,,,,,,,,,,,,,,,,7.204,1.949362755,3.3,,,,,,,,,,,,
,,,,,,,,,,,,,,,,,7.205,1.942110062,3.3,,,,,,,,,,,,
,,,,,,,,,,,,,,,,,7.206,1.936469078,3.3,,,,,,,,,,,,
,,,,,,,,,,,,,,,,,7.207,1.949362755,3.3,,,,,,,,,,,,
,,,,,,,,,,,,,,,,,7.208,1.941304207,3.3,,,,,,,,,,,,
,,,,,,,,,,,,,,,,,7.209,1.934051514,3.3,,,,,,,,,,,,
,,,,,,,,,,,,,,,,,7.21,1.93002224,3.3,,,,,,,,,,,,
,,,,,,,,,,,,,,,,,7.211,1.92679882,3.3,,,,,,,,,,,,
,,,,,,,,,,,,,,,,,7.212,1.936469078,3.3,,,,,,,,,,,,
,,,,,,,,,,,,,,,,,7.213,1.931633949,3.3,,,,,,,,,,,,
,,,,,,,,,,,,,,,,,7.214,1.939692497,3.3,,,,,,,,,,,,
,,,,,,,,,,,,,,,,,7.215,1.927604675,3.3,,,,,,,,,,,,
,,,,,,,,,,,,,,,,,7.216,1.92841053,3.3,,,,,,,,,,,,
,,,,,,,,,,,,,,,,,7.217,1.956615448,3.3,,,,,,,,,,,,
,,,,,,,,,,,,,,,,,7.218,1.914710999,3.3,,,,,,,,,,,,
,,,,,,,,,,,,,,,,,7.219,1.925992966,3.3,,,,,,,,,,,,
,,,,,,,,,,,,,,,,,7.22,1.925187111,3.3,,,,,,,,,,,,
,,,,,,,,,,,,,,,,,7.221,1.917128563,3.3,,,,,,,,,,,,
,,,,,,,,,,,,,,,,,7.222,1.917128563,3.3,,,,,,,,,,,,
,,,,,,,,,,,,,,,,,7.223,1.910681725,3.3,,,,,,,,,,,,
,,,,,,,,,,,,,,,,,7.224,1.925992966,3.3,,,,,,,,,,,,
,,,,,,,,,,,,,,,,,7.225,1.913905144,3.3,,,,,,,,,,,,
,,,,,,,,,,,,,,,,,7.226,1.924381256,3.3,,,,,,,,,,,,
,,,,,,,,,,,,,,,,,7.227,1.913905144,3.3,,,,,,,,,,,,
,,,,,,,,,,,,,,,,,7.228,1.909070015,3.3,,,,,,,,,,,,
,,,,,,,,,,,,,,,,,7.229,1.909070015,3.3,,,,,,,,,,,,
,,,,,,,,,,,,,,,,,7.23,1.740646362,3.3,,,,,,,,,,,,
,,,,,,,,,,,,,,,,,7.231,1.720499992,3.3,,,,,,,,,,,,
,,,,,,,,,,,,,,,,,7.232,1.747093201,3.3,,,,,,,,,,,,
,,,,,,,,,,,,,,,,,7.233,1.730976105,3.3,,,,,,,,,,,,
,,,,,,,,,,,,,,,,,7.234,1.723723412,3.3,,,,,,,,,,,,
,,,,,,,,,,,,,,,,,7.235,1.71163559,3.3,,,,,,,,,,,,
,,,,,,,,,,,,,,,,,7.236,1.718888283,3.3,,,,,,,,,,,,
,,,,,,,,,,,,,,,,,7.237,1.699547768,3.3,,,,,,,,,,,,
,,,,,,,,,,,,,,,,,7.238,1.713247299,3.3,,,,,,,,,,,,
,,,,,,,,,,,,,,,,,7.239,1.722917557,3.3,,,,,,,,,,,,
,,,,,,,,,,,,,,,,,7.24,1.706800461,3.3,,,,,,,,,,,,
,,,,,,,,,,,,,,,,,7.241,1.71002388,3.3,,,,,,,,,,,,
,,,,,,,,,,,,,,,,,7.242,1.718888283,3.3,,,,,,,,,,,,
,,,,,,,,,,,,,,,,,7.243,1.717276573,3.3,,,,,,,,,,,,
,,,,,,,,,,,,,,,,,7.244,1.716470718,3.3,,,,,,,,,,,,
,,,,,,,,,,,,,,,,,7.245,1.70841217,3.3,,,,,,,,,,,,
,,,,,,,,,,,,,,,,,7.246,1.717276573,3.3,,,,,,,,,,,,
,,,,,,,,,,,,,,,,,7.247,1.700353622,3.3,,,,,,,,,,,,
,,,,,,,,,,,,,,,,,7.248,1.698741913,3.3,,,,,,,,,,,,
,,,,,,,,,,,,,,,,,7.249,1.710829735,3.3,,,,,,,,,,,,
,,,,,,,,,,,,,,,,,7.25,1.696324348,3.3,,,,,,,,,,,,
,,,,,,,,,,,,,,,,,7.251,1.709218025,3.3,,,,,,,,,,,,
,,,,,,,,,,,,,,,,,7.252,1.698741913,3.3,,,,,,,,,,,,
,,,,,,,,,,,,,,,,,7.253,1.71163559,3.3,,,,,,,,,,,,
,,,,,,,,,,,,,,,,,7.254,1.702771187,3.3,,,,,,,,,,,,
,,,,,,,,,,,,,,,,,7.255,1.692295074,3.3,,,,,,,,,,,,
,,,,,,,,,,,,,,,,,7.256,1.699547768,3.3,,,,,,,,,,,,
,,,,,,,,,,,,,,,,,7.257,1.696324348,3.3,,,,,,,,,,,,
,,,,,,,,,,,,,,,,,7.258,1.699547768,3.3,,,,,,,,,,,,
,,,,,,,,,,,,,,,,,7.259,1.682624817,3.3,,,,,,,,,,,,
,,,,,,,,,,,,,,,,,7.26,1.6882658,3.3,,,,,,,,,,,,
,,,,,,,,,,,,,,,,,7.261,1.69148922,3.3,,,,,,,,,,,,
,,,,,,,,,,,,,,,,,7.262,1.689071655,3.3,,,,,,,,,,,,
,,,,,,,,,,,,,,,,,7.263,1.69148922,3.3,,,,,,,,,,,,
,,,,,,,,,,,,,,,,,7.264,1.687459946,3.3,,,,,,,,,,,,
,,,,,,,,,,,,,,,,,7.265,1.679401398,3.3,,,,,,,,,,,,
,,,,,,,,,,,,,,,,,7.266,1.674566269,3.3,,,,,,,,,,,,
,,,,,,,,,,,,,,,,,7.267,1.685042381,3.3,,,,,,,,,,,,
,,,,,,,,,,,,,,,,,7.268,1.690683365,3.3,,,,,,,,,,,,
,,,,,,,,,,,,,,,,,7.269,1.6882658,3.3,,,,,,,,,,,,
,,,,,,,,,,,,,,,,,7.27,1.695518494,3.3,,,,,,,,,,,,
,,,,,,,,,,,,,,,,,7.271,1.690683365,3.3,,,,,,,,,,,,
,,,,,,,,,,,,,,,,,7.272,1.678595543,3.3,,,,,,,,,,,,
,,,,,,,,,,,,,,,,,7.273,1.683430672,3.3,,,,,,,,,,,,
,,,,,,,,,,,,,,,,,7.274,1.666507721,3.3,,,,,,,,,,,,
,,,,,,,,,,,,,,,,,7.275,1.676177979,3.3,,,,,,,,,,,,
,,,,,,,,,,,,,,,,,7.276,1.673760414,3.3,,,,,,,,,,,,
,,,,,,,,,,,,,,,,,7.277,1.660866737,3.3,,,,,,,,,,,,
,,,,,,,,,,,,,,,,,7.278,1.689071655,3.3,,,,,,,,,,,,
,,,,,,,,,,,,,,,,,7.279,1.672148705,3.3,,,,,,,,,,,,
,,,,,,,,,,,,,,,,,7.28,1.677789688,3.3,,,,,,,,,,,,
,,,,,,,,,,,,,,,,,7.281,1.673760414,3.3,,,,,,,,,,,,
,,,,,,,,,,,,,,,,,7.282,1.668119431,3.3,,,,,,,,,,,,
,,,,,,,,,,,,,,,,,7.283,1.666507721,3.3,,,,,,,,,,,,
,,,,,,,,,,,,,,,,,7.284,1.655225754,3.3,,,,,,,,,,,,
,,,,,,,,,,,,,,,,,7.285,1.676177979,3.3,,,,,,,,,,,,
,,,,,,,,,,,,,,,,,7.286,1.663284302,3.3,,,,,,,,,,,,
,,,,,,,,,,,,,,,,,7.287,1.654419899,3.3,,,,,,,,,,,,
,,,,,,,,,,,,,,,,,7.288,1.645555496,3.3,,,,,,,,,,,,
,,,,,,,,,,,,,,,,,7.289,1.668119431,3.3,,,,,,,,,,,,
,,,,,,,,,,,,,,,,,7.29,1.657643318,3.3,,,,,,,,,,,,
,,,,,,,,,,,,,,,,,7.291,1.656031609,3.3,,,,,,,,,,,,
,,,,,,,,,,,,,,,,,7.292,1.660060883,3.3,,,,,,,,,,,,
,,,,,,,,,,,,,,,,,7.293,1.656031609,3.3,,,,,,,,,,,,
,,,,,,,,,,,,,,,,,7.294,1.65119648,3.3,,,,,,,,,,,,
,,,,,,,,,,,,,,,,,7.295,1.647167206,3.3,,,,,,,,,,,,
,,,,,,,,,,,,,,,,,7.296,1.656031609,3.3,,,,,,,,,,,,
,,,,,,,,,,,,,,,,,7.297,1.67134285,3.3,,,,,,,,,,,,
,,,,,,,,,,,,,,,,,7.298,1.658449173,3.3,,,,,,,,,,,,
,,,,,,,,,,,,,,,,,7.299,1.644749641,3.3,,,,,,,,,,,,
,,,,,,,,,,,,,,,,,7.3,1.641526222,3.3,,,,,,,,,,,,
,,,,,,,,,,,,,,,,,7.301,1.656031609,3.3,,,,,,,,,,,,
,,,,,,,,,,,,,,,,,7.302,1.648778915,3.3,,,,,,,,,,,,
,,,,,,,,,,,,,,,,,7.303,1.652002335,3.3,,,,,,,,,,,,
,,,,,,,,,,,,,,,,,7.304,1.645555496,3.3,,,,,,,,,,,,
,,,,,,,,,,,,,,,,,7.305,1.643943787,3.3,,,,,,,,,,,,
,,,,,,,,,,,,,,,,,7.306,1.653614044,3.3,,,,,,,,,,,,
,,,,,,,,,,,,,,,,,7.307,1.647973061,3.3,,,,,,,,,,,,
,,,,,,,,,,,,,,,,,7.308,1.655225754,3.3,,,,,,,,,,,,
,,,,,,,,,,,,,,,,,7.309,1.643137932,3.3,,,,,,,,,,,,
,,,,,,,,,,,,,,,,,7.31,1.631855965,3.3,,,,,,,,,,,,
,,,,,,,,,,,,,,,,,7.311,1.638302803,3.3,,,,,,,,,,,,
,,,,,,,,,,,,,,,,,7.312,1.639108658,3.3,,,,,,,,,,,,
,,,,,,,,,,,,,,,,,7.313,1.630244255,3.3,,,,,,,,,,,,
,,,,,,,,,,,,,,,,,7.314,1.645555496,3.3,,,,,,,,,,,,
,,,,,,,,,,,,,,,,,7.315,1.640720367,3.3,,,,,,,,,,,,
,,,,,,,,,,,,,,,,,7.316,1.633467674,3.3,,,,,,,,,,,,
,,,,,,,,,,,,,,,,,7.317,1.635079384,3.3,,,,,,,,,,,,
,,,,,,,,,,,,,,,,,7.318,1.630244255,3.3,,,,,,,,,,,,
,,,,,,,,,,,,,,,,,7.319,1.627020836,3.3,,,,,,,,,,,,
,,,,,,,,,,,,,,,,,7.32,1.636691093,3.3,,,,,,,,,,,,
,,,,,,,,,,,,,,,,,7.321,1.633467674,3.3,,,,,,,,,,,,
,,,,,,,,,,,,,,,,,7.322,1.626214981,3.3,,,,,,,,,,,,
,,,,,,,,,,,,,,,,,7.323,1.639108658,3.3,,,,,,,,,,,,
,,,,,,,,,,,,,,,,,7.324,1.633467674,3.3,,,,,,,,,,,,
,,,,,,,,,,,,,,,,,7.325,1.622185707,3.3,,,,,,,,,,,,
,,,,,,,,,,,,,,,,,7.326,1.639108658,3.3,,,,,,,,,,,,
,,,,,,,,,,,,,,,,,7.327,1.621379852,3.3,,,,,,,,,,,,
,,,,,,,,,,,,,,,,,7.328,1.634273529,3.3,,,,,,,,,,,,
,,,,,,,,,,,,,,,,,7.329,1.635885239,3.3,,,,,,,,,,,,
,,,,,,,,,,,,,,,,,7.33,1.614933014,3.3,,,,,,,,,,,,
,,,,,,,,,,,,,,,,,7.331,1.628632545,3.3,,,,,,,,,,,,
,,,,,,,,,,,,,,,,,7.332,1.627020836,3.3,,,,,,,,,,,,
,,,,,,,,,,,,,,,,,7.333,1.622991562,3.3,,,,,,,,,,,,
,,,,,,,,,,,,,,,,,7.334,1.614127159,3.3,,,,,,,,,,,,
,,,,,,,,,,,,,,,,,7.335,1.623797417,3.3,,,,,,,,,,,,
,,,,,,,,,,,,,,,,,7.336,1.628632545,3.3,,,,,,,,,,,,
,,,,,,,,,,,,,,,,,7.337,1.614127159,3.3,,,,,,,,,,,,
,,,,,,,,,,,,,,,,,7.338,1.617350578,3.3,,,,,,,,,,,,
,,,,,,,,,,,,,,,,,7.339,1.61090374,3.3,,,,,,,,,,,,
,,,,,,,,,,,,,,,,,7.34,1.620573997,3.3,,,,,,,,,,,,
,,,,,,,,,,,,,,,,,7.341,1.621379852,3.3,,,,,,,,,,,,
,,,,,,,,,,,,,,,,,7.342,1.615738869,3.3,,,,,,,,,,,,
,,,,,,,,,,,,,,,,,7.343,1.611709595,3.3,,,,,,,,,,,,
,,,,,,,,,,,,,,,,,7.344,1.620573997,3.3,,,,,,,,,,,,
,,,,,,,,,,,,,,,,,7.345,1.619768143,3.3,,,,,,,,,,,,
,,,,,,,,,,,,,,,,,7.346,1.615738869,3.3,,,,,,,,,,,,
,,,,,,,,,,,,,,,,,7.347,1.617350578,3.3,,,,,,,,,,,,
,,,,,,,,,,,,,,,,,7.348,1.605262756,3.3,,,,,,,,,,,,
,,,,,,,,,,,,,,,,,7.349,1.611709595,3.3,,,,,,,,,,,,
,,,,,,,,,,,,,,,,,7.35,1.617350578,3.3,,,,,,,,,,,,
,,,,,,,,,,,,,,,,,7.351,1.607680321,3.3,,,,,,,,,,,,
,,,,,,,,,,,,,,,,,7.352,1.614127159,3.3,,,,,,,,,,,,
,,,,,,,,,,,,,,,,,7.353,1.603651047,3.3,,,,,,,,,,,,
,,,,,,,,,,,,,,,,,7.354,1.618156433,3.3,,,,,,,,,,,,
,,,,,,,,,,,,,,,,,7.355,1.625409126,3.3,,,,,,,,,,,,
,,,,,,,,,,,,,,,,,7.356,1.602039337,3.3,,,,,,,,,,,,
,,,,,,,,,,,,,,,,,7.357,1.615738869,3.3,,,,,,,,,,,,
,,,,,,,,,,,,,,,,,7.358,1.598010063,3.3,,,,,,,,,,,,
,,,,,,,,,,,,,,,,,7.359,1.620573997,3.3,,,,,,,,,,,,
,,,,,,,,,,,,,,,,,7.36,1.598815918,3.3,,,,,,,,,,,,
,,,,,,,,,,,,,,,,,7.361,1.596398354,3.3,,,,,,,,,,,,
,,,,,,,,,,,,,,,,,7.362,1.599621773,3.3,,,,,,,,,,,,
,,,,,,,,,,,,,,,,,7.363,1.606068611,3.3,,,,,,,,,,,,
,,,,,,,,,,,,,,,,,7.364,1.602845192,3.3,,,,,,,,,,,,
,,,,,,,,,,,,,,,,,7.365,1.594786644,3.3,,,,,,,,,,,,
,,,,,,,,,,,,,,,,,7.366,1.604456902,3.3,,,,,,,,,,,,
,,,,,,,,,,,,,,,,,7.367,1.604456902,3.3,,,,,,,,,,,,
,,,,,,,,,,,,,,,,,7.368,1.577057838,3.3,,,,,,,,,,,,
,,,,,,,,,,,,,,,,,7.369,1.600427628,3.3,,,,,,,,,,,,
,,,,,,,,,,,,,,,,,7.37,1.601233482,3.3,,,,,,,,,,,,
,,,,,,,,,,,,,,,,,7.371,1.593980789,3.3,,,,,,,,,,,,
,,,,,,,,,,,,,,,,,7.372,1.587533951,3.3,,,,,,,,,,,,
,,,,,,,,,,,,,,,,,7.373,1.591563225,3.3,,,,,,,,,,,,
,,,,,,,,,,,,,,,,,7.374,1.601233482,3.3,,,,,,,,,,,,
,,,,,,,,,,,,,,,,,7.375,1.582698822,3.3,,,,,,,,,,,,
,,,,,,,,,,,,,,,,,7.376,1.570611,3.3,,,,,,,,,,,,
,,,,,,,,,,,,,,,,,7.377,1.579475403,3.3,,,,,,,,,,,,
,,,,,,,,,,,,,,,,,7.378,1.580281258,3.3,,,,,,,,,,,,
,,,,,,,,,,,,,,,,,7.379,1.589951515,3.3,,,,,,,,,,,,
,,,,,,,,,,,,,,,,,7.38,1.581892967,3.3,,,,,,,,,,,,
,,,,,,,,,,,,,,,,,7.381,1.588339806,3.3,,,,,,,,,,,,
,,,,,,,,,,,,,,,,,7.382,1.581087112,3.3,,,,,,,,,,,,
,,,,,,,,,,,,,,,,,7.383,1.59075737,3.3,,,,,,,,,,,,
,,,,,,,,,,,,,,,,,7.384,1.585116386,3.3,,,,,,,,,,,,
,,,,,,,,,,,,,,,,,7.385,1.585116386,3.3,,,,,,,,,,,,
,,,,,,,,,,,,,,,,,7.386,1.585116386,3.3,,,,,,,,,,,,
,,,,,,,,,,,,,,,,,7.387,1.574640274,3.3,,,,,,,,,,,,
,,,,,,,,,,,,,,,,,7.388,1.574640274,3.3,,,,,,,,,,,,
,,,,,,,,,,,,,,,,,7.389,1.581087112,3.3,,,,,,,,,,,,
,,,,,,,,,,,,,,,,,7.39,1.596398354,3.3,,,,,,,,,,,,
,,,,,,,,,,,,,,,,,7.391,1.575446129,3.3,,,,,,,,,,,,
,,,,,,,,,,,,,,,,,7.392,1.575446129,3.3,,,,,,,,,,,,
,,,,,,,,,,,,,,,,,7.393,1.377205849,3.3,,,,,,,,,,,,
,,,,,,,,,,,,,,,,,7.394,1.37237072,3.3,,,,,,,,,,,,
,,,,,,,,,,,,,,,,,7.395,1.378011703,3.3,,,,,,,,,,,,
,,,,,,,,,,,,,,,,,7.396,1.378011703,3.3,,,,,,,,,,,,
,,,,,,,,,,,,,,,,,7.397,1.387681961,3.3,,,,,,,,,,,,
,,,,,,,,,,,,,,,,,7.398,1.376399994,3.3,,,,,,,,,,,,
,,,,,,,,,,,,,,,,,7.399,1.376399994,3.3,,,,,,,,,,,,
,,,,,,,,,,,,,,,,,7.4,1.378817558,3.3,,,,,,,,,,,,
,,,,,,,,,,,,,,,,,7.401,1.360282898,3.3,,,,,,,,,,,,
,,,,,,,,,,,,,,,,,7.402,1.367535591,3.3,,,,,,,,,,,,
,,,,,,,,,,,,,,,,,7.403,1.374788284,3.3,,,,,,,,,,,,
,,,,,,,,,,,,,,,,,7.404,1.368341446,3.3,,,,,,,,,,,,
,,,,,,,,,,,,,,,,,7.405,1.351418495,3.3,,,,,,,,,,,,
,,,,,,,,,,,,,,,,,7.406,1.383652687,3.3,,,,,,,,,,,,
,,,,,,,,,,,,,,,,,7.407,1.363506317,3.3,,,,,,,,,,,,
,,,,,,,,,,,,,,,,,7.408,1.361894608,3.3,,,,,,,,,,,,
,,,,,,,,,,,,,,,,,7.409,1.361894608,3.3,,,,,,,,,,,,
,,,,,,,,,,,,,,,,,7.41,1.361894608,3.3,,,,,,,,,,,,
,,,,,,,,,,,,,,,,,7.411,1.349806786,3.3,,,,,,,,,,,,
,,,,,,,,,,,,,,,,,7.412,1.359477043,3.3,,,,,,,,,,,,
,,,,,,,,,,,,,,,,,7.413,1.343359947,3.3,,,,,,,,,,,,
,,,,,,,,,,,,,,,,,7.414,1.365118027,3.3,,,,,,,,,,,,
,,,,,,,,,,,,,,,,,7.415,1.362700462,3.3,,,,,,,,,,,,
,,,,,,,,,,,,,,,,,7.416,1.35222435,3.3,,,,,,,,,,,,
,,,,,,,,,,,,,,,,,7.417,1.349000931,3.3,,,,,,,,,,,,
,,,,,,,,,,,,,,,,,7.418,1.346583366,3.3,,,,,,,,,,,,
,,,,,,,,,,,,,,,,,7.419,1.354641914,3.3,,,,,,,,,,,,
,,,,,,,,,,,,,,,,,7.42,1.342554092,3.3,,,,,,,,,,,,
,,,,,,,,,,,,,,,,,7.421,1.336913109,3.3,,,,,,,,,,,,
,,,,,,,,,,,,,,,,,7.422,1.347389221,3.3,,,,,,,,,,,,
,,,,,,,,,,,,,,,,,7.423,1.348195076,3.3,,,,,,,,,,,,
,,,,,,,,,,,,,,,,,7.424,1.33046627,3.3,,,,,,,,,,,,
,,,,,,,,,,,,,,,,,7.425,1.335301399,3.3,,,,,,,,,,,,
,,,,,,,,,,,,,,,,,7.426,1.328854561,3.3,,,,,,,,,,,,
,,,,,,,,,,,,,,,,,7.427,1.338524818,3.3,,,,,,,,,,,,
,,,,,,,,,,,,,,,,,7.428,1.325631142,3.3,,,,,,,,,,,,
,,,,,,,,,,,,,,,,,7.429,1.329660416,3.3,,,,,,,,,,,,
,,,,,,,,,,,,,,,,,7.43,1.331272125,3.3,,,,,,,,,,,,
,,,,,,,,,,,,,,,,,7.431,1.302261353,3.3,,,,,,,,,,,,
,,,,,,,,,,,,,,,,,7.432,1.311125755,3.3,,,,,,,,,,,,
,,,,,,,,,,,,,,,,,7.433,1.316766739,3.3,,,,,,,,,,,,
,,,,,,,,,,,,,,,,,7.434,1.343359947,3.3,,,,,,,,,,,,
,,,,,,,,,,,,,,,,,7.435,1.326436996,3.3,,,,,,,,,,,,
,,,,,,,,,,,,,,,,,7.436,1.317572594,3.3,,,,,,,,,,,,
,,,,,,,,,,,,,,,,,7.437,1.33046627,3.3,,,,,,,,,,,,
,,,,,,,,,,,,,,,,,7.438,1.311125755,3.3,,,,,,,,,,,,
,,,,,,,,,,,,,,,,,7.439,1.311125755,3.3,,,,,,,,,,,,
,,,,,,,,,,,,,,,,,7.44,1.310319901,3.3,,,,,,,,,,,,
,,,,,,,,,,,,,,,,,7.441,1.311125755,3.3,,,,,,,,,,,,
,,,,,,,,,,,,,,,,,7.442,1.307902336,3.3,,,,,,,,,,,,
,,,,,,,,,,,,,,,,,7.443,1.308708191,3.3,,,,,,,,,,,,
,,,,,,,,,,,,,,,,,7.444,1.298232079,3.3,,,,,,,,,,,,
,,,,,,,,,,,,,,,,,7.445,1.310319901,3.3,,,,,,,,,,,,
,,,,,,,,,,,,,,,,,7.446,1.298232079,3.3,,,,,,,,,,,,
,,,,,,,,,,,,,,,,,7.447,1.306290627,3.3,,,,,,,,,,,,
,,,,,,,,,,,,,,,,,7.448,1.29178524,3.3,,,,,,,,,,,,
,,,,,,,,,,,,,,,,,7.449,1.297426224,3.3,,,,,,,,,,,,
,,,,,,,,,,,,,,,,,7.45,1.29178524,3.3,,,,,,,,,,,,
,,,,,,,,,,,,,,,,,7.451,1.305484772,3.3,,,,,,,,,,,,
,,,,,,,,,,,,,,,,,7.452,1.289367676,3.3,,,,,,,,,,,,
,,,,,,,,,,,,,,,,,7.453,1.286950111,3.3,,,,,,,,,,,,
,,,,,,,,,,,,,,,,,7.454,1.282114983,3.3,,,,,,,,,,,,
,,,,,,,,,,,,,,,,,7.455,1.29339695,3.3,,,,,,,,,,,,
,,,,,,,,,,,,,,,,,7.456,1.265192032,3.3,,,,,,,,,,,,
,,,,,,,,,,,,,,,,,7.457,1.276473999,3.3,,,,,,,,,,,,
,,,,,,,,,,,,,,,,,7.458,1.278891563,3.3,,,,,,,,,,,,
,,,,,,,,,,,,,,,,,7.459,1.277279854,3.3,,,,,,,,,,,,
,,,,,,,,,,,,,,,,,7.46,1.276473999,3.3,,,,,,,,,,,,
,,,,,,,,,,,,,,,,,7.461,1.261162758,3.3,,,,,,,,,,,,
,,,,,,,,,,,,,,,,,7.462,1.268415451,3.3,,,,,,,,,,,,
,,,,,,,,,,,,,,,,,7.463,1.269221306,3.3,,,,,,,,,,,,
,,,,,,,,,,,,,,,,,7.464,1.262774467,3.3,,,,,,,,,,,,
,,,,,,,,,,,,,,,,,7.465,1.254715919,3.3,,,,,,,,,,,,
,,,,,,,,,,,,,,,,,7.466,1.245851517,3.3,,,,,,,,,,,,
,,,,,,,,,,,,,,,,,7.467,1.257133484,3.3,,,,,,,,,,,,
,,,,,,,,,,,,,,,,,7.468,1.241822243,3.3,,,,,,,,,,,,
,,,,,,,,,,,,,,,,,7.469,1.246657372,3.3,,,,,,,,,,,,
,,,,,,,,,,,,,,,,,7.47,1.244239807,3.3,,,,,,,,,,,,
,,,,,,,,,,,,,,,,,7.471,1.246657372,3.3,,,,,,,,,,,,
,,,,,,,,,,,,,,,,,7.472,1.233763695,3.3,,,,,,,,,,,,
,,,,,,,,,,,,,,,,,7.473,1.256327629,3.3,,,,,,,,,,,,
,,,,,,,,,,,,,,,,,7.474,1.248269081,3.3,,,,,,,,,,,,
,,,,,,,,,,,,,,,,,7.475,1.246657372,3.3,,,,,,,,,,,,
,,,,,,,,,,,,,,,,,7.476,1.236181259,3.3,,,,,,,,,,,,
,,,,,,,,,,,,,,,,,7.477,1.242628098,3.3,,,,,,,,,,,,
,,,,,,,,,,,,,,,,,7.478,1.246657372,3.3,,,,,,,,,,,,
,,,,,,,,,,,,,,,,,7.479,1.232151985,3.3,,,,,,,,,,,,
,,,,,,,,,,,,,,,,,7.48,1.23295784,3.3,,,,,,,,,,,,
,,,,,,,,,,,,,,,,,7.481,1.229734421,3.3,,,,,,,,,,,,
,,,,,,,,,,,,,,,,,7.482,1.227316856,3.3,,,,,,,,,,,,
,,,,,,,,,,,,,,,,,7.483,1.218452454,3.3,,,,,,,,,,,,
,,,,,,,,,,,,,,,,,7.484,1.224093437,3.3,,,,,,,,,,,,
,,,,,,,,,,,,,,,,,7.485,1.23295784,3.3,,,,,,,,,,,,
,,,,,,,,,,,,,,,,,7.486,1.216840744,3.3,,,,,,,,,,,,
,,,,,,,,,,,,,,,,,7.487,1.215229034,3.3,,,,,,,,,,,,
,,,,,,,,,,,,,,,,,7.488,1.213617325,3.3,,,,,,,,,,,,
,,,,,,,,,,,,,,,,,7.489,1.212005615,3.3,,,,,,,,,,,,
,,,,,,,,,,,,,,,,,7.49,1.212005615,3.3,,,,,,,,,,,,
,,,,,,,,,,,,,,,,,7.491,1.204752922,3.3,,,,,,,,,,,,
,,,,,,,,,,,,,,,,,7.492,1.206364632,3.3,,,,,,,,,,,,
,,,,,,,,,,,,,,,,,7.493,1.209588051,3.3,,,,,,,,,,,,
,,,,,,,,,,,,,,,,,7.494,1.217646599,3.3,,,,,,,,,,,,
,,,,,,,,,,,,,,,,,7.495,1.19427681,3.3,,,,,,,,,,,,
,,,,,,,,,,,,,,,,,7.496,1.199111938,3.3,,,,,,,,,,,,
,,,,,,,,,,,,,,,,,7.497,1.195888519,3.3,,,,,,,,,,,,
,,,,,,,,,,,,,,,,,7.498,1.197500229,3.3,,,,,,,,,,,,
,,,,,,,,,,,,,,,,,7.499,1.196694374,3.3,,,,,,,,,,,,
,,,,,,,,,,,,,,,,,7.5,1.19427681,3.3,,,,,,,,,,,,
,,,,,,,,,,,,,,,,,7.501,1.190247536,3.3,,,,,,,,,,,,
,,,,,,,,,,,,,,,,,7.502,1.199111938,3.3,,,,,,,,,,,,
,,,,,,,,,,,,,,,,,7.503,1.185412407,3.3,,,,,,,,,,,,
,,,,,,,,,,,,,,,,,7.504,1.191053391,3.3,,,,,,,,,,,,
,,,,,,,,,,,,,,,,,7.505,1.182188988,3.3,,,,,,,,,,,,
,,,,,,,,,,,,,,,,,7.506,1.182188988,3.3,,,,,,,,,,,,
,,,,,,,,,,,,,,,,,7.507,1.178965569,3.3,,,,,,,,,,,,
,,,,,,,,,,,,,,,,,7.508,1.17251873,3.3,,,,,,,,,,,,
,,,,,,,,,,,,,,,,,7.509,1.179771423,3.3,,,,,,,,,,,,
,,,,,,,,,,,,,,,,,7.51,1.177353859,3.3,,,,,,,,,,,,
,,,,,,,,,,,,,,,,,7.511,1.154789925,3.3,,,,,,,,,,,,
,,,,,,,,,,,,,,,,,7.512,1.156401634,3.3,,,,,,,,,,,,
,,,,,,,,,,,,,,,,,7.513,1.165266037,3.3,,,,,,,,,,,,
,,,,,,,,,,,,,,,,,7.514,1.156401634,3.3,,,,,,,,,,,,
,,,,,,,,,,,,,,,,,7.515,1.149148941,3.3,,,,,,,,,,,,
,,,,,,,,,,,,,,,,,7.516,1.15398407,3.3,,,,,,,,,,,,
,,,,,,,,,,,,,,,,,7.517,1.140284538,3.3,,,,,,,,,,,,
,,,,,,,,,,,,,,,,,7.518,1.163654327,3.3,,,,,,,,,,,,
,,,,,,,,,,,,,,,,,7.519,1.163654327,3.3,,,,,,,,,,,,
,,,,,,,,,,,,,,,,,7.52,1.166071892,3.3,,,,,,,,,,,,
,,,,,,,,,,,,,,,,,7.521,1.144313812,3.3,,,,,,,,,,,,
,,,,,,,,,,,,,,,,,7.522,1.134643555,3.3,,,,,,,,,,,,
,,,,,,,,,,,,,,,,,7.523,1.150760651,3.3,,,,,,,,,,,,
,,,,,,,,,,,,,,,,,7.524,1.145925522,3.3,,,,,,,,,,,,
,,,,,,,,,,,,,,,,,7.525,1.139478683,3.3,,,,,,,,,,,,
,,,,,,,,,,,,,,,,,7.526,1.140284538,3.3,,,,,,,,,,,,
,,,,,,,,,,,,,,,,,7.527,1.129002571,3.3,,,,,,,,,,,,
,,,,,,,,,,,,,,,,,7.528,1.129808426,3.3,,,,,,,,,,,,
,,,,,,,,,,,,,,,,,7.529,1.135449409,3.3,,,,,,,,,,,,
,,,,,,,,,,,,,,,,,7.53,1.130614281,3.3,,,,,,,,,,,,
,,,,,,,,,,,,,,,,,7.531,1.11207962,3.3,,,,,,,,,,,,
,,,,,,,,,,,,,,,,,7.532,1.09193325,3.3,,,,,,,,,,,,
,,,,,,,,,,,,,,,,,7.533,1.119332314,3.3,,,,,,,,,,,,
,,,,,,,,,,,,,,,,,7.534,1.126585007,3.3,,,,,,,,,,,,
,,,,,,,,,,,,,,,,,7.535,1.105632782,3.3,,,,,,,,,,,,
,,,,,,,,,,,,,,,,,7.536,1.120138168,3.3,,,,,,,,,,,,
,,,,,,,,,,,,,,,,,7.537,1.11207962,3.3,,,,,,,,,,,,
,,,,,,,,,,,,,,,,,7.538,1.119332314,3.3,,,,,,,,,,,,
,,,,,,,,,,,,,,,,,7.539,1.111273766,3.3,,,,,,,,,,,,
,,,,,,,,,,,,,,,,,7.54,1.116914749,3.3,,,,,,,,,,,,
,,,,,,,,,,,,,,,,,7.541,1.108856201,3.3,,,,,,,,,,,,
,,,,,,,,,,,,,,,,,7.542,1.111273766,3.3,,,,,,,,,,,,
,,,,,,,,,,,,,,,,,7.543,1.09515667,3.3,,,,,,,,,,,,
,,,,,,,,,,,,,,,,,7.544,1.097574234,3.3,,,,,,,,,,,,
,,,,,,,,,,,,,,,,,7.545,1.100797653,3.3,,,,,,,,,,,,
,,,,,,,,,,,,,,,,,7.546,1.099185944,3.3,,,,,,,,,,,,
,,,,,,,,,,,,,,,,,7.547,1.101603508,3.3,,,,,,,,,,,,
,,,,,,,,,,,,,,,,,7.548,1.100797653,3.3,,,,,,,,,,,,
,,,,,,,,,,,,,,,,,7.549,1.095962524,3.3,,,,,,,,,,,,
,,,,,,,,,,,,,,,,,7.55,1.087098122,3.3,,,,,,,,,,,,
,,,,,,,,,,,,,,,,,7.551,1.086292267,3.3,,,,,,,,,,,,
,,,,,,,,,,,,,,,,,7.552,1.066145897,3.3,,,,,,,,,,,,
,,,,,,,,,,,,,,,,,7.553,1.09515667,3.3,,,,,,,,,,,,
,,,,,,,,,,,,,,,,,7.554,1.09515667,3.3,,,,,,,,,,,,
,,,,,,,,,,,,,,,,,7.555,0.756697655,8.25E-05,,,,,,,,,,,,
,,,,,,,,,,,,,,,,,7.556,0.748639107,2.06E-09,,,,,,,,,,,,
,,,,,,,,,,,,,,,,,7.557,0.75428009,5.16E-14,,,,,,,,,,,,
,,,,,,,,,,,,,,,,,7.558,0.763950348,1.29E-18,,,,,,,,,,,,
,,,,,,,,,,,,,,,,,7.559,0.756697655,3.22E-23,,,,,,,,,,,,
,,,,,,,,,,,,,,,,,7.56,0.750250816,8.06E-28,,,,,,,,,,,,
,,,,,,,,,,,,,,,,,7.561,0.7558918,2.01E-32,,,,,,,,,,,,
,,,,,,,,,,,,,,,,,7.562,0.75750351,5.03E-37,,,,,,,,,,,,
,,,,,,,,,,,,,,,,,7.563,0.748639107,1.26E-41,,,,,,,,,,,,
,,,,,,,,,,,,,,,,,7.564,0.7558918,3.15E-46,,,,,,,,,,,,
,,,,,,,,,,,,,,,,,7.565,0.743803978,7.87E-51,,,,,,,,,,,,
,,,,,,,,,,,,,,,,,7.566,0.73735714,1.97E-55,,,,,,,,,,,,
,,,,,,,,,,,,,,,,,7.567,0.742192268,4.92E-60,,,,,,,,,,,,
,,,,,,,,,,,,,,,,,7.568,0.739774704,1.23E-64,,,,,,,,,,,,
,,,,,,,,,,,,,,,,,7.569,0.734939575,3.07E-69,,,,,,,,,,,,
,,,,,,,,,,,,,,,,,7.57,0.710763931,7.68E-74,,,,,,,,,,,,
,,,,,,,,,,,,,,,,,7.571,0.740580559,1.92E-78,,,,,,,,,,,,
,,,,,,,,,,,,,,,,,7.572,0.73574543,4.80E-83,,,,,,,,,,,,
,,,,,,,,,,,,,,,,,7.573,0.726881027,1.20E-87,,,,,,,,,,,,
,,,,,,,,,,,,,,,,,7.574,0.718822479,3.00E-92,,,,,,,,,,,,
,,,,,,,,,,,,,,,,,7.575,0.726881027,7.50E-97,,,,,,,,,,,,
,,,,,,,,,,,,,,,,,7.576,0.733327866,1.87E-101,,,,,,,,,,,,
,,,,,,,,,,,,,,,,,7.577,0.719628334,4.69E-106,,,,,,,,,,,,
,,,,,,,,,,,,,,,,,7.578,0.712375641,1.17E-110,,,,,,,,,,,,
,,,,,,,,,,,,,,,,,7.579,0.713181496,2.93E-115,,,,,,,,,,,,
,,,,,,,,,,,,,,,,,7.58,0.722045898,7.32E-120,,,,,,,,,,,,
,,,,,,,,,,,,,,,,,7.581,0.722851753,1.83E-124,,,,,,,,,,,,
,,,,,,,,,,,,,,,,,7.582,0.703511238,4.58E-129,,,,,,,,,,,,
,,,,,,,,,,,,,,,,,7.583,0.705928802,1.14E-133,,,,,,,,,,,,
,,,,,,,,,,,,,,,,,7.584,0.709152222,2.86E-138,,,,,,,,,,,,
,,,,,,,,,,,,,,,,,7.585,0.707540512,7.15E-143,,,,,,,,,,,,
,,,,,,,,,,,,,,,,,7.586,0.705122948,1.79E-147,,,,,,,,,,,,
,,,,,,,,,,,,,,,,,7.587,0.701093674,4.47E-152,,,,,,,,,,,,
,,,,,,,,,,,,,,,,,7.588,0.698676109,1.12E-156,,,,,,,,,,,,
,,,,,,,,,,,,,,,,,7.589,0.69545269,2.79E-161,,,,,,,,,,,,
,,,,,,,,,,,,,,,,,7.59,0.702705383,6.98E-166,,,,,,,,,,,,
,,,,,,,,,,,,,,,,,7.591,0.708346367,1.75E-170,,,,,,,,,,,,
,,,,,,,,,,,,,,,,,7.592,0.701093674,4.36E-175,,,,,,,,,,,,
,,,,,,,,,,,,,,,,,7.593,0.684170723,1.09E-179,,,,,,,,,,,,
,,,,,,,,,,,,,,,,,7.594,0.692229271,2.73E-184,,,,,,,,,,,,
,,,,,,,,,,,,,,,,,7.595,0.699481964,6.82E-189,,,,,,,,,,,,
,,,,,,,,,,,,,,,,,7.596,0.685782433,1.70E-193,,,,,,,,,,,,
,,,,,,,,,,,,,,,,,7.597,0.696258545,4.26E-198,,,,,,,,,,,,
,,,,,,,,,,,,,,,,,7.598,0.681753159,1.07E-202,,,,,,,,,,,,
,,,,,,,,,,,,,,,,,7.599,0.689005852,2.66E-207,,,,,,,,,,,,
,,,,,,,,,,,,,,,,,7.6,0.691423416,6.66E-212,,,,,,,,,,,,
,,,,,,,,,,,,,,,,,7.601,0.693840981,1.66E-216,,,,,,,,,,,,
,,,,,,,,,,,,,,,,,7.602,0.683364868,4.16E-221,,,,,,,,,,,,
,,,,,,,,,,,,,,,,,7.603,0.674500465,1.04E-225,,,,,,,,,,,,
,,,,,,,,,,,,,,,,,7.604,0.67530632,2.60E-230,,,,,,,,,,,,
,,,,,,,,,,,,,,,,,7.605,0.681753159,6.50E-235,,,,,,,,,,,,
,,,,,,,,,,,,,,,,,7.606,0.679335594,1.62E-239,,,,,,,,,,,,
,,,,,,,,,,,,,,,,,7.607,0.677723885,4.06E-244,,,,,,,,,,,,
,,,,,,,,,,,,,,,,,7.608,0.676112175,1.02E-248,,,,,,,,,,,,
,,,,,,,,,,,,,,,,,7.609,0.669665337,2.54E-253,,,,,,,,,,,,
,,,,,,,,,,,,,,,,,7.61,0.664830208,6.35E-258,,,,,,,,,,,,
,,,,,,,,,,,,,,,,,7.611,0.674500465,1.59E-262,,,,,,,,,,,,
,,,,,,,,,,,,,,,,,7.612,0.667247772,3.97E-267,,,,,,,,,,,,
,,,,,,,,,,,,,,,,,7.613,0.666441917,9.92E-272,,,,,,,,,,,,
,,,,,,,,,,,,,,,,,7.614,0.663218498,2.48E-276,,,,,,,,,,,,
,,,,,,,,,,,,,,,,,7.615,0.653548241,6.20E-281,,,,,,,,,,,,
,,,,,,,,,,,,,,,,,7.616,0.659995079,1.55E-285,,,,,,,,,,,,
,,,,,,,,,,,,,,,,,7.617,0.669665337,3.87E-290,,,,,,,,,,,,
,,,,,,,,,,,,,,,,,7.618,0.664830208,9.68E-295,,,,,,,,,,,,
,,,,,,,,,,,,,,,,,7.619,0.657577515,2.42E-299,,,,,,,,,,,,
,,,,,,,,,,,,,,,,,7.62,0.65677166,6.05E-304,,,,,,,,,,,,
,,,,,,,,,,,,,,,,,7.621,0.65677166,6.05E-304,,,,,,,,,,,,
,,,,,,,,,,,,,,,,,7.622,0.659189224,0,,,,,,,,,,,,
,,,,,,,,,,,,,,,,,7.623,0.654354095,0,,,,,,,,,,,,
,,,,,,,,,,,,,,,,,7.624,0.654354095,0,,,,,,,,,,,,
,,,,,,,,,,,,,,,,,7.625,0.655965805,0,,,,,,,,,,,,
,,,,,,,,,,,,,,,,,7.626,0.645489693,0,,,,,,,,,,,,
,,,,,,,,,,,,,,,,,7.627,0.653548241,0,,,,,,,,,,,,
,,,,,,,,,,,,,,,,,7.628,0.651936531,0,,,,,,,,,,,,
,,,,,,,,,,,,,,,,,7.629,0.644683838,0,,,,,,,,,,,,
,,,,,,,,,,,,,,,,,7.63,0.638237,0,,,,,,,,,,,,
,,,,,,,,,,,,,,,,,7.631,0.63501358,0,,,,,,,,,,,,
,,,,,,,,,,,,,,,,,7.632,0.647907257,0,,,,,,,,,,,,
,,,,,,,,,,,,,,,,,7.633,0.642266273,0,,,,,,,,,,,,
,,,,,,,,,,,,,,,,,7.634,0.63501358,0,,,,,,,,,,,,
,,,,,,,,,,,,,,,,,7.635,0.634207726,0,,,,,,,,,,,,
,,,,,,,,,,,,,,,,,7.636,0.63501358,0,,,,,,,,,,,,
,,,,,,,,,,,,,,,,,7.637,0.643072128,0,,,,,,,,,,,,
,,,,,,,,,,,,,,,,,7.638,0.651936531,0,,,,,,,,,,,,
,,,,,,,,,,,,,,,,,7.639,0.631790161,0,,,,,,,,,,,,
,,,,,,,,,,,,,,,,,7.64,0.635819435,0,,,,,,,,,,,,
,,,,,,,,,,,,,,,,,7.641,0.634207726,0,,,,,,,,,,,,
,,,,,,,,,,,,,,,,,7.642,0.639042854,0,,,,,,,,,,,,
,,,,,,,,,,,,,,,,,7.643,0.635819435,0,,,,,,,,,,,,
,,,,,,,,,,,,,,,,,7.644,0.633401871,0,,,,,,,,,,,,
,,,,,,,,,,,,,,,,,7.645,0.635819435,0,,,,,,,,,,,,
,,,,,,,,,,,,,,,,,7.646,0.635819435,0,,,,,,,,,,,,
,,,,,,,,,,,,,,,,,7.647,0.637431145,0,,,,,,,,,,,,
,,,,,,,,,,,,,,,,,7.648,0.631790161,0,,,,,,,,,,,,
,,,,,,,,,,,,,,,,,7.649,0.645489693,0,,,,,,,,,,,,
,,,,,,,,,,,,,,,,,7.65,0.612449646,0,,,,,,,,,,,,
,,,,,,,,,,,,,,,,,7.651,0.630984306,0,,,,,,,,,,,,
,,,,,,,,,,,,,,,,,7.652,0.630984306,0,,,,,,,,,,,,
,,,,,,,,,,,,,,,,,7.653,0.619702339,0,,,,,,,,,,,,
,,,,,,,,,,,,,,,,,7.654,0.627760887,0,,,,,,,,,,,,
,,,,,,,,,,,,,,,,,7.655,0.623731613,0,,,,,,,,,,,,
,,,,,,,,,,,,,,,,,7.656,0.619702339,0,,,,,,,,,,,,
,,,,,,,,,,,,,,,,,7.657,0.620508194,0,,,,,,,,,,,,
,,,,,,,,,,,,,,,,,7.658,0.623731613,0,,,,,,,,,,,,
,,,,,,,,,,,,,,,,,7.659,0.626149178,0,,,,,,,,,,,,
,,,,,,,,,,,,,,,,,7.66,0.613255501,0,,,,,,,,,,,,
,,,,,,,,,,,,,,,,,7.661,0.615673065,0,,,,,,,,,,,,
,,,,,,,,,,,,,,,,,7.662,0.615673065,0,,,,,,,,,,,,
,,,,,,,,,,,,,,,,,7.663,0.626955032,0,,,,,,,,,,,,
,,,,,,,,,,,,,,,,,7.664,0.614061356,0,,,,,,,,,,,,
,,,,,,,,,,,,,,,,,7.665,0.610032082,0,,,,,,,,,,,,
,,,,,,,,,,,,,,,,,7.666,0.620508194,0,,,,,,,,,,,,
,,,,,,,,,,,,,,,,,7.667,0.61647892,0,,,,,,,,,,,,
,,,,,,,,,,,,,,,,,7.668,0.614061356,0,,,,,,,,,,,,
,,,,,,,,,,,,,,,,,7.669,0.611643791,0,,,,,,,,,,,,
,,,,,,,,,,,,,,,,,7.67,0.622925758,0,,,,,,,,,,,,
,,,,,,,,,,,,,,,,,7.671,0.622119904,0,,,,,,,,,,,,
,,,,,,,,,,,,,,,,,7.672,0.610837936,0,,,,,,,,,,,,
,,,,,,,,,,,,,,,,,7.673,0.607614517,0,,,,,,,,,,,,
,,,,,,,,,,,,,,,,,7.674,0.606002808,0,,,,,,,,,,,,
,,,,,,,,,,,,,,,,,7.675,0.601973534,0,,,,,,,,,,,,
,,,,,,,,,,,,,,,,,7.676,0.601973534,0,,,,,,,,,,,,
,,,,,,,,,,,,,,,,,7.677,0.601167679,0,,,,,,,,,,,,
,,,,,,,,,,,,,,,,,7.678,0.599555969,0,,,,,,,,,,,,
,,,,,,,,,,,,,,,,,7.679,0.590691566,0,,,,,,,,,,,,
,,,,,,,,,,,,,,,,,7.68,0.585050583,0,,,,,,,,,,,,
,,,,,,,,,,,,,,,,,7.681,0.590691566,0,,,,,,,,,,,,
,,,,,,,,,,,,,,,,,7.682,0.590691566,0,,,,,,,,,,,,
,,,,,,,,,,,,,,,,,7.683,0.581021309,0,,,,,,,,,,,,
,,,,,,,,,,,,,,,,,7.684,0.59633255,0,,,,,,,,,,,,
,,,,,,,,,,,,,,,,,7.685,0.581021309,0,,,,,,,,,,,,
,,,,,,,,,,,,,,,,,7.686,0.587468147,0,,,,,,,,,,,,
,,,,,,,,,,,,,,,,,7.687,0.585050583,0,,,,,,,,,,,,
,,,,,,,,,,,,,,,,,7.688,0.589885712,0,,,,,,,,,,,,
,,,,,,,,,,,,,,,,,7.689,0.581021309,0,,,,,,,,,,,,
,,,,,,,,,,,,,,,,,7.69,0.591497421,0,,,,,,,,,,,,
,,,,,,,,,,,,,,,,,7.691,0.584244728,0,,,,,,,,,,,,
,,,,,,,,,,,,,,,,,7.692,0.589885712,0,,,,,,,,,,,,
,,,,,,,,,,,,,,,,,7.693,0.574574471,0,,,,,,,,,,,,
,,,,,,,,,,,,,,,,,7.694,0.578603745,0,,,,,,,,,,,,
,,,,,,,,,,,,,,,,,7.695,0.570545197,0,,,,,,,,,,,,
,,,,,,,,,,,,,,,,,7.696,0.585050583,0,,,,,,,,,,,,
,,,,,,,,,,,,,,,,,7.697,0.57779789,0,,,,,,,,,,,,
,,,,,,,,,,,,,,,,,7.698,0.576992035,0,,,,,,,,,,,,
,,,,,,,,,,,,,,,,,7.699,0.573768616,0,,,,,,,,,,,,
,,,,,,,,,,,,,,,,,7.7,0.568933487,0,,,,,,,,,,,,
,,,,,,,,,,,,,,,,,7.701,0.564098358,0,,,,,,,,,,,,
,,,,,,,,,,,,,,,,,7.702,0.572962761,0,,,,,,,,,,,,
,,,,,,,,,,,,,,,,,7.703,0.571351051,0,,,,,,,,,,,,
,,,,,,,,,,,,,,,,,7.704,0.561680794,0,,,,,,,,,,,,
,,,,,,,,,,,,,,,,,7.705,0.567321777,0,,,,,,,,,,,,
,,,,,,,,,,,,,,,,,7.706,0.563292503,0,,,,,,,,,,,,
,,,,,,,,,,,,,,,,,7.707,0.562486649,0,,,,,,,,,,,,
,,,,,,,,,,,,,,,,,7.708,0.560069084,0,,,,,,,,,,,,
,,,,,,,,,,,,,,,,,7.709,0.556845665,0,,,,,,,,,,,,
,,,,,,,,,,,,,,,,,7.71,0.567321777,0,,,,,,,,,,,,
,,,,,,,,,,,,,,,,,7.711,0.568933487,0,,,,,,,,,,,,
,,,,,,,,,,,,,,,,,7.712,0.545563698,0,,,,,,,,,,,,
,,,,,,,,,,,,,,,,,7.713,0.556845665,0,,,,,,,,,,,,
,,,,,,,,,,,,,,,,,7.714,0.545563698,0,,,,,,,,,,,,
,,,,,,,,,,,,,,,,,7.715,0.547175407,0,,,,,,,,,,,,
,,,,,,,,,,,,,,,,,7.716,0.547175407,0,,,,,,,,,,,,
,,,,,,,,,,,,,,,,,7.717,0.424685478,0,,,,,,,,,,,,
,,,,,,,,,,,,,,,,,7.718,0.421462059,0,,,,,,,,,,,,
,,,,,,,,,,,,,,,,,7.719,0.427103043,0,,,,,,,,,,,,
,,,,,,,,,,,,,,,,,7.72,0.425491333,0,,,,,,,,,,,,
,,,,,,,,,,,,,,,,,7.721,0.423073769,0,,,,,,,,,,,,
,,,,,,,,,,,,,,,,,7.722,0.423073769,0,,,,,,,,,,,,
,,,,,,,,,,,,,,,,,7.723,0.408568382,0,,,,,,,,,,,,
,,,,,,,,,,,,,,,,,7.724,0.422267914,0,,,,,,,,,,,,
,,,,,,,,,,,,,,,,,7.725,0.421462059,0,,,,,,,,,,,,
,,,,,,,,,,,,,,,,,7.726,0.406956673,0,,,,,,,,,,,,
,,,,,,,,,,,,,,,,,7.727,0.421462059,0,,,,,,,,,,,,
,,,,,,,,,,,,,,,,,7.728,0.412597656,0,,,,,,,,,,,,
,,,,,,,,,,,,,,,,,7.729,0.408568382,0,,,,,,,,,,,,
,,,,,,,,,,,,,,,,,7.73,0.414209366,0,,,,,,,,,,,,
,,,,,,,,,,,,,,,,,7.731,0.412597656,0,,,,,,,,,,,,
,,,,,,,,,,,,,,,,,7.732,0.403733253,0,,,,,,,,,,,,
,,,,,,,,,,,,,,,,,7.733,0.402927399,0,,,,,,,,,,,,
,,,,,,,,,,,,,,,,,7.734,0.401315689,0,,,,,,,,,,,,
,,,,,,,,,,,,,,,,,7.735,0.402927399,0,,,,,,,,,,,,
,,,,,,,,,,,,,,,,,7.736,0.401315689,0,,,,,,,,,,,,
,,,,,,,,,,,,,,,,,7.737,0.401315689,0,,,,,,,,,,,,
,,,,,,,,,,,,,,,,,7.738,0.405344963,0,,,,,,,,,,,,
,,,,,,,,,,,,,,,,,7.739,0.406956673,0,,,,,,,,,,,,
,,,,,,,,,,,,,,,,,7.74,0.398898125,0,,,,,,,,,,,,
,,,,,,,,,,,,,,,,,7.741,0.394062996,0,,,,,,,,,,,,
,,,,,,,,,,,,,,,,,7.742,0.389227867,0,,,,,,,,,,,,
,,,,,,,,,,,,,,,,,7.743,0.395674706,0,,,,,,,,,,,,
,,,,,,,,,,,,,,,,,7.744,0.402121544,0,,,,,,,,,,,,
,,,,,,,,,,,,,,,,,7.745,0.39809227,0,,,,,,,,,,,,
,,,,,,,,,,,,,,,,,7.746,0.389227867,0,,,,,,,,,,,,
,,,,,,,,,,,,,,,,,7.747,0.398898125,0,,,,,,,,,,,,
,,,,,,,,,,,,,,,,,7.748,0.39809227,0,,,,,,,,,,,,
,,,,,,,,,,,,,,,,,7.749,0.397286415,0,,,,,,,,,,,,
,,,,,,,,,,,,,,,,,7.75,0.390033722,0,,,,,,,,,,,,
,,,,,,,,,,,,,,,,,7.751,0.390033722,0,,,,,,,,,,,,
,,,,,,,,,,,,,,,,,7.752,0.398898125,0,,,,,,,,,,,,
,,,,,,,,,,,,,,,,,7.753,0.39809227,0,,,,,,,,,,,,
,,,,,,,,,,,,,,,,,7.754,0.385198593,0,,,,,,,,,,,,
,,,,,,,,,,,,,,,,,7.755,0.382781029,0,,,,,,,,,,,,
,,,,,,,,,,,,,,,,,7.756,0.381169319,0,,,,,,,,,,,,
,,,,,,,,,,,,,,,,,7.757,0.37955761,0,,,,,,,,,,,,
,,,,,,,,,,,,,,,,,7.758,0.397286415,0,,,,,,,,,,,,
,,,,,,,,,,,,,,,,,7.759,0.389227867,0,,,,,,,,,,,,
,,,,,,,,,,,,,,,,,7.76,0.383586884,0,,,,,,,,,,,,
,,,,,,,,,,,,,,,,,7.761,0.371499062,0,,,,,,,,,,,,
,,,,,,,,,,,,,,,,,7.762,0.382781029,0,,,,,,,,,,,,
,,,,,,,,,,,,,,,,,7.763,0.3779459,0,,,,,,,,,,,,
,,,,,,,,,,,,,,,,,7.764,0.377140045,0,,,,,,,,,,,,
,,,,,,,,,,,,,,,,,7.765,0.381169319,0,,,,,,,,,,,,
,,,,,,,,,,,,,,,,,7.766,0.37633419,0,,,,,,,,,,,,
,,,,,,,,,,,,,,,,,7.767,0.365052223,0,,,,,,,,,,,,
,,,,,,,,,,,,,,,,,7.768,0.370693207,0,,,,,,,,,,,,
,,,,,,,,,,,,,,,,,7.769,0.368275642,0,,,,,,,,,,,,
,,,,,,,,,,,,,,,,,7.77,0.374722481,0,,,,,,,,,,,,
,,,,,,,,,,,,,,,,,7.771,0.373916626,0,,,,,,,,,,,,
,,,,,,,,,,,,,,,,,7.772,0.371499062,0,,,,,,,,,,,,
,,,,,,,,,,,,,,,,,7.773,0.365052223,0,,,,,,,,,,,,
,,,,,,,,,,,,,,,,,7.774,0.365052223,0,,,,,,,,,,,,
,,,,,,,,,,,,,,,,,7.775,0.367469788,0,,,,,,,,,,,,
,,,,,,,,,,,,,,,,,7.776,0.368275642,0,,,,,,,,,,,,
,,,,,,,,,,,,,,,,,7.777,0.361828804,0,,,,,,,,,,,,
,,,,,,,,,,,,,,,,,7.778,0.366663933,0,,,,,,,,,,,,
,,,,,,,,,,,,,,,,,7.779,0.351352692,0,,,,,,,,,,,,
,,,,,,,,,,,,,,,,,7.78,0.355381966,0,,,,,,,,,,,,
,,,,,,,,,,,,,,,,,7.781,0.361022949,0,,,,,,,,,,,,
,,,,,,,,,,,,,,,,,7.782,0.351352692,0,,,,,,,,,,,,
,,,,,,,,,,,,,,,,,7.783,0.347323418,0,,,,,,,,,,,,
,,,,,,,,,,,,,,,,,7.784,0.352964401,0,,,,,,,,,,,,
,,,,,,,,,,,,,,,,,7.785,0.350546837,0,,,,,,,,,,,,
,,,,,,,,,,,,,,,,,7.786,0.346517563,0,,,,,,,,,,,,
,,,,,,,,,,,,,,,,,7.787,0.344905853,0,,,,,,,,,,,,
,,,,,,,,,,,,,,,,,7.788,0.346517563,0,,,,,,,,,,,,
,,,,,,,,,,,,,,,,,7.789,0.332818031,0,,,,,,,,,,,,
,,,,,,,,,,,,,,,,,7.79,0.331206322,0,,,,,,,,,,,,
,,,,,,,,,,,,,,,,,7.791,0.327982903,0,,,,,,,,,,,,
,,,,,,,,,,,,,,,,,7.792,0.333623886,0,,,,,,,,,,,,
,,,,,,,,,,,,,,,,,7.793,0.334429741,0,,,,,,,,,,,,
,,,,,,,,,,,,,,,,,7.794,0.33765316,0,,,,,,,,,,,,
,,,,,,,,,,,,,,,,,7.795,0.336847305,0,,,,,,,,,,,,
,,,,,,,,,,,,,,,,,7.796,0.334429741,0,,,,,,,,,,,,
,,,,,,,,,,,,,,,,,7.797,0.333623886,0,,,,,,,,,,,,
,,,,,,,,,,,,,,,,,7.798,0.33926487,0,,,,,,,,,,,,
,,,,,,,,,,,,,,,,,7.799,0.333623886,0,,,,,,,,,,,,
,,,,,,,,,,,,,,,,,7.8,0.33926487,0,,,,,,,,,,,,
,,,,,,,,,,,,,,,,,7.801,0.344905853,0,,,,,,,,,,,,
,,,,,,,,,,,,,,,,,7.802,0.327177048,0,,,,,,,,,,,,
,,,,,,,,,,,,,,,,,7.803,0.335235596,0,,,,,,,,,,,,
,,,,,,,,,,,,,,,,,7.804,0.332012177,0,,,,,,,,,,,,
,,,,,,,,,,,,,,,,,7.805,0.329594612,0,,,,,,,,,,,,
,,,,,,,,,,,,,,,,,7.806,0.338459015,0,,,,,,,,,,,,
,,,,,,,,,,,,,,,,,7.807,0.327982903,0,,,,,,,,,,,,
,,,,,,,,,,,,,,,,,7.808,0.323147774,0,,,,,,,,,,,,
,,,,,,,,,,,,,,,,,7.809,0.332818031,0,,,,,,,,,,,,
,,,,,,,,,,,,,,,,,7.81,0.328788757,0,,,,,,,,,,,,
,,,,,,,,,,,,,,,,,7.811,0.327177048,0,,,,,,,,,,,,
,,,,,,,,,,,,,,,,,7.812,0.336847305,0,,,,,,,,,,,,
,,,,,,,,,,,,,,,,,7.813,0.330400467,0,,,,,,,,,,,,
,,,,,,,,,,,,,,,,,7.814,0.330400467,0,,,,,,,,,,,,
,,,,,,,,,,,,,,,,,7.815,0.324759483,0,,,,,,,,,,,,
,,,,,,,,,,,,,,,,,7.816,0.332818031,0,,,,,,,,,,,,
,,,,,,,,,,,,,,,,,7.817,0.327982903,0,,,,,,,,,,,,
,,,,,,,,,,,,,,,,,7.818,0.327982903,0,,,,,,,,,,,,
,,,,,,,,,,,,,,,,,7.819,0.320730209,0,,,,,,,,,,,,
,,,,,,,,,,,,,,,,,7.82,0.321536064,0,,,,,,,,,,,,
,,,,,,,,,,,,,,,,,7.821,0.315089226,0,,,,,,,,,,,,
,,,,,,,,,,,,,,,,,7.822,0.307030678,0,,,,,,,,,,,,
,,,,,,,,,,,,,,,,,7.823,0.315895081,0,,,,,,,,,,,,
,,,,,,,,,,,,,,,,,7.824,0.309448242,0,,,,,,,,,,,,
,,,,,,,,,,,,,,,,,7.825,0.312671661,0,,,,,,,,,,,,
,,,,,,,,,,,,,,,,,7.826,0.29897213,0,,,,,,,,,,,,
,,,,,,,,,,,,,,,,,7.827,0.307030678,0,,,,,,,,,,,,
,,,,,,,,,,,,,,,,,7.828,0.323953629,0,,,,,,,,,,,,
,,,,,,,,,,,,,,,,,7.829,0.306224823,0,,,,,,,,,,,,
,,,,,,,,,,,,,,,,,7.83,0.315895081,0,,,,,,,,,,,,
,,,,,,,,,,,,,,,,,7.831,0.316700935,0,,,,,,,,,,,,
,,,,,,,,,,,,,,,,,7.832,0.314283371,0,,,,,,,,,,,,
,,,,,,,,,,,,,,,,,7.833,0.308642387,0,,,,,,,,,,,,
,,,,,,,,,,,,,,,,,7.834,0.303807259,0,,,,,,,,,,,,
,,,,,,,,,,,,,,,,,7.835,0.304613113,0,,,,,,,,,,,,
,,,,,,,,,,,,,,,,,7.836,0.304613113,0,,,,,,,,,,,,
,,,,,,,,,,,,,,,,,7.837,0.315895081,0,,,,,,,,,,,,
,,,,,,,,,,,,,,,,,7.838,0.308642387,0,,,,,,,,,,,,
,,,,,,,,,,,,,,,,,7.839,0.312671661,0,,,,,,,,,,,,
,,,,,,,,,,,,,,,,,7.84,0.31750679,0,,,,,,,,,,,,
,,,,,,,,,,,,,,,,,7.841,0.311059952,0,,,,,,,,,,,,
,,,,,,,,,,,,,,,,,7.842,0.31750679,0,,,,,,,,,,,,
,,,,,,,,,,,,,,,,,7.843,0.304613113,0,,,,,,,,,,,,
,,,,,,,,,,,,,,,,,7.844,0.307030678,0,,,,,,,,,,,,
,,,,,,,,,,,,,,,,,7.845,0.306224823,0,,,,,,,,,,,,
,,,,,,,,,,,,,,,,,7.846,0.307030678,0,,,,,,,,,,,,
,,,,,,,,,,,,,,,,,7.847,0.295748711,0,,,,,,,,,,,,
,,,,,,,,,,,,,,,,,7.848,0.312671661,0,,,,,,,,,,,,
,,,,,,,,,,,,,,,,,7.849,0.303807259,0,,,,,,,,,,,,
,,,,,,,,,,,,,,,,,7.85,0.306224823,0,,,,,,,,,,,,
,,,,,,,,,,,,,,,,,7.851,0.303001404,0,,,,,,,,,,,,
,,,,,,,,,,,,,,,,,7.852,0.305418968,0,,,,,,,,,,,,
,,,,,,,,,,,,,,,,,7.853,0.304613113,0,,,,,,,,,,,,
,,,,,,,,,,,,,,,,,7.854,0.301389694,0,,,,,,,,,,,,
,,,,,,,,,,,,,,,,,7.855,0.306224823,0,,,,,,,,,,,,
,,,,,,,,,,,,,,,,,7.856,0.295748711,0,,,,,,,,,,,,
,,,,,,,,,,,,,,,,,7.857,0.302195549,0,,,,,,,,,,,,
,,,,,,,,,,,,,,,,,7.858,0.296554565,0,,,,,,,,,,,,
,,,,,,,,,,,,,,,,,7.859,0.298166275,0,,,,,,,,,,,,
,,,,,,,,,,,,,,,,,7.86,0.307836533,0,,,,,,,,,,,,
,,,,,,,,,,,,,,,,,7.861,0.311059952,0,,,,,,,,,,,,
,,,,,,,,,,,,,,,,,7.862,0.299777985,0,,,,,,,,,,,,
,,,,,,,,,,,,,,,,,7.863,0.303001404,0,,,,,,,,,,,,
,,,,,,,,,,,,,,,,,7.864,0.303001404,0,,,,,,,,,,,,
,,,,,,,,,,,,,,,,,7.865,0.294942856,0,,,,,,,,,,,,
,,,,,,,,,,,,,,,,,7.866,0.302195549,0,,,,,,,,,,,,
,,,,,,,,,,,,,,,,,7.867,0.288496017,0,,,,,,,,,,,,
,,,,,,,,,,,,,,,,,7.868,0.307030678,0,,,,,,,,,,,,
,,,,,,,,,,,,,,,,,7.869,0.306224823,0,,,,,,,,,,,,
,,,,,,,,,,,,,,,,,7.87,0.292525291,0,,,,,,,,,,,,
,,,,,,,,,,,,,,,,,7.871,0.303807259,0,,,,,,,,,,,,
,,,,,,,,,,,,,,,,,7.872,0.295748711,0,,,,,,,,,,,,
,,,,,,,,,,,,,,,,,7.873,0.305418968,0,,,,,,,,,,,,
,,,,,,,,,,,,,,,,,7.874,0.29897213,0,,,,,,,,,,,,
,,,,,,,,,,,,,,,,,7.875,0.300583839,0,,,,,,,,,,,,
,,,,,,,,,,,,,,,,,7.876,0.303807259,0,,,,,,,,,,,,
,,,,,,,,,,,,,,,,,7.877,0.300583839,0,,,,,,,,,,,,
,,,,,,,,,,,,,,,,,7.878,0.295748711,0,,,,,,,,,,,,
,,,,,,,,,,,,,,,,,7.879,0.302195549,0,,,,,,,,,,,,
,,,,,,,,,,,,,,,,,7.88,0.302195549,0,,,,,,,,,,,,
,,,,,,,,,,,,,,,,,7.881,0.261096954,0,,,,,,,,,,,,
,,,,,,,,,,,,,,,,,7.882,0.249814987,0,,,,,,,,,,,,
,,,,,,,,,,,,,,,,,7.883,0.265932083,0,,,,,,,,,,,,
,,,,,,,,,,,,,,,,,7.884,0.262708664,0,,,,,,,,,,,,
,,,,,,,,,,,,,,,,,7.885,0.249009132,0,,,,,,,,,,,,
,,,,,,,,,,,,,,,,,7.886,0.257873535,0,,,,,,,,,,,,
,,,,,,,,,,,,,,,,,7.887,0.270767212,0,,,,,,,,,,,,
,,,,,,,,,,,,,,,,,7.888,0.2602911,0,,,,,,,,,,,,
,,,,,,,,,,,,,,,,,7.889,0.268349648,0,,,,,,,,,,,,
,,,,,,,,,,,,,,,,,7.89,0.261096954,0,,,,,,,,,,,,
,,,,,,,,,,,,,,,,,7.891,0.269155502,0,,,,,,,,,,,,
,,,,,,,,,,,,,,,,,7.892,0.257873535,0,,,,,,,,,,,,
,,,,,,,,,,,,,,,,,7.893,0.263514519,0,,,,,,,,,,,,
,,,,,,,,,,,,,,,,,7.894,0.265126228,0,,,,,,,,,,,,
,,,,,,,,,,,,,,,,,7.895,0.269155502,0,,,,,,,,,,,,
,,,,,,,,,,,,,,,,,7.896,0.265126228,0,,,,,,,,,,,,
,,,,,,,,,,,,,,,,,7.897,0.263514519,0,,,,,,,,,,,,
,,,,,,,,,,,,,,,,,7.898,0.2602911,0,,,,,,,,,,,,
,,,,,,,,,,,,,,,,,7.899,0.255455971,0,,,,,,,,,,,,
,,,,,,,,,,,,,,,,,7.9,0.263514519,0,,,,,,,,,,,,
,,,,,,,,,,,,,,,,,7.901,0.259485245,0,,,,,,,,,,,,
,,,,,,,,,,,,,,,,,7.902,0.266737938,0,,,,,,,,,,,,
,,,,,,,,,,,,,,,,,7.903,0.25867939,0,,,,,,,,,,,,
,,,,,,,,,,,,,,,,,7.904,0.261096954,0,,,,,,,,,,,,
,,,,,,,,,,,,,,,,,7.905,0.261096954,0,,,,,,,,,,,,
,,,,,,,,,,,,,,,,,7.906,0.257873535,0,,,,,,,,,,,,
,,,,,,,,,,,,,,,,,7.907,0.265932083,0,,,,,,,,,,,,
,,,,,,,,,,,,,,,,,7.908,0.2602911,0,,,,,,,,,,,,
,,,,,,,,,,,,,,,,,7.909,0.2602911,0,,,,,,,,,,,,
,,,,,,,,,,,,,,,,,7.91,0.257873535,0,,,,,,,,,,,,
,,,,,,,,,,,,,,,,,7.911,0.2602911,0,,,,,,,,,,,,
,,,,,,,,,,,,,,,,,7.912,0.262708664,0,,,,,,,,,,,,
,,,,,,,,,,,,,,,,,7.913,0.257873535,0,,,,,,,,,,,,
,,,,,,,,,,,,,,,,,7.914,0.25706768,0,,,,,,,,,,,,
,,,,,,,,,,,,,,,,,7.915,0.261902809,0,,,,,,,,,,,,
,,,,,,,,,,,,,,,,,7.916,0.264320374,0,,,,,,,,,,,,
,,,,,,,,,,,,,,,,,7.917,0.256261826,0,,,,,,,,,,,,
,,,,,,,,,,,,,,,,,7.918,0.268349648,0,,,,,,,,,,,,
,,,,,,,,,,,,,,,,,7.919,0.264320374,0,,,,,,,,,,,,
,,,,,,,,,,,,,,,,,7.92,0.261096954,0,,,,,,,,,,,,
,,,,,,,,,,,,,,,,,7.921,0.262708664,0,,,,,,,,,,,,
,,,,,,,,,,,,,,,,,7.922,0.262708664,0,,,,,,,,,,,,
,,,,,,,,,,,,,,,,,7.923,0.262708664,0,,,,,,,,,,,,
,,,,,,,,,,,,,,,,,7.924,0.269155502,0,,,,,,,,,,,,
,,,,,,,,,,,,,,,,,7.925,0.253844261,0,,,,,,,,,,,,
,,,,,,,,,,,,,,,,,7.926,0.266737938,0,,,,,,,,,,,,
,,,,,,,,,,,,,,,,,7.927,0.272378922,0,,,,,,,,,,,,
,,,,,,,,,,,,,,,,,7.928,0.265126228,0,,,,,,,,,,,,
,,,,,,,,,,,,,,,,,7.929,0.259485245,0,,,,,,,,,,,,
,,,,,,,,,,,,,,,,,7.93,0.25867939,0,,,,,,,,,,,,
,,,,,,,,,,,,,,,,,7.931,0.264320374,0,,,,,,,,,,,,
,,,,,,,,,,,,,,,,,7.932,0.266737938,0,,,,,,,,,,,,
,,,,,,,,,,,,,,,,,7.933,0.2602911,0,,,,,,,,,,,,
,,,,,,,,,,,,,,,,,7.934,0.25867939,0,,,,,,,,,,,,
,,,,,,,,,,,,,,,,,7.935,0.265932083,0,,,,,,,,,,,,
,,,,,,,,,,,,,,,,,7.936,0.25867939,0,,,,,,,,,,,,
,,,,,,,,,,,,,,,,,7.937,0.257873535,0,,,,,,,,,,,,
,,,,,,,,,,,,,,,,,7.938,0.261902809,0,,,,,,,,,,,,
,,,,,,,,,,,,,,,,,7.939,0.259485245,0,,,,,,,,,,,,
,,,,,,,,,,,,,,,,,7.94,0.265932083,0,,,,,,,,,,,,
,,,,,,,,,,,,,,,,,7.941,0.263514519,0,,,,,,,,,,,,
,,,,,,,,,,,,,,,,,7.942,0.268349648,0,,,,,,,,,,,,
,,,,,,,,,,,,,,,,,7.943,0.2602911,0,,,,,,,,,,,,
,,,,,,,,,,,,,,,,,7.944,0.267543793,0,,,,,,,,,,,,
,,,,,,,,,,,,,,,,,7.945,0.265126228,0,,,,,,,,,,,,
,,,,,,,,,,,,,,,,,7.946,0.264320374,0,,,,,,,,,,,,
,,,,,,,,,,,,,,,,,7.947,0.272378922,0,,,,,,,,,,,,
,,,,,,,,,,,,,,,,,7.948,0.254650116,0,,,,,,,,,,,,
,,,,,,,,,,,,,,,,,7.949,0.262708664,0,,,,,,,,,,,,
,,,,,,,,,,,,,,,,,7.95,0.2602911,0,,,,,,,,,,,,
,,,,,,,,,,,,,,,,,7.951,0.2602911,0,,,,,,,,,,,,
,,,,,,,,,,,,,,,,,7.952,0.264320374,0,,,,,,,,,,,,
,,,,,,,,,,,,,,,,,7.953,0.263514519,0,,,,,,,,,,,,
,,,,,,,,,,,,,,,,,7.954,0.2602911,0,,,,,,,,,,,,
,,,,,,,,,,,,,,,,,7.955,0.265932083,0,,,,,,,,,,,,
,,,,,,,,,,,,,,,,,7.956,0.255455971,0,,,,,,,,,,,,
,,,,,,,,,,,,,,,,,7.957,0.264320374,0,,,,,,,,,,,,
,,,,,,,,,,,,,,,,,7.958,0.262708664,0,,,,,,,,,,,,
,,,,,,,,,,,,,,,,,7.959,0.261096954,0,,,,,,,,,,,,
,,,,,,,,,,,,,,,,,7.96,0.255455971,0,,,,,,,,,,,,
,,,,,,,,,,,,,,,,,7.961,0.255455971,0,,,,,,,,,,,,
,,,,,,,,,,,,,,,,,7.962,0.264320374,0,,,,,,,,,,,,
,,,,,,,,,,,,,,,,,7.963,0.264320374,0,,,,,,,,,,,,
,,,,,,,,,,,,,,,,,7.964,0.256261826,0,,,,,,,,,,,,
,,,,,,,,,,,,,,,,,7.965,0.270767212,0,,,,,,,,,,,,
,,,,,,,,,,,,,,,,,7.966,0.261902809,0,,,,,,,,,,,,
,,,,,,,,,,,,,,,,,7.967,0.261096954,0,,,,,,,,,,,,
,,,,,,,,,,,,,,,,,7.968,0.261096954,0,,,,,,,,,,,,
,,,,,,,,,,,,,,,,,7.969,0.2602911,0,,,,,,,,,,,,
,,,,,,,,,,,,,,,,,7.97,0.264320374,0,,,,,,,,,,,,
,,,,,,,,,,,,,,,,,7.971,0.256261826,0,,,,,,,,,,,,
,,,,,,,,,,,,,,,,,7.972,0.261096954,0,,,,,,,,,,,,
,,,,,,,,,,,,,,,,,7.973,0.257873535,0,,,,,,,,,,,,
,,,,,,,,,,,,,,,,,7.974,0.256261826,0,,,,,,,,,,,,
,,,,,,,,,,,,,,,,,7.975,0.262708664,0,,,,,,,,,,,,
,,,,,,,,,,,,,,,,,7.976,0.262708664,0,,,,,,,,,,,,
,,,,,,,,,,,,,,,,,7.977,0.264320374,0,,,,,,,,,,,,
,,,,,,,,,,,,,,,,,7.978,0.261902809,0,,,,,,,,,,,,
,,,,,,,,,,,,,,,,,7.979,0.2602911,0,,,,,,,,,,,,
,,,,,,,,,,,,,,,,,7.98,0.265932083,0,,,,,,,,,,,,
,,,,,,,,,,,,,,,,,7.981,0.252232552,0,,,,,,,,,,,,
,,,,,,,,,,,,,,,,,7.982,0.264320374,0,,,,,,,,,,,,
,,,,,,,,,,,,,,,,,7.983,0.265126228,0,,,,,,,,,,,,
,,,,,,,,,,,,,,,,,7.984,0.251426697,0,,,,,,,,,,,,
,,,,,,,,,,,,,,,,,7.985,0.255455971,0,,,,,,,,,,,,
,,,,,,,,,,,,,,,,,7.986,0.2602911,0,,,,,,,,,,,,
,,,,,,,,,,,,,,,,,7.987,0.261902809,0,,,,,,,,,,,,
,,,,,,,,,,,,,,,,,7.988,0.259485245,0,,,,,,,,,,,,
,,,,,,,,,,,,,,,,,7.989,0.261096954,0,,,,,,,,,,,,
,,,,,,,,,,,,,,,,,7.99,0.262708664,0,,,,,,,,,,,,
,,,,,,,,,,,,,,,,,7.991,0.265932083,0,,,,,,,,,,,,
,,,,,,,,,,,,,,,,,7.992,0.265126228,0,,,,,,,,,,,,
,,,,,,,,,,,,,,,,,7.993,0.256261826,0,,,,,,,,,,,,
,,,,,,,,,,,,,,,,,7.994,0.265126228,0,,,,,,,,,,,,
,,,,,,,,,,,,,,,,,7.995,0.261902809,0,,,,,,,,,,,,
,,,,,,,,,,,,,,,,,7.996,0.255455971,0,,,,,,,,,,,,
,,,,,,,,,,,,,,,,,7.997,0.261096954,0,,,,,,,,,,,,
,,,,,,,,,,,,,,,,,7.998,0.265126228,0,,,,,,,,,,,,
,,,,,,,,,,,,,,,,,7.999,0.257873535,0,,,,,,,,,,,,
,,,,,,,,,,,,,,,,,8,0.266737938,0,,,,,,,,,,,,
,,,,,,,,,,,,,,,,,8.001,0.261096954,0,,,,,,,,,,,,
,,,,,,,,,,,,,,,,,8.002,0.263514519,0,,,,,,,,,,,,
,,,,,,,,,,,,,,,,,8.003,0.261096954,0,,,,,,,,,,,,
,,,,,,,,,,,,,,,,,8.004,0.25867939,0,,,,,,,,,,,,
,,,,,,,,,,,,,,,,,8.005,0.265932083,0,,,,,,,,,,,,
,,,,,,,,,,,,,,,,,8.006,0.262708664,0,,,,,,,,,,,,
,,,,,,,,,,,,,,,,,8.007,0.263514519,0,,,,,,,,,,,,
,,,,,,,,,,,,,,,,,8.008,0.259485245,0,,,,,,,,,,,,
,,,,,,,,,,,,,,,,,8.009,0.257873535,0,,,,,,,,,,,,
,,,,,,,,,,,,,,,,,8.01,0.262708664,0,,,,,,,,,,,,
,,,,,,,,,,,,,,,,,8.011,0.265126228,0,,,,,,,,,,,,
,,,,,,,,,,,,,,,,,8.012,0.252232552,0,,,,,,,,,,,,
,,,,,,,,,,,,,,,,,8.013,0.262708664,0,,,,,,,,,,,,
,,,,,,,,,,,,,,,,,8.014,0.261096954,0,,,,,,,,,,,,
,,,,,,,,,,,,,,,,,8.015,0.263514519,0,,,,,,,,,,,,
,,,,,,,,,,,,,,,,,8.016,0.263514519,0,,,,,,,,,,,,
,,,,,,,,,,,,,,,,,8.017,0.2602911,0,,,,,,,,,,,,
,,,,,,,,,,,,,,,,,8.018,0.268349648,0,,,,,,,,,,,,
,,,,,,,,,,,,,,,,,8.019,0.249009132,0,,,,,,,,,,,,
,,,,,,,,,,,,,,,,,8.02,0.2602911,0,,,,,,,,,,,,
,,,,,,,,,,,,,,,,,8.021,0.257873535,0,,,,,,,,,,,,
,,,,,,,,,,,,,,,,,8.022,0.255455971,0,,,,,,,,,,,,
,,,,,,,,,,,,,,,,,8.023,0.25706768,0,,,,,,,,,,,,
,,,,,,,,,,,,,,,,,8.024,0.2602911,0,,,,,,,,,,,,
,,,,,,,,,,,,,,,,,8.025,0.255455971,0,,,,,,,,,,,,
,,,,,,,,,,,,,,,,,8.026,0.25706768,0,,,,,,,,,,,,
,,,,,,,,,,,,,,,,,8.027,0.256261826,0,,,,,,,,,,,,
,,,,,,,,,,,,,,,,,8.028,0.259485245,0,,,,,,,,,,,,
,,,,,,,,,,,,,,,,,8.029,0.257873535,0,,,,,,,,,,,,
,,,,,,,,,,,,,,,,,8.03,0.259485245,0,,,,,,,,,,,,
,,,,,,,,,,,,,,,,,8.031,0.254650116,0,,,,,,,,,,,,
,,,,,,,,,,,,,,,,,8.032,0.255455971,0,,,,,,,,,,,,
,,,,,,,,,,,,,,,,,8.033,0.259485245,0,,,,,,,,,,,,
,,,,,,,,,,,,,,,,,8.034,0.261096954,0,,,,,,,,,,,,
,,,,,,,,,,,,,,,,,8.035,0.261902809,0,,,,,,,,,,,,
,,,,,,,,,,,,,,,,,8.036,0.25706768,0,,,,,,,,,,,,
,,,,,,,,,,,,,,,,,8.037,0.256261826,0,,,,,,,,,,,,
,,,,,,,,,,,,,,,,,8.038,0.2602911,0,,,,,,,,,,,,
,,,,,,,,,,,,,,,,,8.039,0.254650116,0,,,,,,,,,,,,
,,,,,,,,,,,,,,,,,8.04,0.261096954,0,,,,,,,,,,,,
,,,,,,,,,,,,,,,,,8.041,0.254650116,0,,,,,,,,,,,,
,,,,,,,,,,,,,,,,,8.042,0.254650116,0,,,,,,,,,,,,
,,,,,,,,,,,,,,,,,8.043,0.244174004,0,,,,,,,,,,,,
,,,,,,,,,,,,,,,,,8.044,0.25706768,0,,,,,,,,,,,,
,,,,,,,,,,,,,,,,,8.045,0.24014473,0,,,,,,,,,,,,
,,,,,,,,,,,,,,,,,8.046,0.249814987,0,,,,,,,,,,,,
,,,,,,,,,,,,,,,,,8.047,0.252232552,0,,,,,,,,,,,,
,,,,,,,,,,,,,,,,,8.048,0.246591568,0,,,,,,,,,,,,
,,,,,,,,,,,,,,,,,8.049,0.249009132,0,,,,,,,,,,,,
,,,,,,,,,,,,,,,,,8.05,0.250620842,0,,,,,,,,,,,,
,,,,,,,,,,,,,,,,,8.051,0.245785713,0,,,,,,,,,,,,
,,,,,,,,,,,,,,,,,8.052,0.247397423,0,,,,,,,,,,,,
,,,,,,,,,,,,,,,,,8.053,0.243368149,0,,,,,,,,,,,,
,,,,,,,,,,,,,,,,,8.054,0.250620842,0,,,,,,,,,,,,
,,,,,,,,,,,,,,,,,8.055,0.245785713,0,,,,,,,,,,,,
,,,,,,,,,,,,,,,,,8.056,0.249814987,0,,,,,,,,,,,,
,,,,,,,,,,,,,,,,,8.057,0.249009132,0,,,,,,,,,,,,
,,,,,,,,,,,,,,,,,8.058,0.253844261,0,,,,,,,,,,,,
,,,,,,,,,,,,,,,,,8.059,0.251426697,0,,,,,,,,,,,,
,,,,,,,,,,,,,,,,,8.06,0.246591568,0,,,,,,,,,,,,
,,,,,,,,,,,,,,,,,8.061,0.255455971,0,,,,,,,,,,,,
,,,,,,,,,,,,,,,,,8.062,0.248203278,0,,,,,,,,,,,,
,,,,,,,,,,,,,,,,,8.063,0.249009132,0,,,,,,,,,,,,
,,,,,,,,,,,,,,,,,8.064,0.25706768,0,,,,,,,,,,,,
,,,,,,,,,,,,,,,,,8.065,0.239338875,0,,,,,,,,,,,,
,,,,,,,,,,,,,,,,,8.066,0.252232552,0,,,,,,,,,,,,
,,,,,,,,,,,,,,,,,8.067,0.252232552,0,,,,,,,,,,,,
,,,,,,,,,,,,,,,,,8.068,0.252232552,0,,,,,,,,,,,,
,,,,,,,,,,,,,,,,,8.069,0.252232552,0,,,,,,,,,,,,
,,,,,,,,,,,,,,,,,8.07,0.253038406,0,,,,,,,,,,,,
,,,,,,,,,,,,,,,,,8.071,0.244979858,0,,,,,,,,,,,,
,,,,,,,,,,,,,,,,,8.072,0.249814987,0,,,,,,,,,,,,
,,,,,,,,,,,,,,,,,8.073,0.244979858,0,,,,,,,,,,,,
,,,,,,,,,,,,,,,,,8.074,0.250620842,0,,,,,,,,,,,,
,,,,,,,,,,,,,,,,,8.075,0.253844261,0,,,,,,,,,,,,
,,,,,,,,,,,,,,,,,8.076,0.250620842,0,,,,,,,,,,,,
,,,,,,,,,,,,,,,,,8.077,0.25706768,0,,,,,,,,,,,,
,,,,,,,,,,,,,,,,,8.078,0.245785713,0,,,,,,,,,,,,
,,,,,,,,,,,,,,,,,8.079,0.245785713,0,,,,,,,,,,,,
,,,,,,,,,,,,,,,,,8.08,0.248203278,0,,,,,,,,,,,,
,,,,,,,,,,,,,,,,,8.081,0.251426697,0,,,,,,,,,,,,
,,,,,,,,,,,,,,,,,8.082,0.257873535,0,,,,,,,,,,,,
,,,,,,,,,,,,,,,,,8.083,0.256261826,0,,,,,,,,,,,,
,,,,,,,,,,,,,,,,,8.084,0.249009132,0,,,,,,,,,,,,
,,,,,,,,,,,,,,,,,8.085,0.248203278,0,,,,,,,,,,,,
,,,,,,,,,,,,,,,,,8.086,0.253844261,0,,,,,,,,,,,,
,,,,,,,,,,,,,,,,,8.087,0.244174004,0,,,,,,,,,,,,
,,,,,,,,,,,,,,,,,8.088,0.246591568,0,,,,,,,,,,,,
,,,,,,,,,,,,,,,,,8.089,0.251426697,0,,,,,,,,,,,,
,,,,,,,,,,,,,,,,,8.09,0.250620842,0,,,,,,,,,,,,
,,,,,,,,,,,,,,,,,8.091,0.251426697,0,,,,,,,,,,,,
,,,,,,,,,,,,,,,,,8.092,0.247397423,0,,,,,,,,,,,,
,,,,,,,,,,,,,,,,,8.093,0.257873535,0,,,,,,,,,,,,
,,,,,,,,,,,,,,,,,8.094,0.246591568,0,,,,,,,,,,,,
,,,,,,,,,,,,,,,,,8.095,0.249009132,0,,,,,,,,,,,,
,,,,,,,,,,,,,,,,,8.096,0.253038406,0,,,,,,,,,,,,
,,,,,,,,,,,,,,,,,8.097,0.250620842,0,,,,,,,,,,,,
,,,,,,,,,,,,,,,,,8.098,0.253038406,0,,,,,,,,,,,,
,,,,,,,,,,,,,,,,,8.099,0.252232552,0,,,,,,,,,,,,
,,,,,,,,,,,,,,,,,8.1,0.252232552,0,,,,,,,,,,,,
,,,,,,,,,,,,,,,,,8.101,0.248203278,0,,,,,,,,,,,,
,,,,,,,,,,,,,,,,,8.102,0.250620842,0,,,,,,,,,,,,
,,,,,,,,,,,,,,,,,8.103,0.241756439,0,,,,,,,,,,,,
,,,,,,,,,,,,,,,,,8.104,0.249814987,0,,,,,,,,,,,,
,,,,,,,,,,,,,,,,,8.105,0.255455971,0,,,,,,,,,,,,
,,,,,,,,,,,,,,,,,8.106,0.249009132,0,,,,,,,,,,,,
,,,,,,,,,,,,,,,,,8.107,0.249814987,0,,,,,,,,,,,,
,,,,,,,,,,,,,,,,,8.108,0.253038406,0,,,,,,,,,,,,
,,,,,,,,,,,,,,,,,8.109,0.257873535,0,,,,,,,,,,,,
,,,,,,,,,,,,,,,,,8.11,0.246591568,0,,,,,,,,,,,,
,,,,,,,,,,,,,,,,,8.111,0.247397423,0,,,,,,,,,,,,
,,,,,,,,,,,,,,,,,8.112,0.244174004,0,,,,,,,,,,,,
,,,,,,,,,,,,,,,,,8.113,0.254650116,0,,,,,,,,,,,,
,,,,,,,,,,,,,,,,,8.114,0.253844261,0,,,,,,,,,,,,
,,,,,,,,,,,,,,,,,8.115,0.257873535,0,,,,,,,,,,,,
,,,,,,,,,,,,,,,,,8.116,0.251426697,0,,,,,,,,,,,,
,,,,,,,,,,,,,,,,,8.117,0.257873535,0,,,,,,,,,,,,
,,,,,,,,,,,,,,,,,8.118,0.244174004,0,,,,,,,,,,,,
,,,,,,,,,,,,,,,,,8.119,0.247397423,0,,,,,,,,,,,,
,,,,,,,,,,,,,,,,,8.12,0.249814987,0,,,,,,,,,,,,
,,,,,,,,,,,,,,,,,8.121,0.246591568,0,,,,,,,,,,,,
,,,,,,,,,,,,,,,,,8.122,0.243368149,0,,,,,,,,,,,,
,,,,,,,,,,,,,,,,,8.123,0.251426697,0,,,,,,,,,,,,
,,,,,,,,,,,,,,,,,8.124,0.250620842,0,,,,,,,,,,,,
,,,,,,,,,,,,,,,,,8.125,0.2602911,0,,,,,,,,,,,,
,,,,,,,,,,,,,,,,,8.126,0.249009132,0,,,,,,,,,,,,
,,,,,,,,,,,,,,,,,8.127,0.249814987,0,,,,,,,,,,,,
,,,,,,,,,,,,,,,,,8.128,0.242562294,0,,,,,,,,,,,,
,,,,,,,,,,,,,,,,,8.129,0.244979858,0,,,,,,,,,,,,
,,,,,,,,,,,,,,,,,8.13,0.250620842,0,,,,,,,,,,,,
,,,,,,,,,,,,,,,,,8.131,0.244979858,0,,,,,,,,,,,,
,,,,,,,,,,,,,,,,,8.132,0.244174004,0,,,,,,,,,,,,
,,,,,,,,,,,,,,,,,8.133,0.245785713,0,,,,,,,,,,,,
,,,,,,,,,,,,,,,,,8.134,0.244174004,0,,,,,,,,,,,,
,,,,,,,,,,,,,,,,,8.135,0.248203278,0,,,,,,,,,,,,
,,,,,,,,,,,,,,,,,8.136,0.247397423,0,,,,,,,,,,,,
,,,,,,,,,,,,,,,,,8.137,0.255455971,0,,,,,,,,,,,,
,,,,,,,,,,,,,,,,,8.138,0.252232552,0,,,,,,,,,,,,
,,,,,,,,,,,,,,,,,8.139,0.247397423,0,,,,,,,,,,,,
,,,,,,,,,,,,,,,,,8.14,0.255455971,0,,,,,,,,,,,,
,,,,,,,,,,,,,,,,,8.141,0.253844261,0,,,,,,,,,,,,
,,,,,,,,,,,,,,,,,8.142,0.246591568,0,,,,,,,,,,,,
,,,,,,,,,,,,,,,,,8.143,0.241756439,0,,,,,,,,,,,,
,,,,,,,,,,,,,,,,,8.144,0.250620842,0,,,,,,,,,,,,
,,,,,,,,,,,,,,,,,8.145,0.250620842,0,,,,,,,,,,,,
,,,,,,,,,,,,,,,,,8.146,0.244174004,0,,,,,,,,,,,,
,,,,,,,,,,,,,,,,,8.147,0.248203278,0,,,,,,,,,,,,
,,,,,,,,,,,,,,,,,8.148,0.247397423,0,,,,,,,,,,,,
,,,,,,,,,,,,,,,,,8.149,0.248203278,0,,,,,,,,,,,,
,,,,,,,,,,,,,,,,,8.15,0.248203278,0,,,,,,,,,,,,
,,,,,,,,,,,,,,,,,8.151,0.248203278,0,,,,,,,,,,,,
,,,,,,,,,,,,,,,,,8.152,0.249814987,0,,,,,,,,,,,,
,,,,,,,,,,,,,,,,,8.153,0.252232552,0,,,,,,,,,,,,
,,,,,,,,,,,,,,,,,8.154,0.251426697,0,,,,,,,,,,,,
,,,,,,,,,,,,,,,,,8.155,0.246591568,0,,,,,,,,,,,,
,,,,,,,,,,,,,,,,,8.156,0.243368149,0,,,,,,,,,,,,
,,,,,,,,,,,,,,,,,8.157,0.256261826,0,,,,,,,,,,,,
,,,,,,,,,,,,,,,,,8.158,0.248203278,0,,,,,,,,,,,,
,,,,,,,,,,,,,,,,,8.159,0.246591568,0,,,,,,,,,,,,
,,,,,,,,,,,,,,,,,8.16,0.244174004,0,,,,,,,,,,,,
,,,,,,,,,,,,,,,,,8.161,0.244174004,0,,,,,,,,,,,,
,,,,,,,,,,,,,,,,,8.162,0.247397423,0,,,,,,,,,,,,
,,,,,,,,,,,,,,,,,8.163,0.256261826,0,,,,,,,,,,,,
,,,,,,,,,,,,,,,,,8.164,0.250620842,0,,,,,,,,,,,,
,,,,,,,,,,,,,,,,,8.165,0.245785713,0,,,,,,,,,,,,
,,,,,,,,,,,,,,,,,8.166,0.253038406,0,,,,,,,,,,,,
,,,,,,,,,,,,,,,,,8.167,0.248203278,0,,,,,,,,,,,,
,,,,,,,,,,,,,,,,,8.168,0.253038406,0,,,,,,,,,,,,
,,,,,,,,,,,,,,,,,8.169,0.241756439,0,,,,,,,,,,,,
,,,,,,,,,,,,,,,,,8.17,0.248203278,0,,,,,,,,,,,,
,,,,,,,,,,,,,,,,,8.171,0.245785713,0,,,,,,,,,,,,
,,,,,,,,,,,,,,,,,8.172,0.249814987,0,,,,,,,,,,,,
,,,,,,,,,,,,,,,,,8.173,0.250620842,0,,,,,,,,,,,,
,,,,,,,,,,,,,,,,,8.174,0.251426697,0,,,,,,,,,,,,
,,,,,,,,,,,,,,,,,8.175,0.243368149,0,,,,,,,,,,,,
,,,,,,,,,,,,,,,,,8.176,0.251426697,0,,,,,,,,,,,,
,,,,,,,,,,,,,,,,,8.177,0.24014473,0,,,,,,,,,,,,
,,,,,,,,,,,,,,,,,8.178,0.244979858,0,,,,,,,,,,,,
,,,,,,,,,,,,,,,,,8.179,0.246591568,0,,,,,,,,,,,,
,,,,,,,,,,,,,,,,,8.18,0.246591568,0,,,,,,,,,,,,
,,,,,,,,,,,,,,,,,8.181,0.244174004,0,,,,,,,,,,,,
,,,,,,,,,,,,,,,,,8.182,0.244979858,0,,,,,,,,,,,,
,,,,,,,,,,,,,,,,,8.183,0.243368149,0,,,,,,,,,,,,
,,,,,,,,,,,,,,,,,8.184,0.244979858,0,,,,,,,,,,,,
,,,,,,,,,,,,,,,,,8.185,0.241756439,0,,,,,,,,,,,,
,,,,,,,,,,,,,,,,,8.186,0.23853302,0,,,,,,,,,,,,
,,,,,,,,,,,,,,,,,8.187,0.249009132,0,,,,,,,,,,,,
,,,,,,,,,,,,,,,,,8.188,0.242562294,0,,,,,,,,,,,,
,,,,,,,,,,,,,,,,,8.189,0.251426697,0,,,,,,,,,,,,
,,,,,,,,,,,,,,,,,8.19,0.248203278,0,,,,,,,,,,,,
,,,,,,,,,,,,,,,,,8.191,0.242562294,0,,,,,,,,,,,,
,,,,,,,,,,,,,,,,,8.192,0.237727165,0,,,,,,,,,,,,
,,,,,,,,,,,,,,,,,8.193,0.245785713,0,,,,,,,,,,,,
,,,,,,,,,,,,,,,,,8.194,0.240950584,0,,,,,,,,,,,,
,,,,,,,,,,,,,,,,,8.195,0.242562294,0,,,,,,,,,,,,
,,,,,,,,,,,,,,,,,8.196,0.237727165,0,,,,,,,,,,,,
,,,,,,,,,,,,,,,,,8.197,0.246591568,0,,,,,,,,,,,,
,,,,,,,,,,,,,,,,,8.198,0.251426697,0,,,,,,,,,,,,
,,,,,,,,,,,,,,,,,8.199,0.227251053,0,,,,,,,,,,,,
,,,,,,,,,,,,,,,,,8.2,0.219192505,0,,,,,,,,,,,,
,,,,,,,,,,,,,,,,,8.201,0.227251053,0,,,,,,,,,,,,
,,,,,,,,,,,,,,,,,8.202,0.224833488,0,,,,,,,,,,,,
,,,,,,,,,,,,,,,,,8.203,0.229668617,0,,,,,,,,,,,,
,,,,,,,,,,,,,,,,,8.204,0.227251053,0,,,,,,,,,,,,
,,,,,,,,,,,,,,,,,8.205,0.231280327,0,,,,,,,,,,,,
,,,,,,,,,,,,,,,,,8.206,0.222415924,0,,,,,,,,,,,,
,,,,,,,,,,,,,,,,,8.207,0.220804214,0,,,,,,,,,,,,
,,,,,,,,,,,,,,,,,8.208,0.222415924,0,,,,,,,,,,,,
,,,,,,,,,,,,,,,,,8.209,0.223221779,0,,,,,,,,,,,,
,,,,,,,,,,,,,,,,,8.21,0.232086182,0,,,,,,,,,,,,
,,,,,,,,,,,,,,,,,8.211,0.227251053,0,,,,,,,,,,,,
,,,,,,,,,,,,,,,,,8.212,0.234503746,0,,,,,,,,,,,,
,,,,,,,,,,,,,,,,,8.213,0.21677494,0,,,,,,,,,,,,
,,,,,,,,,,,,,,,,,8.214,0.227251053,0,,,,,,,,,,,,
,,,,,,,,,,,,,,,,,8.215,0.222415924,0,,,,,,,,,,,,
,,,,,,,,,,,,,,,,,8.216,0.228056908,0,,,,,,,,,,,,
,,,,,,,,,,,,,,,,,8.217,0.229668617,0,,,,,,,,,,,,
,,,,,,,,,,,,,,,,,8.218,0.221610069,0,,,,,,,,,,,,
,,,,,,,,,,,,,,,,,8.219,0.232086182,0,,,,,,,,,,,,
,,,,,,,,,,,,,,,,,8.22,0.228056908,0,,,,,,,,,,,,
,,,,,,,,,,,,,,,,,8.221,0.225639343,0,,,,,,,,,,,,
,,,,,,,,,,,,,,,,,8.222,0.226445198,0,,,,,,,,,,,,
,,,,,,,,,,,,,,,,,8.223,0.226445198,0,,,,,,,,,,,,
,,,,,,,,,,,,,,,,,8.224,0.21999836,0,,,,,,,,,,,,
,,,,,,,,,,,,,,,,,8.225,0.224027634,0,,,,,,,,,,,,
,,,,,,,,,,,,,,,,,8.226,0.220804214,0,,,,,,,,,,,,
,,,,,,,,,,,,,,,,,8.227,0.227251053,0,,,,,,,,,,,,
,,,,,,,,,,,,,,,,,8.228,0.220804214,0,,,,,,,,,,,,
,,,,,,,,,,,,,,,,,8.229,0.226445198,0,,,,,,,,,,,,
,,,,,,,,,,,,,,,,,8.23,0.214357376,0,,,,,,,,,,,,
,,,,,,,,,,,,,,,,,8.231,0.223221779,0,,,,,,,,,,,,
,,,,,,,,,,,,,,,,,8.232,0.226445198,0,,,,,,,,,,,,
,,,,,,,,,,,,,,,,,8.233,0.224833488,0,,,,,,,,,,,,
,,,,,,,,,,,,,,,,,8.234,0.21838665,0,,,,,,,,,,,,
,,,,,,,,,,,,,,,,,8.235,0.223221779,0,,,,,,,,,,,,
,,,,,,,,,,,,,,,,,8.236,0.221610069,0,,,,,,,,,,,,
,,,,,,,,,,,,,,,,,8.237,0.222415924,0,,,,,,,,,,,,
,,,,,,,,,,,,,,,,,8.238,0.215969086,0,,,,,,,,,,,,
,,,,,,,,,,,,,,,,,8.239,0.234503746,0,,,,,,,,,,,,
,,,,,,,,,,,,,,,,,8.24,0.225639343,0,,,,,,,,,,,,
,,,,,,,,,,,,,,,,,8.241,0.21999836,0,,,,,,,,,,,,
,,,,,,,,,,,,,,,,,8.242,0.21999836,0,,,,,,,,,,,,
,,,,,,,,,,,,,,,,,8.243,0.224833488,0,,,,,,,,,,,,
,,,,,,,,,,,,,,,,,8.244,0.228056908,0,,,,,,,,,,,,
,,,,,,,,,,,,,,,,,8.245,0.227251053,0,,,,,,,,,,,,
,,,,,,,,,,,,,,,,,8.246,0.221610069,0,,,,,,,,,,,,
,,,,,,,,,,,,,,,,,8.247,0.219192505,0,,,,,,,,,,,,
,,,,,,,,,,,,,,,,,8.248,0.223221779,0,,,,,,,,,,,,
,,,,,,,,,,,,,,,,,8.249,0.222415924,0,,,,,,,,,,,,
,,,,,,,,,,,,,,,,,8.25,0.225639343,0,,,,,,,,,,,,
,,,,,,,,,,,,,,,,,8.251,0.227251053,0,,,,,,,,,,,,
,,,,,,,,,,,,,,,,,8.252,0.221610069,0,,,,,,,,,,,,
,,,,,,,,,,,,,,,,,8.253,0.230474472,0,,,,,,,,,,,,
,,,,,,,,,,,,,,,,,8.254,0.217580795,0,,,,,,,,,,,,
,,,,,,,,,,,,,,,,,8.255,0.215163231,0,,,,,,,,,,,,
,,,,,,,,,,,,,,,,,8.256,0.221610069,0,,,,,,,,,,,,
,,,,,,,,,,,,,,,,,8.257,0.223221779,0,,,,,,,,,,,,
,,,,,,,,,,,,,,,,,8.258,0.219192505,0,,,,,,,,,,,,
,,,,,,,,,,,,,,,,,8.259,0.21677494,0,,,,,,,,,,,,
,,,,,,,,,,,,,,,,,8.26,0.228056908,0,,,,,,,,,,,,
,,,,,,,,,,,,,,,,,8.261,0.21838665,0,,,,,,,,,,,,
,,,,,,,,,,,,,,,,,8.262,0.21677494,0,,,,,,,,,,,,
,,,,,,,,,,,,,,,,,8.263,0.224833488,0,,,,,,,,,,,,
,,,,,,,,,,,,,,,,,8.264,0.224833488,0,,,,,,,,,,,,
,,,,,,,,,,,,,,,,,8.265,0.222415924,0,,,,,,,,,,,,
,,,,,,,,,,,,,,,,,8.266,0.219192505,0,,,,,,,,,,,,
,,,,,,,,,,,,,,,,,8.267,0.215969086,0,,,,,,,,,,,,
,,,,,,,,,,,,,,,,,8.268,0.21999836,0,,,,,,,,,,,,
,,,,,,,,,,,,,,,,,8.269,0.228056908,0,,,,,,,,,,,,
,,,,,,,,,,,,,,,,,8.27,0.224027634,0,,,,,,,,,,,,
,,,,,,,,,,,,,,,,,8.271,0.215163231,0,,,,,,,,,,,,
,,,,,,,,,,,,,,,,,8.272,0.215163231,0,,,,,,,,,,,,
,,,,,,,,,,,,,,,,,8.273,0.220804214,0,,,,,,,,,,,,
,,,,,,,,,,,,,,,,,8.274,0.225639343,0,,,,,,,,,,,,
,,,,,,,,,,,,,,,,,8.275,0.224833488,0,,,,,,,,,,,,
,,,,,,,,,,,,,,,,,8.276,0.224027634,0,,,,,,,,,,,,
,,,,,,,,,,,,,,,,,8.277,0.219192505,0,,,,,,,,,,,,
,,,,,,,,,,,,,,,,,8.278,0.219192505,0,,,,,,,,,,,,
,,,,,,,,,,,,,,,,,8.279,0.213551521,0,,,,,,,,,,,,
,,,,,,,,,,,,,,,,,8.28,0.21999836,0,,,,,,,,,,,,
,,,,,,,,,,,,,,,,,8.281,0.21838665,0,,,,,,,,,,,,
,,,,,,,,,,,,,,,,,8.282,0.214357376,0,,,,,,,,,,,,
,,,,,,,,,,,,,,,,,8.283,0.225639343,0,,,,,,,,,,,,
,,,,,,,,,,,,,,,,,8.284,0.215969086,0,,,,,,,,,,,,
,,,,,,,,,,,,,,,,,8.285,0.21838665,0,,,,,,,,,,,,
,,,,,,,,,,,,,,,,,8.286,0.228056908,0,,,,,,,,,,,,
,,,,,,,,,,,,,,,,,8.287,0.217580795,0,,,,,,,,,,,,
,,,,,,,,,,,,,,,,,8.288,0.219192505,0,,,,,,,,,,,,
,,,,,,,,,,,,,,,,,8.289,0.222415924,0,,,,,,,,,,,,
,,,,,,,,,,,,,,,,,8.29,0.219192505,0,,,,,,,,,,,,
,,,,,,,,,,,,,,,,,8.291,0.212745667,0,,,,,,,,,,,,
,,,,,,,,,,,,,,,,,8.292,0.223221779,0,,,,,,,,,,,,
,,,,,,,,,,,,,,,,,8.293,0.225639343,0,,,,,,,,,,,,
,,,,,,,,,,,,,,,,,8.294,0.224833488,0,,,,,,,,,,,,
,,,,,,,,,,,,,,,,,8.295,0.21838665,0,,,,,,,,,,,,
,,,,,,,,,,,,,,,,,8.296,0.224027634,0,,,,,,,,,,,,
,,,,,,,,,,,,,,,,,8.297,0.222415924,0,,,,,,,,,,,,
,,,,,,,,,,,,,,,,,8.298,0.217580795,0,,,,,,,,,,,,
,,,,,,,,,,,,,,,,,8.299,0.223221779,0,,,,,,,,,,,,
,,,,,,,,,,,,,,,,,8.3,0.221610069,0,,,,,,,,,,,,
,,,,,,,,,,,,,,,,,8.301,0.21677494,0,,,,,,,,,,,,
,,,,,,,,,,,,,,,,,8.302,0.212745667,0,,,,,,,,,,,,
,,,,,,,,,,,,,,,,,8.303,0.223221779,0,,,,,,,,,,,,
,,,,,,,,,,,,,,,,,8.304,0.21838665,0,,,,,,,,,,,,
,,,,,,,,,,,,,,,,,8.305,0.230474472,0,,,,,,,,,,,,
,,,,,,,,,,,,,,,,,8.306,0.212745667,0,,,,,,,,,,,,
,,,,,,,,,,,,,,,,,8.307,0.227251053,0,,,,,,,,,,,,
,,,,,,,,,,,,,,,,,8.308,0.215969086,0,,,,,,,,,,,,
,,,,,,,,,,,,,,,,,8.309,0.223221779,0,,,,,,,,,,,,
,,,,,,,,,,,,,,,,,8.31,0.220804214,0,,,,,,,,,,,,
,,,,,,,,,,,,,,,,,8.311,0.223221779,0,,,,,,,,,,,,
,,,,,,,,,,,,,,,,,8.312,0.223221779,0,,,,,,,,,,,,
,,,,,,,,,,,,,,,,,8.313,0.229668617,0,,,,,,,,,,,,
,,,,,,,,,,,,,,,,,8.314,0.221610069,0,,,,,,,,,,,,
,,,,,,,,,,,,,,,,,8.315,0.217580795,0,,,,,,,,,,,,
,,,,,,,,,,,,,,,,,8.316,0.227251053,0,,,,,,,,,,,,
,,,,,,,,,,,,,,,,,8.317,0.222415924,0,,,,,,,,,,,,
,,,,,,,,,,,,,,,,,8.318,0.214357376,0,,,,,,,,,,,,
,,,,,,,,,,,,,,,,,8.319,0.231280327,0,,,,,,,,,,,,
,,,,,,,,,,,,,,,,,8.32,0.21838665,0,,,,,,,,,,,,
,,,,,,,,,,,,,,,,,8.321,0.215163231,0,,,,,,,,,,,,
,,,,,,,,,,,,,,,,,8.322,0.217580795,0,,,,,,,,,,,,
,,,,,,,,,,,,,,,,,8.323,0.222415924,0,,,,,,,,,,,,
,,,,,,,,,,,,,,,,,8.324,0.229668617,0,,,,,,,,,,,,
,,,,,,,,,,,,,,,,,8.325,0.21838665,0,,,,,,,,,,,,
,,,,,,,,,,,,,,,,,8.326,0.221610069,0,,,,,,,,,,,,
,,,,,,,,,,,,,,,,,8.327,0.21838665,0,,,,,,,,,,,,
,,,,,,,,,,,,,,,,,8.328,0.219192505,0,,,,,,,,,,,,
,,,,,,,,,,,,,,,,,8.329,0.220804214,0,,,,,,,,,,,,
,,,,,,,,,,,,,,,,,8.33,0.217580795,0,,,,,,,,,,,,
,,,,,,,,,,,,,,,,,8.331,0.21999836,0,,,,,,,,,,,,
,,,,,,,,,,,,,,,,,8.332,0.221610069,0,,,,,,,,,,,,
,,,,,,,,,,,,,,,,,8.333,0.224833488,0,,,,,,,,,,,,
,,,,,,,,,,,,,,,,,8.334,0.221610069,0,,,,,,,,,,,,
,,,,,,,,,,,,,,,,,8.335,0.21838665,0,,,,,,,,,,,,
,,,,,,,,,,,,,,,,,8.336,0.225639343,0,,,,,,,,,,,,
,,,,,,,,,,,,,,,,,8.337,0.21677494,0,,,,,,,,,,,,
,,,,,,,,,,,,,,,,,8.338,0.21838665,0,,,,,,,,,,,,
,,,,,,,,,,,,,,,,,8.339,0.223221779,0,,,,,,,,,,,,
,,,,,,,,,,,,,,,,,8.34,0.217580795,0,,,,,,,,,,,,
,,,,,,,,,,,,,,,,,8.341,0.223221779,0,,,,,,,,,,,,
,,,,,,,,,,,,,,,,,8.342,0.21999836,0,,,,,,,,,,,,
,,,,,,,,,,,,,,,,,8.343,0.222415924,0,,,,,,,,,,,,
,,,,,,,,,,,,,,,,,8.344,0.224833488,0,,,,,,,,,,,,
,,,,,,,,,,,,,,,,,8.345,0.225639343,0,,,,,,,,,,,,
,,,,,,,,,,,,,,,,,8.346,0.219192505,0,,,,,,,,,,,,
,,,,,,,,,,,,,,,,,8.347,0.228862762,0,,,,,,,,,,,,
,,,,,,,,,,,,,,,,,8.348,0.214357376,0,,,,,,,,,,,,
,,,,,,,,,,,,,,,,,8.349,0.215969086,0,,,,,,,,,,,,
,,,,,,,,,,,,,,,,,8.35,0.221610069,0,,,,,,,,,,,,
,,,,,,,,,,,,,,,,,8.351,0.222415924,0,,,,,,,,,,,,
,,,,,,,,,,,,,,,,,8.352,0.21999836,0,,,,,,,,,,,,
,,,,,,,,,,,,,,,,,8.353,0.214357376,0,,,,,,,,,,,,
,,,,,,,,,,,,,,,,,8.354,0.226445198,0,,,,,,,,,,,,
,,,,,,,,,,,,,,,,,8.355,0.21677494,0,,,,,,,,,,,,
,,,,,,,,,,,,,,,,,8.356,0.222415924,0,,,,,,,,,,,,
,,,,,,,,,,,,,,,,,8.357,0.21999836,0,,,,,,,,,,,,
,,,,,,,,,,,,,,,,,8.358,0.227251053,0,,,,,,,,,,,,
,,,,,,,,,,,,,,,,,8.359,0.21838665,0,,,,,,,,,,,,
,,,,,,,,,,,,,,,,,8.36,0.225639343,0,,,,,,,,,,,,
,,,,,,,,,,,,,,,,,8.361,0.212745667,0,,,,,,,,,,,,
,,,,,,,,,,,,,,,,,8.362,0.21838665,0,,,,,,,,,,,,
,,,,,,,,,,,,,,,,,8.363,0.224833488,0,,,,,,,,,,,,
,,,,,,,,,,,,,,,,,8.364,0.224027634,0,,,,,,,,,,,,
,,,,,,,,,,,,,,,,,8.365,0.221610069,0,,,,,,,,,,,,
,,,,,,,,,,,,,,,,,8.366,0.219192505,0,,,,,,,,,,,,
,,,,,,,,,,,,,,,,,8.367,0.225639343,0,,,,,,,,,,,,
,,,,,,,,,,,,,,,,,8.368,0.225639343,0,,,,,,,,,,,,
,,,,,,,,,,,,,,,,,8.369,0.228056908,0,,,,,,,,,,,,
,,,,,,,,,,,,,,,,,8.37,0.219192505,0,,,,,,,,,,,,
,,,,,,,,,,,,,,,,,8.371,0.230474472,0,,,,,,,,,,,,
,,,,,,,,,,,,,,,,,8.372,0.224027634,0,,,,,,,,,,,,
,,,,,,,,,,,,,,,,,8.373,0.233697891,0,,,,,,,,,,,,
,,,,,,,,,,,,,,,,,8.374,0.224833488,0,,,,,,,,,,,,
,,,,,,,,,,,,,,,,,8.375,0.225639343,0,,,,,,,,,,,,
,,,,,,,,,,,,,,,,,8.376,0.235309601,0,,,,,,,,,,,,
,,,,,,,,,,,,,,,,,8.377,0.215969086,0,,,,,,,,,,,,
,,,,,,,,,,,,,,,,,8.378,0.224027634,0,,,,,,,,,,,,
,,,,,,,,,,,,,,,,,8.379,0.232086182,0,,,,,,,,,,,,
,,,,,,,,,,,,,,,,,8.38,0.231280327,0,,,,,,,,,,,,
,,,,,,,,,,,,,,,,,8.381,0.228056908,0,,,,,,,,,,,,
,,,,,,,,,,,,,,,,,8.382,0.224833488,0,,,,,,,,,,,,
,,,,,,,,,,,,,,,,,8.383,0.228056908,0,,,,,,,,,,,,
,,,,,,,,,,,,,,,,,8.384,0.227251053,0,,,,,,,,,,,,
,,,,,,,,,,,,,,,,,8.385,0.229668617,0,,,,,,,,,,,,
,,,,,,,,,,,,,,,,,8.386,0.233697891,0,,,,,,,,,,,,
,,,,,,,,,,,,,,,,,8.387,0.225639343,0,,,,,,,,,,,,
,,,,,,,,,,,,,,,,,8.388,0.21999836,0,,,,,,,,,,,,
,,,,,,,,,,,,,,,,,8.389,0.228862762,0,,,,,,,,,,,,
,,,,,,,,,,,,,,,,,8.39,0.232086182,0,,,,,,,,,,,,
,,,,,,,,,,,,,,,,,8.391,0.236115456,0,,,,,,,,,,,,
,,,,,,,,,,,,,,,,,8.392,0.236115456,0,,,,,,,,,,,,
,,,,,,,,,,,,,,,,,8.393,0.228056908,0,,,,,,,,,,,,
,,,,,,,,,,,,,,,,,8.394,0.232086182,0,,,,,,,,,,,,
,,,,,,,,,,,,,,,,,8.395,0.225639343,0,,,,,,,,,,,,
,,,,,,,,,,,,,,,,,8.396,0.225639343,0,,,,,,,,,,,,
,,,,,,,,,,,,,,,,,8.397,0.23692131,0,,,,,,,,,,,,
,,,,,,,,,,,,,,,,,8.398,0.228862762,0,,,,,,,,,,,,
,,,,,,,,,,,,,,,,,8.399,0.225639343,0,,,,,,,,,,,,
,,,,,,,,,,,,,,,,,8.4,0.219192505,0,,,,,,,,,,,,
,,,,,,,,,,,,,,,,,8.401,0.232892036,0,,,,,,,,,,,,
,,,,,,,,,,,,,,,,,8.402,0.223221779,0,,,,,,,,,,,,
,,,,,,,,,,,,,,,,,8.403,0.234503746,0,,,,,,,,,,,,
,,,,,,,,,,,,,,,,,8.404,0.234503746,0,,,,,,,,,,,,
,,,,,,,,,,,,,,,,,8.405,0.228056908,0,,,,,,,,,,,,
,,,,,,,,,,,,,,,,,8.406,0.226445198,0,,,,,,,,,,,,
,,,,,,,,,,,,,,,,,8.407,0.228862762,0,,,,,,,,,,,,
,,,,,,,,,,,,,,,,,8.408,0.226445198,0,,,,,,,,,,,,
,,,,,,,,,,,,,,,,,8.409,0.231280327,0,,,,,,,,,,,,
,,,,,,,,,,,,,,,,,8.41,0.232892036,0,,,,,,,,,,,,
,,,,,,,,,,,,,,,,,8.411,0.224833488,0,,,,,,,,,,,,
,,,,,,,,,,,,,,,,,8.412,0.229668617,0,,,,,,,,,,,,
,,,,,,,,,,,,,,,,,8.413,0.232086182,0,,,,,,,,,,,,
,,,,,,,,,,,,,,,,,8.414,0.225639343,0,,,,,,,,,,,,
,,,,,,,,,,,,,,,,,8.415,0.227251053,0,,,,,,,,,,,,
,,,,,,,,,,,,,,,,,8.416,0.230474472,0,,,,,,,,,,,,
,,,,,,,,,,,,,,,,,8.417,0.225639343,0,,,,,,,,,,,,
,,,,,,,,,,,,,,,,,8.418,0.231280327,0,,,,,,,,,,,,
,,,,,,,,,,,,,,,,,8.419,0.225639343,0,,,,,,,,,,,,
,,,,,,,,,,,,,,,,,8.42,0.235309601,0,,,,,,,,,,,,
,,,,,,,,,,,,,,,,,8.421,0.232086182,0,,,,,,,,,,,,
,,,,,,,,,,,,,,,,,8.422,0.228862762,0,,,,,,,,,,,,
,,,,,,,,,,,,,,,,,8.423,0.239338875,0,,,,,,,,,,,,
,,,,,,,,,,,,,,,,,8.424,0.226445198,0,,,,,,,,,,,,
,,,,,,,,,,,,,,,,,8.425,0.236115456,0,,,,,,,,,,,,
,,,,,,,,,,,,,,,,,8.426,0.230474472,0,,,,,,,,,,,,
,,,,,,,,,,,,,,,,,8.427,0.230474472,0,,,,,,,,,,,,
,,,,,,,,,,,,,,,,,8.428,0.228056908,0,,,,,,,,,,,,
,,,,,,,,,,,,,,,,,8.429,0.237727165,0,,,,,,,,,,,,
,,,,,,,,,,,,,,,,,8.43,0.23692131,0,,,,,,,,,,,,
,,,,,,,,,,,,,,,,,8.431,0.234503746,0,,,,,,,,,,,,
,,,,,,,,,,,,,,,,,8.432,0.233697891,0,,,,,,,,,,,,
,,,,,,,,,,,,,,,,,8.433,0.232892036,0,,,,,,,,,,,,
,,,,,,,,,,,,,,,,,8.434,0.232892036,0,,,,,,,,,,,,
,,,,,,,,,,,,,,,,,8.435,0.228056908,0,,,,,,,,,,,,
,,,,,,,,,,,,,,,,,8.436,0.242562294,0,,,,,,,,,,,,
,,,,,,,,,,,,,,,,,8.437,0.241756439,0,,,,,,,,,,,,
,,,,,,,,,,,,,,,,,8.438,0.228862762,0,,,,,,,,,,,,
,,,,,,,,,,,,,,,,,8.439,0.233697891,0,,,,,,,,,,,,
,,,,,,,,,,,,,,,,,8.44,0.232086182,0,,,,,,,,,,,,
,,,,,,,,,,,,,,,,,8.441,0.234503746,0,,,,,,,,,,,,
,,,,,,,,,,,,,,,,,8.442,0.229668617,0,,,,,,,,,,,,
,,,,,,,,,,,,,,,,,8.443,0.235309601,0,,,,,,,,,,,,
,,,,,,,,,,,,,,,,,8.444,0.233697891,0,,,,,,,,,,,,
,,,,,,,,,,,,,,,,,8.445,0.230474472,0,,,,,,,,,,,,
,,,,,,,,,,,,,,,,,8.446,0.231280327,0,,,,,,,,,,,,
,,,,,,,,,,,,,,,,,8.447,0.229668617,0,,,,,,,,,,,,
,,,,,,,,,,,,,,,,,8.448,0.236115456,0,,,,,,,,,,,,
,,,,,,,,,,,,,,,,,8.449,0.228056908,0,,,,,,,,,,,,
,,,,,,,,,,,,,,,,,8.45,0.234503746,0,,,,,,,,,,,,
,,,,,,,,,,,,,,,,,8.451,0.230474472,0,,,,,,,,,,,,
,,,,,,,,,,,,,,,,,8.452,0.227251053,0,,,,,,,,,,,,
,,,,,,,,,,,,,,,,,8.453,0.233697891,0,,,,,,,,,,,,
,,,,,,,,,,,,,,,,,8.454,0.237727165,0,,,,,,,,,,,,
,,,,,,,,,,,,,,,,,8.455,0.232086182,0,,,,,,,,,,,,
,,,,,,,,,,,,,,,,,8.456,0.220804214,0,,,,,,,,,,,,
,,,,,,,,,,,,,,,,,8.457,0.224833488,0,,,,,,,,,,,,
,,,,,,,,,,,,,,,,,8.458,0.232086182,0,,,,,,,,,,,,
,,,,,,,,,,,,,,,,,8.459,0.230474472,0,,,,,,,,,,,,
,,,,,,,,,,,,,,,,,8.46,0.23692131,0,,,,,,,,,,,,
,,,,,,,,,,,,,,,,,8.461,0.233697891,0,,,,,,,,,,,,
,,,,,,,,,,,,,,,,,8.462,0.228056908,0,,,,,,,,,,,,
,,,,,,,,,,,,,,,,,8.463,0.231280327,0,,,,,,,,,,,,
,,,,,,,,,,,,,,,,,8.464,0.235309601,0,,,,,,,,,,,,
,,,,,,,,,,,,,,,,,8.465,0.228862762,0,,,,,,,,,,,,
,,,,,,,,,,,,,,,,,8.466,0.234503746,0,,,,,,,,,,,,
,,,,,,,,,,,,,,,,,8.467,0.228056908,0,,,,,,,,,,,,
,,,,,,,,,,,,,,,,,8.468,0.234503746,0,,,,,,,,,,,,
,,,,,,,,,,,,,,,,,8.469,0.236115456,0,,,,,,,,,,,,
,,,,,,,,,,,,,,,,,8.47,0.232892036,0,,,,,,,,,,,,
,,,,,,,,,,,,,,,,,8.471,0.236115456,0,,,,,,,,,,,,
,,,,,,,,,,,,,,,,,8.472,0.232086182,0,,,,,,,,,,,,
,,,,,,,,,,,,,,,,,8.473,0.244174004,0,,,,,,,,,,,,
,,,,,,,,,,,,,,,,,8.474,0.23853302,0,,,,,,,,,,,,
,,,,,,,,,,,,,,,,,8.475,0.230474472,0,,,,,,,,,,,,
,,,,,,,,,,,,,,,,,8.476,0.229668617,0,,,,,,,,,,,,
,,,,,,,,,,,,,,,,,8.477,0.232086182,0,,,,,,,,,,,,
,,,,,,,,,,,,,,,,,8.478,0.237727165,0,,,,,,,,,,,,
,,,,,,,,,,,,,,,,,8.479,0.24014473,0,,,,,,,,,,,,
,,,,,,,,,,,,,,,,,8.48,0.235309601,0,,,,,,,,,,,,
,,,,,,,,,,,,,,,,,8.481,0.244174004,0,,,,,,,,,,,,
,,,,,,,,,,,,,,,,,8.482,0.236115456,0,,,,,,,,,,,,
,,,,,,,,,,,,,,,,,8.483,0.234503746,0,,,,,,,,,,,,
,,,,,,,,,,,,,,,,,8.484,0.23853302,0,,,,,,,,,,,,
,,,,,,,,,,,,,,,,,8.485,0.233697891,0,,,,,,,,,,,,
,,,,,,,,,,,,,,,,,8.486,0.232892036,0,,,,,,,,,,,,
,,,,,,,,,,,,,,,,,8.487,0.235309601,0,,,,,,,,,,,,
,,,,,,,,,,,,,,,,,8.488,0.239338875,0,,,,,,,,,,,,
,,,,,,,,,,,,,,,,,8.489,0.24014473,0,,,,,,,,,,,,
,,,,,,,,,,,,,,,,,8.49,0.241756439,0,,,,,,,,,,,,
,,,,,,,,,,,,,,,,,8.491,0.244174004,0,,,,,,,,,,,,
,,,,,,,,,,,,,,,,,8.492,0.236115456,0,,,,,,,,,,,,
,,,,,,,,,,,,,,,,,8.493,0.240950584,0,,,,,,,,,,,,
,,,,,,,,,,,,,,,,,8.494,0.236115456,0,,,,,,,,,,,,
,,,,,,,,,,,,,,,,,8.495,0.24014473,0,,,,,,,,,,,,
,,,,,,,,,,,,,,,,,8.496,0.240950584,0,,,,,,,,,,,,
,,,,,,,,,,,,,,,,,8.497,0.239338875,0,,,,,,,,,,,,
,,,,,,,,,,,,,,,,,8.498,0.244174004,0,,,,,,,,,,,,
,,,,,,,,,,,,,,,,,8.499,0.242562294,0,,,,,,,,,,,,
,,,,,,,,,,,,,,,,,8.5,0.236115456,0,,,,,,,,,,,,
,,,,,,,,,,,,,,,,,8.501,0.23853302,0,,,,,,,,,,,,
,,,,,,,,,,,,,,,,,8.502,0.242562294,0,,,,,,,,,,,,
,,,,,,,,,,,,,,,,,8.503,0.24014473,0,,,,,,,,,,,,
,,,,,,,,,,,,,,,,,8.504,0.237727165,0,,,,,,,,,,,,
,,,,,,,,,,,,,,,,,8.505,0.244979858,0,,,,,,,,,,,,
,,,,,,,,,,,,,,,,,8.506,0.237727165,0,,,,,,,,,,,,
,,,,,,,,,,,,,,,,,8.507,0.244174004,0,,,,,,,,,,,,
,,,,,,,,,,,,,,,,,8.508,0.245785713,0,,,,,,,,,,,,
,,,,,,,,,,,,,,,,,8.509,0.23853302,0,,,,,,,,,,,,
,,,,,,,,,,,,,,,,,8.51,0.24014473,0,,,,,,,,,,,,
,,,,,,,,,,,,,,,,,8.511,0.240950584,0,,,,,,,,,,,,
,,,,,,,,,,,,,,,,,8.512,0.23853302,0,,,,,,,,,,,,
,,,,,,,,,,,,,,,,,8.513,0.239338875,0,,,,,,,,,,,,
,,,,,,,,,,,,,,,,,8.514,0.24014473,0,,,,,,,,,,,,
,,,,,,,,,,,,,,,,,8.515,0.248203278,0,,,,,,,,,,,,
,,,,,,,,,,,,,,,,,8.516,0.244174004,0,,,,,,,,,,,,
,,,,,,,,,,,,,,,,,8.517,0.244174004,0,,,,,,,,,,,,
,,,,,,,,,,,,,,,,,8.518,0.235309601,0,,,,,,,,,,,,
,,,,,,,,,,,,,,,,,8.519,0.248203278,0,,,,,,,,,,,,
,,,,,,,,,,,,,,,,,8.52,0.244979858,0,,,,,,,,,,,,
,,,,,,,,,,,,,,,,,8.521,0.244174004,0,,,,,,,,,,,,
,,,,,,,,,,,,,,,,,8.522,0.241756439,0,,,,,,,,,,,,
,,,,,,,,,,,,,,,,,8.523,0.246591568,0,,,,,,,,,,,,
,,,,,,,,,,,,,,,,,8.524,0.241756439,0,,,,,,,,,,,,
,,,,,,,,,,,,,,,,,8.525,0.249814987,0,,,,,,,,,,,,
,,,,,,,,,,,,,,,,,8.526,0.240950584,0,,,,,,,,,,,,
,,,,,,,,,,,,,,,,,8.527,0.244979858,0,,,,,,,,,,,,
,,,,,,,,,,,,,,,,,8.528,0.239338875,0,,,,,,,,,,,,
,,,,,,,,,,,,,,,,,8.529,0.24014473,0,,,,,,,,,,,,
,,,,,,,,,,,,,,,,,8.53,0.237727165,0,,,,,,,,,,,,
,,,,,,,,,,,,,,,,,8.531,0.237727165,0,,,,,,,,,,,,
,,,,,,,,,,,,,,,,,8.532,0.266737938,0,,,,,,,,,,,,
,,,,,,,,,,,,,,,,,8.533,0.272378922,0,,,,,,,,,,,,
,,,,,,,,,,,,,,,,,8.534,0.262708664,0,,,,,,,,,,,,
,,,,,,,,,,,,,,,,,8.535,0.286884308,0,,,,,,,,,,,,
,,,,,,,,,,,,,,,,,8.536,0.273990631,0,,,,,,,,,,,,
,,,,,,,,,,,,,,,,,8.537,0.273990631,0,,,,,,,,,,,,
,,,,,,,,,,,,,,,,,8.538,0.273184776,0,,,,,,,,,,,,
,,,,,,,,,,,,,,,,,8.539,0.273184776,0,,,,,,,,,,,,
,,,,,,,,,,,,,,,,,8.54,0.265126228,0,,,,,,,,,,,,
,,,,,,,,,,,,,,,,,8.541,0.265126228,0,,,,,,,,,,,,
,,,,,,,,,,,,,,,,,8.542,0.270767212,0,,,,,,,,,,,,
,,,,,,,,,,,,,,,,,8.543,0.27721405,0,,,,,,,,,,,,
,,,,,,,,,,,,,,,,,8.544,0.274796486,0,,,,,,,,,,,,
,,,,,,,,,,,,,,,,,8.545,0.273990631,0,,,,,,,,,,,,
,,,,,,,,,,,,,,,,,8.546,0.283660889,0,,,,,,,,,,,,
,,,,,,,,,,,,,,,,,8.547,0.269155502,0,,,,,,,,,,,,
,,,,,,,,,,,,,,,,,8.548,0.265126228,0,,,,,,,,,,,,
,,,,,,,,,,,,,,,,,8.549,0.27882576,0,,,,,,,,,,,,
,,,,,,,,,,,,,,,,,8.55,0.271573067,0,,,,,,,,,,,,
,,,,,,,,,,,,,,,,,8.551,0.268349648,0,,,,,,,,,,,,
,,,,,,,,,,,,,,,,,8.552,0.268349648,0,,,,,,,,,,,,
,,,,,,,,,,,,,,,,,8.553,0.271573067,0,,,,,,,,,,,,
,,,,,,,,,,,,,,,,,8.554,0.270767212,0,,,,,,,,,,,,
,,,,,,,,,,,,,,,,,8.555,0.274796486,0,,,,,,,,,,,,
,,,,,,,,,,,,,,,,,8.556,0.276408195,0,,,,,,,,,,,,
,,,,,,,,,,,,,,,,,8.557,0.273184776,0,,,,,,,,,,,,
,,,,,,,,,,,,,,,,,8.558,0.27882576,0,,,,,,,,,,,,
,,,,,,,,,,,,,,,,,8.559,0.279631615,0,,,,,,,,,,,,
,,,,,,,,,,,,,,,,,8.56,0.272378922,0,,,,,,,,,,,,
,,,,,,,,,,,,,,,,,8.561,0.27721405,0,,,,,,,,,,,,
,,,,,,,,,,,,,,,,,8.562,0.271573067,0,,,,,,,,,,,,
,,,,,,,,,,,,,,,,,8.563,0.265932083,0,,,,,,,,,,,,
,,,,,,,,,,,,,,,,,8.564,0.272378922,0,,,,,,,,,,,,
,,,,,,,,,,,,,,,,,8.565,0.272378922,0,,,,,,,,,,,,
,,,,,,,,,,,,,,,,,8.566,0.267543793,0,,,,,,,,,,,,
,,,,,,,,,,,,,,,,,8.567,0.27882576,0,,,,,,,,,,,,
,,,,,,,,,,,,,,,,,8.568,0.278019905,0,,,,,,,,,,,,
,,,,,,,,,,,,,,,,,8.569,0.27882576,0,,,,,,,,,,,,
,,,,,,,,,,,,,,,,,8.57,0.266737938,0,,,,,,,,,,,,
,,,,,,,,,,,,,,,,,8.571,0.271573067,0,,,,,,,,,,,,
,,,,,,,,,,,,,,,,,8.572,0.27721405,0,,,,,,,,,,,,
,,,,,,,,,,,,,,,,,8.573,0.282049179,0,,,,,,,,,,,,
,,,,,,,,,,,,,,,,,8.574,0.285272598,0,,,,,,,,,,,,
,,,,,,,,,,,,,,,,,8.575,0.272378922,0,,,,,,,,,,,,
,,,,,,,,,,,,,,,,,8.576,0.274796486,0,,,,,,,,,,,,
,,,,,,,,,,,,,,,,,8.577,0.276408195,0,,,,,,,,,,,,
,,,,,,,,,,,,,,,,,8.578,0.273184776,0,,,,,,,,,,,,
,,,,,,,,,,,,,,,,,8.579,0.280437469,0,,,,,,,,,,,,
,,,,,,,,,,,,,,,,,8.58,0.282855034,0,,,,,,,,,,,,
,,,,,,,,,,,,,,,,,8.581,0.285272598,0,,,,,,,,,,,,
,,,,,,,,,,,,,,,,,8.582,0.275602341,0,,,,,,,,,,,,
,,,,,,,,,,,,,,,,,8.583,0.276408195,0,,,,,,,,,,,,
,,,,,,,,,,,,,,,,,8.584,0.282049179,0,,,,,,,,,,,,
,,,,,,,,,,,,,,,,,8.585,0.286078453,0,,,,,,,,,,,,
,,,,,,,,,,,,,,,,,8.586,0.282855034,0,,,,,,,,,,,,
,,,,,,,,,,,,,,,,,8.587,0.275602341,0,,,,,,,,,,,,
,,,,,,,,,,,,,,,,,8.588,0.27721405,0,,,,,,,,,,,,
,,,,,,,,,,,,,,,,,8.589,0.282855034,0,,,,,,,,,,,,
,,,,,,,,,,,,,,,,,8.59,0.273990631,0,,,,,,,,,,,,
,,,,,,,,,,,,,,,,,8.591,0.279631615,0,,,,,,,,,,,,
,,,,,,,,,,,,,,,,,8.592,0.283660889,0,,,,,,,,,,,,
,,,,,,,,,,,,,,,,,8.593,0.279631615,0,,,,,,,,,,,,
,,,,,,,,,,,,,,,,,8.594,0.272378922,0,,,,,,,,,,,,
,,,,,,,,,,,,,,,,,8.595,0.276408195,0,,,,,,,,,,,,
,,,,,,,,,,,,,,,,,8.596,0.273184776,0,,,,,,,,,,,,
,,,,,,,,,,,,,,,,,8.597,0.282855034,0,,,,,,,,,,,,
,,,,,,,,,,,,,,,,,8.598,0.27882576,0,,,,,,,,,,,,
,,,,,,,,,,,,,,,,,8.599,0.274796486,0,,,,,,,,,,,,
,,,,,,,,,,,,,,,,,8.6,0.286078453,0,,,,,,,,,,,,
,,,,,,,,,,,,,,,,,8.601,0.282855034,0,,,,,,,,,,,,
,,,,,,,,,,,,,,,,,8.602,0.285272598,0,,,,,,,,,,,,
,,,,,,,,,,,,,,,,,8.603,0.281243324,0,,,,,,,,,,,,
,,,,,,,,,,,,,,,,,8.604,0.290913582,0,,,,,,,,,,,,
,,,,,,,,,,,,,,,,,8.605,0.278019905,0,,,,,,,,,,,,
,,,,,,,,,,,,,,,,,8.606,0.286884308,0,,,,,,,,,,,,
,,,,,,,,,,,,,,,,,8.607,0.286884308,0,,,,,,,,,,,,
,,,,,,,,,,,,,,,,,8.608,0.286884308,0,,,,,,,,,,,,
,,,,,,,,,,,,,,,,,8.609,0.284466743,0,,,,,,,,,,,,
,,,,,,,,,,,,,,,,,8.61,0.289301872,0,,,,,,,,,,,,
,,,,,,,,,,,,,,,,,8.611,0.280437469,0,,,,,,,,,,,,
,,,,,,,,,,,,,,,,,8.612,0.282049179,0,,,,,,,,,,,,
,,,,,,,,,,,,,,,,,8.613,0.287690163,0,,,,,,,,,,,,
,,,,,,,,,,,,,,,,,8.614,0.270767212,0,,,,,,,,,,,,
,,,,,,,,,,,,,,,,,8.615,0.289301872,0,,,,,,,,,,,,
,,,,,,,,,,,,,,,,,8.616,0.282049179,0,,,,,,,,,,,,
,,,,,,,,,,,,,,,,,8.617,0.279631615,0,,,,,,,,,,,,
,,,,,,,,,,,,,,,,,8.618,0.285272598,0,,,,,,,,,,,,
,,,,,,,,,,,,,,,,,8.619,0.284466743,0,,,,,,,,,,,,
,,,,,,,,,,,,,,,,,8.62,0.286078453,0,,,,,,,,,,,,
,,,,,,,,,,,,,,,,,8.621,0.292525291,0,,,,,,,,,,,,
,,,,,,,,,,,,,,,,,8.622,0.286078453,0,,,,,,,,,,,,
,,,,,,,,,,,,,,,,,8.623,0.294137001,0,,,,,,,,,,,,
,,,,,,,,,,,,,,,,,8.624,0.290107727,0,,,,,,,,,,,,
,,,,,,,,,,,,,,,,,8.625,0.293331146,0,,,,,,,,,,,,
,,,,,,,,,,,,,,,,,8.626,0.290107727,0,,,,,,,,,,,,
,,,,,,,,,,,,,,,,,8.627,0.286884308,0,,,,,,,,,,,,
,,,,,,,,,,,,,,,,,8.628,0.289301872,0,,,,,,,,,,,,
,,,,,,,,,,,,,,,,,8.629,0.298166275,0,,,,,,,,,,,,
,,,,,,,,,,,,,,,,,8.63,0.286078453,0,,,,,,,,,,,,
,,,,,,,,,,,,,,,,,8.631,0.29897213,0,,,,,,,,,,,,
,,,,,,,,,,,,,,,,,8.632,0.29736042,0,,,,,,,,,,,,
,,,,,,,,,,,,,,,,,8.633,0.291719437,0,,,,,,,,,,,,
,,,,,,,,,,,,,,,,,8.634,0.295748711,0,,,,,,,,,,,,
,,,,,,,,,,,,,,,,,8.635,0.296554565,0,,,,,,,,,,,,
,,,,,,,,,,,,,,,,,8.636,0.287690163,0,,,,,,,,,,,,
,,,,,,,,,,,,,,,,,8.637,0.292525291,0,,,,,,,,,,,,
,,,,,,,,,,,,,,,,,8.638,0.290107727,0,,,,,,,,,,,,
,,,,,,,,,,,,,,,,,8.639,0.299777985,0,,,,,,,,,,,,
,,,,,,,,,,,,,,,,,8.64,0.292525291,0,,,,,,,,,,,,
,,,,,,,,,,,,,,,,,8.641,0.295748711,0,,,,,,,,,,,,
,,,,,,,,,,,,,,,,,8.642,0.296554565,0,,,,,,,,,,,,
,,,,,,,,,,,,,,,,,8.643,0.299777985,0,,,,,,,,,,,,
,,,,,,,,,,,,,,,,,8.644,0.300583839,0,,,,,,,,,,,,
,,,,,,,,,,,,,,,,,8.645,0.301389694,0,,,,,,,,,,,,
,,,,,,,,,,,,,,,,,8.646,0.302195549,0,,,,,,,,,,,,
,,,,,,,,,,,,,,,,,8.647,0.299777985,0,,,,,,,,,,,,
,,,,,,,,,,,,,,,,,8.648,0.300583839,0,,,,,,,,,,,,
,,,,,,,,,,,,,,,,,8.649,0.293331146,0,,,,,,,,,,,,
,,,,,,,,,,,,,,,,,8.65,0.294942856,0,,,,,,,,,,,,
,,,,,,,,,,,,,,,,,8.651,0.298166275,0,,,,,,,,,,,,
,,,,,,,,,,,,,,,,,8.652,0.296554565,0,,,,,,,,,,,,
,,,,,,,,,,,,,,,,,8.653,0.302195549,0,,,,,,,,,,,,
,,,,,,,,,,,,,,,,,8.654,0.299777985,0,,,,,,,,,,,,
,,,,,,,,,,,,,,,,,8.655,0.298166275,0,,,,,,,,,,,,
,,,,,,,,,,,,,,,,,8.656,0.304613113,0,,,,,,,,,,,,
,,,,,,,,,,,,,,,,,8.657,0.291719437,0,,,,,,,,,,,,
,,,,,,,,,,,,,,,,,8.658,0.295748711,0,,,,,,,,,,,,
,,,,,,,,,,,,,,,,,8.659,0.306224823,0,,,,,,,,,,,,
,,,,,,,,,,,,,,,,,8.66,0.299777985,0,,,,,,,,,,,,
,,,,,,,,,,,,,,,,,8.661,0.307836533,0,,,,,,,,,,,,
,,,,,,,,,,,,,,,,,8.662,0.303807259,0,,,,,,,,,,,,
,,,,,,,,,,,,,,,,,8.663,0.298166275,0,,,,,,,,,,,,
,,,,,,,,,,,,,,,,,8.664,0.298166275,0,,,,,,,,,,,,
,,,,,,,,,,,,,,,,,8.665,0.300583839,0,,,,,,,,,,,,
,,,,,,,,,,,,,,,,,8.666,0.294942856,0,,,,,,,,,,,,
,,,,,,,,,,,,,,,,,8.667,0.310254097,0,,,,,,,,,,,,
,,,,,,,,,,,,,,,,,8.668,0.304613113,0,,,,,,,,,,,,
,,,,,,,,,,,,,,,,,8.669,0.302195549,0,,,,,,,,,,,,
,,,,,,,,,,,,,,,,,8.67,0.309448242,0,,,,,,,,,,,,
,,,,,,,,,,,,,,,,,8.671,0.315089226,0,,,,,,,,,,,,
,,,,,,,,,,,,,,,,,8.672,0.307836533,0,,,,,,,,,,,,
,,,,,,,,,,,,,,,,,8.673,0.313477516,0,,,,,,,,,,,,
,,,,,,,,,,,,,,,,,8.674,0.321536064,0,,,,,,,,,,,,
,,,,,,,,,,,,,,,,,8.675,0.309448242,0,,,,,,,,,,,,
,,,,,,,,,,,,,,,,,8.676,0.307030678,0,,,,,,,,,,,,
,,,,,,,,,,,,,,,,,8.677,0.311865807,0,,,,,,,,,,,,
,,,,,,,,,,,,,,,,,8.678,0.319924355,0,,,,,,,,,,,,
,,,,,,,,,,,,,,,,,8.679,0.3191185,0,,,,,,,,,,,,
,,,,,,,,,,,,,,,,,8.68,0.320730209,0,,,,,,,,,,,,
,,,,,,,,,,,,,,,,,8.681,0.320730209,0,,,,,,,,,,,,
,,,,,,,,,,,,,,,,,8.682,0.325565338,0,,,,,,,,,,,,
,,,,,,,,,,,,,,,,,8.683,0.324759483,0,,,,,,,,,,,,
,,,,,,,,,,,,,,,,,8.684,0.330400467,0,,,,,,,,,,,,
,,,,,,,,,,,,,,,,,8.685,0.324759483,0,,,,,,,,,,,,
,,,,,,,,,,,,,,,,,8.686,0.323147774,0,,,,,,,,,,,,
,,,,,,,,,,,,,,,,,8.687,0.327177048,0,,,,,,,,,,,,
,,,,,,,,,,,,,,,,,8.688,0.323147774,0,,,,,,,,,,,,
,,,,,,,,,,,,,,,,,8.689,0.332012177,0,,,,,,,,,,,,
,,,,,,,,,,,,,,,,,8.69,0.328788757,0,,,,,,,,,,,,
,,,,,,,,,,,,,,,,,8.691,0.327982903,0,,,,,,,,,,,,
,,,,,,,,,,,,,,,,,8.692,0.335235596,0,,,,,,,,,,,,
,,,,,,,,,,,,,,,,,8.693,0.327177048,0,,,,,,,,,,,,
,,,,,,,,,,,,,,,,,8.694,0.327177048,0,,,,,,,,,,,,
,,,,,,,,,,,,,,,,,8.695,0.519776344,0,,,,,,,,,,,,
,,,,,,,,,,,,,,,,,8.696,0.533475876,0,,,,,,,,,,,,
,,,,,,,,,,,,,,,,,8.697,0.510106087,0,,,,,,,,,,,,
,,,,,,,,,,,,,,,,,8.698,0.51574707,0,,,,,,,,,,,,
,,,,,,,,,,,,,,,,,8.699,0.524611473,0,,,,,,,,,,,,
,,,,,,,,,,,,,,,,,8.7,0.520582199,0,,,,,,,,,,,,
,,,,,,,,,,,,,,,,,8.701,0.531058311,0,,,,,,,,,,,,
,,,,,,,,,,,,,,,,,8.702,0.527029037,0,,,,,,,,,,,,
,,,,,,,,,,,,,,,,,8.703,0.532670021,0,,,,,,,,,,,,
,,,,,,,,,,,,,,,,,8.704,0.524611473,0,,,,,,,,,,,,
,,,,,,,,,,,,,,,,,8.705,0.529446602,0,,,,,,,,,,,,
,,,,,,,,,,,,,,,,,8.706,0.541534424,0,,,,,,,,,,,,
,,,,,,,,,,,,,,,,,8.707,0.535087585,0,,,,,,,,,,,,
,,,,,,,,,,,,,,,,,8.708,0.531058311,0,,,,,,,,,,,,
,,,,,,,,,,,,,,,,,8.709,0.541534424,0,,,,,,,,,,,,
,,,,,,,,,,,,,,,,,8.71,0.542340279,0,,,,,,,,,,,,
,,,,,,,,,,,,,,,,,8.711,0.545563698,0,,,,,,,,,,,,
,,,,,,,,,,,,,,,,,8.712,0.53750515,0,,,,,,,,,,,,
,,,,,,,,,,,,,,,,,8.713,0.542340279,0,,,,,,,,,,,,
,,,,,,,,,,,,,,,,,8.714,0.544757843,0,,,,,,,,,,,,
,,,,,,,,,,,,,,,,,8.715,0.528640747,0,,,,,,,,,,,,
,,,,,,,,,,,,,,,,,8.716,0.539116859,0,,,,,,,,,,,,
,,,,,,,,,,,,,,,,,8.717,0.538311005,0,,,,,,,,,,,,
,,,,,,,,,,,,,,,,,8.718,0.541534424,0,,,,,,,,,,,,
,,,,,,,,,,,,,,,,,8.719,0.546369553,0,,,,,,,,,,,,
,,,,,,,,,,,,,,,,,8.72,0.55603981,0,,,,,,,,,,,,
,,,,,,,,,,,,,,,,,8.721,0.55603981,0,,,,,,,,,,,,
,,,,,,,,,,,,,,,,,8.722,0.550398827,0,,,,,,,,,,,,
,,,,,,,,,,,,,,,,,8.723,0.558457375,0,,,,,,,,,,,,
,,,,,,,,,,,,,,,,,8.724,0.549592972,0,,,,,,,,,,,,
,,,,,,,,,,,,,,,,,8.725,0.549592972,0,,,,,,,,,,,,
,,,,,,,,,,,,,,,,,8.726,0.556845665,0,,,,,,,,,,,,
,,,,,,,,,,,,,,,,,8.727,0.556845665,0,,,,,,,,,,,,
,,,,,,,,,,,,,,,,,8.728,0.566515923,0,,,,,,,,,,,,
,,,,,,,,,,,,,,,,,8.729,0.561680794,0,,,,,,,,,,,,
,,,,,,,,,,,,,,,,,8.73,0.564098358,0,,,,,,,,,,,,
,,,,,,,,,,,,,,,,,8.731,0.560069084,0,,,,,,,,,,,,
,,,,,,,,,,,,,,,,,8.732,0.559263229,0,,,,,,,,,,,,
,,,,,,,,,,,,,,,,,8.733,0.551204681,0,,,,,,,,,,,,
,,,,,,,,,,,,,,,,,8.734,0.559263229,0,,,,,,,,,,,,
,,,,,,,,,,,,,,,,,8.735,0.581827164,0,,,,,,,,,,,,
,,,,,,,,,,,,,,,,,8.736,0.560069084,0,,,,,,,,,,,,
,,,,,,,,,,,,,,,,,8.737,0.568933487,0,,,,,,,,,,,,
,,,,,,,,,,,,,,,,,8.738,0.572962761,0,,,,,,,,,,,,
,,,,,,,,,,,,,,,,,8.739,0.569739342,0,,,,,,,,,,,,
,,,,,,,,,,,,,,,,,8.74,0.569739342,0,,,,,,,,,,,,
,,,,,,,,,,,,,,,,,8.741,0.575380325,0,,,,,,,,,,,,
,,,,,,,,,,,,,,,,,8.742,0.561680794,0,,,,,,,,,,,,
,,,,,,,,,,,,,,,,,8.743,0.573768616,0,,,,,,,,,,,,
,,,,,,,,,,,,,,,,,8.744,0.568933487,0,,,,,,,,,,,,
,,,,,,,,,,,,,,,,,8.745,0.57779789,0,,,,,,,,,,,,
,,,,,,,,,,,,,,,,,8.746,0.569739342,0,,,,,,,,,,,,
,,,,,,,,,,,,,,,,,8.747,0.569739342,0,,,,,,,,,,,,
,,,,,,,,,,,,,,,,,8.748,0.586662292,0,,,,,,,,,,,,
,,,,,,,,,,,,,,,,,8.749,0.581827164,0,,,,,,,,,,,,
,,,,,,,,,,,,,,,,,8.75,0.579409599,0,,,,,,,,,,,,
,,,,,,,,,,,,,,,,,8.751,0.580215454,0,,,,,,,,,,,,
,,,,,,,,,,,,,,,,,8.752,0.57779789,0,,,,,,,,,,,,
,,,,,,,,,,,,,,,,,8.753,0.572962761,0,,,,,,,,,,,,
,,,,,,,,,,,,,,,,,8.754,0.574574471,0,,,,,,,,,,,,
,,,,,,,,,,,,,,,,,8.755,0.572962761,0,,,,,,,,,,,,
,,,,,,,,,,,,,,,,,8.756,0.581021309,0,,,,,,,,,,,,
,,,,,,,,,,,,,,,,,8.757,0.585050583,0,,,,,,,,,,,,
,,,,,,,,,,,,,,,,,8.758,0.592303276,0,,,,,,,,,,,,
,,,,,,,,,,,,,,,,,8.759,0.589885712,0,,,,,,,,,,,,
,,,,,,,,,,,,,,,,,8.76,0.591497421,0,,,,,,,,,,,,
,,,,,,,,,,,,,,,,,8.761,0.595526695,0,,,,,,,,,,,,
,,,,,,,,,,,,,,,,,8.762,0.591497421,0,,,,,,,,,,,,
,,,,,,,,,,,,,,,,,8.763,0.599555969,0,,,,,,,,,,,,
,,,,,,,,,,,,,,,,,8.764,0.583438873,0,,,,,,,,,,,,
,,,,,,,,,,,,,,,,,8.765,0.585050583,0,,,,,,,,,,,,
,,,,,,,,,,,,,,,,,8.766,0.590691566,0,,,,,,,,,,,,
,,,,,,,,,,,,,,,,,8.767,0.590691566,0,,,,,,,,,,,,
,,,,,,,,,,,,,,,,,8.768,0.607614517,0,,,,,,,,,,,,
,,,,,,,,,,,,,,,,,8.769,0.600361824,0,,,,,,,,,,,,
,,,,,,,,,,,,,,,,,8.77,0.602779388,0,,,,,,,,,,,,
,,,,,,,,,,,,,,,,,8.771,0.597138405,0,,,,,,,,,,,,
,,,,,,,,,,,,,,,,,8.772,0.601167679,0,,,,,,,,,,,,
,,,,,,,,,,,,,,,,,8.773,0.599555969,0,,,,,,,,,,,,
,,,,,,,,,,,,,,,,,8.774,0.59472084,0,,,,,,,,,,,,
,,,,,,,,,,,,,,,,,8.775,0.593914986,0,,,,,,,,,,,,
,,,,,,,,,,,,,,,,,8.776,0.600361824,0,,,,,,,,,,,,
,,,,,,,,,,,,,,,,,8.777,0.606002808,0,,,,,,,,,,,,
,,,,,,,,,,,,,,,,,8.778,0.604391098,0,,,,,,,,,,,,
,,,,,,,,,,,,,,,,,8.779,0.608420372,0,,,,,,,,,,,,
,,,,,,,,,,,,,,,,,8.78,0.59633255,0,,,,,,,,,,,,
,,,,,,,,,,,,,,,,,8.781,0.603585243,0,,,,,,,,,,,,
,,,,,,,,,,,,,,,,,8.782,0.606808662,0,,,,,,,,,,,,
,,,,,,,,,,,,,,,,,8.783,0.607614517,0,,,,,,,,,,,,
,,,,,,,,,,,,,,,,,8.784,0.609226227,0,,,,,,,,,,,,
,,,,,,,,,,,,,,,,,8.785,0.614061356,0,,,,,,,,,,,,
,,,,,,,,,,,,,,,,,8.786,0.61486721,0,,,,,,,,,,,,
,,,,,,,,,,,,,,,,,8.787,0.61647892,0,,,,,,,,,,,,
,,,,,,,,,,,,,,,,,8.788,0.604391098,0,,,,,,,,,,,,
,,,,,,,,,,,,,,,,,8.789,0.608420372,0,,,,,,,,,,,,
,,,,,,,,,,,,,,,,,8.79,0.617284775,0,,,,,,,,,,,,
,,,,,,,,,,,,,,,,,8.791,0.620508194,0,,,,,,,,,,,,
,,,,,,,,,,,,,,,,,8.792,0.603585243,0,,,,,,,,,,,,
,,,,,,,,,,,,,,,,,8.793,0.622925758,0,,,,,,,,,,,,
,,,,,,,,,,,,,,,,,8.794,0.618896484,0,,,,,,,,,,,,
,,,,,,,,,,,,,,,,,8.795,0.628566742,0,,,,,,,,,,,,
,,,,,,,,,,,,,,,,,8.796,0.626149178,0,,,,,,,,,,,,
,,,,,,,,,,,,,,,,,8.797,0.612449646,0,,,,,,,,,,,,
,,,,,,,,,,,,,,,,,8.798,0.622925758,0,,,,,,,,,,,,
,,,,,,,,,,,,,,,,,8.799,0.620508194,0,,,,,,,,,,,,
,,,,,,,,,,,,,,,,,8.8,0.625343323,0,,,,,,,,,,,,
,,,,,,,,,,,,,,,,,8.801,0.628566742,0,,,,,,,,,,,,
,,,,,,,,,,,,,,,,,8.802,0.625343323,0,,,,,,,,,,,,
,,,,,,,,,,,,,,,,,8.803,0.630984306,0,,,,,,,,,,,,
,,,,,,,,,,,,,,,,,8.804,0.626955032,0,,,,,,,,,,,,
,,,,,,,,,,,,,,,,,8.805,0.628566742,0,,,,,,,,,,,,
,,,,,,,,,,,,,,,,,8.806,0.634207726,0,,,,,,,,,,,,
,,,,,,,,,,,,,,,,,8.807,0.627760887,0,,,,,,,,,,,,
,,,,,,,,,,,,,,,,,8.808,0.643877983,0,,,,,,,,,,,,
,,,,,,,,,,,,,,,,,8.809,0.625343323,0,,,,,,,,,,,,
,,,,,,,,,,,,,,,,,8.81,0.630984306,0,,,,,,,,,,,,
,,,,,,,,,,,,,,,,,8.811,0.621314049,0,,,,,,,,,,,,
,,,,,,,,,,,,,,,,,8.812,0.633401871,0,,,,,,,,,,,,
,,,,,,,,,,,,,,,,,8.813,0.63662529,0,,,,,,,,,,,,
,,,,,,,,,,,,,,,,,8.814,0.642266273,0,,,,,,,,,,,,
,,,,,,,,,,,,,,,,,8.815,0.635819435,0,,,,,,,,,,,,
,,,,,,,,,,,,,,,,,8.816,0.641460419,0,,,,,,,,,,,,
,,,,,,,,,,,,,,,,,8.817,0.639042854,0,,,,,,,,,,,,
,,,,,,,,,,,,,,,,,8.818,0.646295547,0,,,,,,,,,,,,
,,,,,,,,,,,,,,,,,8.819,0.644683838,0,,,,,,,,,,,,
,,,,,,,,,,,,,,,,,8.82,0.644683838,0,,,,,,,,,,,,
,,,,,,,,,,,,,,,,,8.821,0.639848709,0,,,,,,,,,,,,
,,,,,,,,,,,,,,,,,8.822,0.641460419,0,,,,,,,,,,,,
,,,,,,,,,,,,,,,,,8.823,0.639848709,0,,,,,,,,,,,,
,,,,,,,,,,,,,,,,,8.824,0.63662529,0,,,,,,,,,,,,
,,,,,,,,,,,,,,,,,8.825,0.647101402,0,,,,,,,,,,,,
,,,,,,,,,,,,,,,,,8.826,0.657577515,0,,,,,,,,,,,,
,,,,,,,,,,,,,,,,,8.827,0.662412643,0,,,,,,,,,,,,
,,,,,,,,,,,,,,,,,8.828,0.649518967,0,,,,,,,,,,,,
,,,,,,,,,,,,,,,,,8.829,0.653548241,0,,,,,,,,,,,,
,,,,,,,,,,,,,,,,,8.83,0.644683838,0,,,,,,,,,,,,
,,,,,,,,,,,,,,,,,8.831,0.652742386,0,,,,,,,,,,,,
,,,,,,,,,,,,,,,,,8.832,0.645489693,0,,,,,,,,,,,,
,,,,,,,,,,,,,,,,,8.833,0.63662529,0,,,,,,,,,,,,
,,,,,,,,,,,,,,,,,8.834,0.645489693,0,,,,,,,,,,,,
,,,,,,,,,,,,,,,,,8.835,0.639848709,0,,,,,,,,,,,,
,,,,,,,,,,,,,,,,,8.836,0.653548241,0,,,,,,,,,,,,
,,,,,,,,,,,,,,,,,8.837,0.647101402,0,,,,,,,,,,,,
,,,,,,,,,,,,,,,,,8.838,0.648713112,0,,,,,,,,,,,,
,,,,,,,,,,,,,,,,,8.839,0.647101402,0,,,,,,,,,,,,
,,,,,,,,,,,,,,,,,8.84,0.661606789,0,,,,,,,,,,,,
,,,,,,,,,,,,,,,,,8.841,0.661606789,0,,,,,,,,,,,,
,,,,,,,,,,,,,,,,,8.842,0.667247772,0,,,,,,,,,,,,
,,,,,,,,,,,,,,,,,8.843,0.662412643,0,,,,,,,,,,,,
,,,,,,,,,,,,,,,,,8.844,0.652742386,0,,,,,,,,,,,,
,,,,,,,,,,,,,,,,,8.845,0.665636063,0,,,,,,,,,,,,
,,,,,,,,,,,,,,,,,8.846,0.651130676,0,,,,,,,,,,,,
,,,,,,,,,,,,,,,,,8.847,0.679335594,0,,,,,,,,,,,,
,,,,,,,,,,,,,,,,,8.848,0.668859482,0,,,,,,,,,,,,
,,,,,,,,,,,,,,,,,8.849,0.664024353,0,,,,,,,,,,,,
,,,,,,,,,,,,,,,,,8.85,0.664024353,0,,,,,,,,,,,,
,,,,,,,,,,,,,,,,,8.851,0.667247772,0,,,,,,,,,,,,
,,,,,,,,,,,,,,,,,8.852,0.684976578,0,,,,,,,,,,,,
,,,,,,,,,,,,,,,,,8.853,0.679335594,0,,,,,,,,,,,,
,,,,,,,,,,,,,,,,,8.854,0.677723885,0,,,,,,,,,,,,
,,,,,,,,,,,,,,,,,8.855,0.662412643,0,,,,,,,,,,,,
,,,,,,,,,,,,,,,,,8.856,0.662412643,0,,,,,,,,,,,,
,,,,,,,,,,,,,,,,,8.857,0.863876343,0,,,,,,,,,,,,
,,,,,,,,,,,,,,,,,8.858,0.862264633,0,,,,,,,,,,,,
,,,,,,,,,,,,,,,,,8.859,0.866293907,0,,,,,,,,,,,,
,,,,,,,,,,,,,,,,,8.86,0.869517326,0,,,,,,,,,,,,
,,,,,,,,,,,,,,,,,8.861,0.878381729,0,,,,,,,,,,,,
,,,,,,,,,,,,,,,,,8.862,0.87515831,0,,,,,,,,,,,,
,,,,,,,,,,,,,,,,,8.863,0.881605148,0,,,,,,,,,,,,
,,,,,,,,,,,,,,,,,8.864,0.883216858,0,,,,,,,,,,,,
,,,,,,,,,,,,,,,,,8.865,0.881605148,0,,,,,,,,,,,,
,,,,,,,,,,,,,,,,,8.866,0.884828568,0,,,,,,,,,,,,
,,,,,,,,,,,,,,,,,8.867,0.878381729,0,,,,,,,,,,,,
,,,,,,,,,,,,,,,,,8.868,0.884828568,0,,,,,,,,,,,,
,,,,,,,,,,,,,,,,,8.869,0.898528099,0,,,,,,,,,,,,
,,,,,,,,,,,,,,,,,8.87,0.898528099,0,,,,,,,,,,,,
,,,,,,,,,,,,,,,,,8.871,0.888857841,0,,,,,,,,,,,,
,,,,,,,,,,,,,,,,,8.872,0.896916389,0,,,,,,,,,,,,
,,,,,,,,,,,,,,,,,8.873,0.894498825,0,,,,,,,,,,,,
,,,,,,,,,,,,,,,,,8.874,0.887246132,0,,,,,,,,,,,,
,,,,,,,,,,,,,,,,,8.875,0.89530468,0,,,,,,,,,,,,
,,,,,,,,,,,,,,,,,8.876,0.890469551,0,,,,,,,,,,,,
,,,,,,,,,,,,,,,,,8.877,0.898528099,0,,,,,,,,,,,,
,,,,,,,,,,,,,,,,,8.878,0.904974937,0,,,,,,,,,,,,
,,,,,,,,,,,,,,,,,8.879,0.91545105,0,,,,,,,,,,,,
,,,,,,,,,,,,,,,,,8.88,0.903363228,0,,,,,,,,,,,,
,,,,,,,,,,,,,,,,,8.881,0.901751518,0,,,,,,,,,,,,
,,,,,,,,,,,,,,,,,8.882,0.909004211,0,,,,,,,,,,,,
,,,,,,,,,,,,,,,,,8.883,0.909004211,0,,,,,,,,,,,,
,,,,,,,,,,,,,,,,,8.884,0.911421776,0,,,,,,,,,,,,
,,,,,,,,,,,,,,,,,8.885,0.903363228,0,,,,,,,,,,,,
,,,,,,,,,,,,,,,,,8.886,0.91545105,0,,,,,,,,,,,,
,,,,,,,,,,,,,,,,,8.887,0.909004211,0,,,,,,,,,,,,
,,,,,,,,,,,,,,,,,8.888,0.91545105,0,,,,,,,,,,,,
,,,,,,,,,,,,,,,,,8.889,0.904974937,0,,,,,,,,,,,,
,,,,,,,,,,,,,,,,,8.89,0.931568146,0,,,,,,,,,,,,
,,,,,,,,,,,,,,,,,8.891,0.919480324,0,,,,,,,,,,,,
,,,,,,,,,,,,,,,,,8.892,0.921092033,0,,,,,,,,,,,,
,,,,,,,,,,,,,,,,,8.893,0.932374001,0,,,,,,,,,,,,
,,,,,,,,,,,,,,,,,8.894,0.925121307,0,,,,,,,,,,,,
,,,,,,,,,,,,,,,,,8.895,0.929150581,0,,,,,,,,,,,,
,,,,,,,,,,,,,,,,,8.896,0.917868614,0,,,,,,,,,,,,
,,,,,,,,,,,,,,,,,8.897,0.929150581,0,,,,,,,,,,,,
,,,,,,,,,,,,,,,,,8.898,0.924315453,0,,,,,,,,,,,,
,,,,,,,,,,,,,,,,,8.899,0.946073532,0,,,,,,,,,,,,
,,,,,,,,,,,,,,,,,8.9,0.938820839,0,,,,,,,,,,,,
,,,,,,,,,,,,,,,,,8.901,0.934791565,0,,,,,,,,,,,,
,,,,,,,,,,,,,,,,,8.902,0.938014984,0,,,,,,,,,,,,
,,,,,,,,,,,,,,,,,8.903,0.949296951,0,,,,,,,,,,,,
,,,,,,,,,,,,,,,,,8.904,0.938820839,0,,,,,,,,,,,,
,,,,,,,,,,,,,,,,,8.905,0.932374001,0,,,,,,,,,,,,
,,,,,,,,,,,,,,,,,8.906,0.947685242,0,,,,,,,,,,,,
,,,,,,,,,,,,,,,,,8.907,0.948491096,0,,,,,,,,,,,,
,,,,,,,,,,,,,,,,,8.908,0.950102806,0,,,,,,,,,,,,
,,,,,,,,,,,,,,,,,8.909,0.950102806,0,,,,,,,,,,,,
,,,,,,,,,,,,,,,,,8.91,0.970249176,0,,,,,,,,,,,,
,,,,,,,,,,,,,,,,,8.911,0.95413208,0,,,,,,,,,,,,
,,,,,,,,,,,,,,,,,8.912,0.958967209,0,,,,,,,,,,,,
,,,,,,,,,,,,,,,,,8.913,0.957355499,0,,,,,,,,,,,,
,,,,,,,,,,,,,,,,,8.914,0.956549644,0,,,,,,,,,,,,
,,,,,,,,,,,,,,,,,8.915,0.962190628,0,,,,,,,,,,,,
,,,,,,,,,,,,,,,,,8.916,0.966219902,0,,,,,,,,,,,,
,,,,,,,,,,,,,,,,,8.917,0.962996483,0,,,,,,,,,,,,
,,,,,,,,,,,,,,,,,8.918,0.967831612,0,,,,,,,,,,,,
,,,,,,,,,,,,,,,,,8.919,0.966219902,0,,,,,,,,,,,,
,,,,,,,,,,,,,,,,,8.92,0.959773064,0,,,,,,,,,,,,
,,,,,,,,,,,,,,,,,8.921,0.968637466,0,,,,,,,,,,,,
,,,,,,,,,,,,,,,,,8.922,0.97427845,0,,,,,,,,,,,,
,,,,,,,,,,,,,,,,,8.923,0.967025757,0,,,,,,,,,,,,
,,,,,,,,,,,,,,,,,8.924,0.988783836,0,,,,,,,,,,,,
,,,,,,,,,,,,,,,,,8.925,0.963802338,0,,,,,,,,,,,,
,,,,,,,,,,,,,,,,,8.926,0.977501869,0,,,,,,,,,,,,
,,,,,,,,,,,,,,,,,8.927,0.978307724,0,,,,,,,,,,,,
,,,,,,,,,,,,,,,,,8.928,0.986366272,0,,,,,,,,,,,,
,,,,,,,,,,,,,,,,,8.929,0.985560417,0,,,,,,,,,,,,
,,,,,,,,,,,,,,,,,8.93,0.993618965,0,,,,,,,,,,,,
,,,,,,,,,,,,,,,,,8.931,0.991201401,0,,,,,,,,,,,,
,,,,,,,,,,,,,,,,,8.932,0.996842384,0,,,,,,,,,,,,
,,,,,,,,,,,,,,,,,8.933,0.995230675,0,,,,,,,,,,,,
,,,,,,,,,,,,,,,,,8.934,0.996842384,0,,,,,,,,,,,,
,,,,,,,,,,,,,,,,,8.935,0.987977982,0,,,,,,,,,,,,
,,,,,,,,,,,,,,,,,8.936,0.983142853,0,,,,,,,,,,,,
,,,,,,,,,,,,,,,,,8.937,0.998454094,0,,,,,,,,,,,,
,,,,,,,,,,,,,,,,,8.938,1.003289223,0,,,,,,,,,,,,
,,,,,,,,,,,,,,,,,8.939,1.000871658,0,,,,,,,,,,,,
,,,,,,,,,,,,,,,,,8.94,1.007318497,0,,,,,,,,,,,,
,,,,,,,,,,,,,,,,,8.941,1.004095078,0,,,,,,,,,,,,
,,,,,,,,,,,,,,,,,8.942,0.99603653,0,,,,,,,,,,,,
,,,,,,,,,,,,,,,,,8.943,1.008124352,0,,,,,,,,,,,,
,,,,,,,,,,,,,,,,,8.944,1.010541916,0,,,,,,,,,,,,
,,,,,,,,,,,,,,,,,8.945,1.009736061,0,,,,,,,,,,,,
,,,,,,,,,,,,,,,,,8.946,1.000871658,0,,,,,,,,,,,,
,,,,,,,,,,,,,,,,,8.947,1.012153625,0,,,,,,,,,,,,
,,,,,,,,,,,,,,,,,8.948,1.008930206,0,,,,,,,,,,,,
,,,,,,,,,,,,,,,,,8.949,1.006512642,0,,,,,,,,,,,,
,,,,,,,,,,,,,,,,,8.95,1.032299995,0,,,,,,,,,,,,
,,,,,,,,,,,,,,,,,8.951,1.021823883,0,,,,,,,,,,,,
,,,,,,,,,,,,,,,,,8.952,1.012153625,0,,,,,,,,,,,,
,,,,,,,,,,,,,,,,,8.953,1.026659012,0,,,,,,,,,,,,
,,,,,,,,,,,,,,,,,8.954,1.029882431,0,,,,,,,,,,,,
,,,,,,,,,,,,,,,,,8.955,1.020212173,0,,,,,,,,,,,,
,,,,,,,,,,,,,,,,,8.956,1.041164398,0,,,,,,,,,,,,
,,,,,,,,,,,,,,,,,8.957,1.024241447,0,,,,,,,,,,,,
,,,,,,,,,,,,,,,,,8.958,1.031494141,0,,,,,,,,,,,,
,,,,,,,,,,,,,,,,,8.959,1.041970253,0,,,,,,,,,,,,
,,,,,,,,,,,,,,,,,8.96,1.03310585,0,,,,,,,,,,,,
,,,,,,,,,,,,,,,,,8.961,1.03471756,0,,,,,,,,,,,,
,,,,,,,,,,,,,,,,,8.962,1.045999527,0,,,,,,,,,,,,
,,,,,,,,,,,,,,,,,8.963,1.051640511,0,,,,,,,,,,,,
,,,,,,,,,,,,,,,,,8.964,1.050028801,0,,,,,,,,,,,,
,,,,,,,,,,,,,,,,,8.965,1.052446365,0,,,,,,,,,,,,
,,,,,,,,,,,,,,,,,8.966,1.037135124,0,,,,,,,,,,,,
,,,,,,,,,,,,,,,,,8.967,1.05486393,0,,,,,,,,,,,,
,,,,,,,,,,,,,,,,,8.968,1.041970253,0,,,,,,,,,,,,
,,,,,,,,,,,,,,,,,8.969,1.052446365,0,,,,,,,,,,,,
,,,,,,,,,,,,,,,,,8.97,1.050028801,0,,,,,,,,,,,,
,,,,,,,,,,,,,,,,,8.971,1.072592735,0,,,,,,,,,,,,
,,,,,,,,,,,,,,,,,8.972,1.045193672,0,,,,,,,,,,,,
,,,,,,,,,,,,,,,,,8.973,1.058087349,0,,,,,,,,,,,,
,,,,,,,,,,,,,,,,,8.974,1.065340042,0,,,,,,,,,,,,
,,,,,,,,,,,,,,,,,8.975,1.050834656,0,,,,,,,,,,,,
,,,,,,,,,,,,,,,,,8.976,1.05325222,0,,,,,,,,,,,,
,,,,,,,,,,,,,,,,,8.977,1.058087349,0,,,,,,,,,,,,
,,,,,,,,,,,,,,,,,8.978,1.063728333,0,,,,,,,,,,,,
,,,,,,,,,,,,,,,,,8.979,1.065340042,0,,,,,,,,,,,,
,,,,,,,,,,,,,,,,,8.98,1.060504913,0,,,,,,,,,,,,
,,,,,,,,,,,,,,,,,8.981,1.065340042,0,,,,,,,,,,,,
,,,,,,,,,,,,,,,,,8.982,1.07178688,0,,,,,,,,,,,,
,,,,,,,,,,,,,,,,,8.983,1.070981026,0,,,,,,,,,,,,
,,,,,,,,,,,,,,,,,8.984,1.083068848,0,,,,,,,,,,,,
,,,,,,,,,,,,,,,,,8.985,1.066145897,0,,,,,,,,,,,,
,,,,,,,,,,,,,,,,,8.986,1.062116623,0,,,,,,,,,,,,
,,,,,,,,,,,,,,,,,8.987,1.085486412,0,,,,,,,,,,,,
,,,,,,,,,,,,,,,,,8.988,1.075816154,0,,,,,,,,,,,,
,,,,,,,,,,,,,,,,,8.989,1.085486412,0,,,,,,,,,,,,
,,,,,,,,,,,,,,,,,8.99,1.061310768,0,,,,,,,,,,,,
,,,,,,,,,,,,,,,,,8.991,1.09193325,0,,,,,,,,,,,,
,,,,,,,,,,,,,,,,,8.992,1.07178688,0,,,,,,,,,,,,
,,,,,,,,,,,,,,,,,8.993,1.088709831,0,,,,,,,,,,,,
,,,,,,,,,,,,,,,,,8.994,1.091127396,0,,,,,,,,,,,,
,,,,,,,,,,,,,,,,,8.995,1.096768379,0,,,,,,,,,,,,
,,,,,,,,,,,,,,,,,8.996,1.096768379,0,,,,,,,,,,,,
,,,,,,,,,,,,,,,,,8.997,1.097574234,0,,,,,,,,,,,,
,,,,,,,,,,,,,,,,,8.998,1.09515667,0,,,,,,,,,,,,
,,,,,,,,,,,,,,,,,8.999,1.107244492,0,,,,,,,,,,,,
,,,,,,,,,,,,,,,,,9,1.104021072,0,,,,,,,,,,,,
,,,,,,,,,,,,,,,,,9.001,1.116914749,0,,,,,,,,,,,,
,,,,,,,,,,,,,,,,,9.002,1.110467911,0,,,,,,,,,,,,
,,,,,,,,,,,,,,,,,9.003,1.100797653,0,,,,,,,,,,,,
,,,,,,,,,,,,,,,,,9.004,1.09193325,0,,,,,,,,,,,,
,,,,,,,,,,,,,,,,,9.005,1.110467911,0,,,,,,,,,,,,
,,,,,,,,,,,,,,,,,9.006,1.104826927,0,,,,,,,,,,,,
,,,,,,,,,,,,,,,,,9.007,1.118526459,0,,,,,,,,,,,,
,,,,,,,,,,,,,,,,,9.008,1.118526459,0,,,,,,,,,,,,
,,,,,,,,,,,,,,,,,9.009,1.11369133,0,,,,,,,,,,,,
,,,,,,,,,,,,,,,,,9.01,1.131420135,0,,,,,,,,,,,,
,,,,,,,,,,,,,,,,,9.011,1.097574234,0,,,,,,,,,,,,
,,,,,,,,,,,,,,,,,9.012,1.124167442,0,,,,,,,,,,,,
,,,,,,,,,,,,,,,,,9.013,1.118526459,0,,,,,,,,,,,,
,,,,,,,,,,,,,,,,,9.014,1.116914749,0,,,,,,,,,,,,
,,,,,,,,,,,,,,,,,9.015,1.108856201,0,,,,,,,,,,,,
,,,,,,,,,,,,,,,,,9.016,1.127390862,0,,,,,,,,,,,,
,,,,,,,,,,,,,,,,,9.017,1.127390862,0,,,,,,,,,,,,
,,,,,,,,,,,,,,,,,9.018,1.129002571,0,,,,,,,,,,,,
,,,,,,,,,,,,,,,,,9.019,1.129002571,0,,,,,,,,,,,,
,,,,,,,,,,,,,,,,,9.02,1.351418495,0,,,,,,,,,,,,
,,,,,,,,,,,,,,,,,9.021,1.35061264,0,,,,,,,,,,,,
,,,,,,,,,,,,,,,,,9.022,1.342554092,0,,,,,,,,,,,,
,,,,,,,,,,,,,,,,,9.023,1.360282898,0,,,,,,,,,,,,
,,,,,,,,,,,,,,,,,9.024,1.35383606,0,,,,,,,,,,,,
,,,,,,,,,,,,,,,,,9.025,1.362700462,0,,,,,,,,,,,,
,,,,,,,,,,,,,,,,,9.026,1.362700462,0,,,,,,,,,,,,
,,,,,,,,,,,,,,,,,9.027,1.351418495,0,,,,,,,,,,,,
,,,,,,,,,,,,,,,,,9.028,1.35383606,0,,,,,,,,,,,,
,,,,,,,,,,,,,,,,,9.029,1.367535591,0,,,,,,,,,,,,
,,,,,,,,,,,,,,,,,9.03,1.375594139,0,,,,,,,,,,,,
,,,,,,,,,,,,,,,,,9.031,1.357059479,0,,,,,,,,,,,,
,,,,,,,,,,,,,,,,,9.032,1.369147301,0,,,,,,,,,,,,
,,,,,,,,,,,,,,,,,9.033,1.367535591,0,,,,,,,,,,,,
,,,,,,,,,,,,,,,,,9.034,1.373176575,0,,,,,,,,,,,,
,,,,,,,,,,,,,,,,,9.035,1.37237072,0,,,,,,,,,,,,
,,,,,,,,,,,,,,,,,9.036,1.371564865,0,,,,,,,,,,,,
,,,,,,,,,,,,,,,,,9.037,1.363506317,0,,,,,,,,,,,,
,,,,,,,,,,,,,,,,,9.038,1.364312172,0,,,,,,,,,,,,
,,,,,,,,,,,,,,,,,9.039,1.365118027,0,,,,,,,,,,,,
,,,,,,,,,,,,,,,,,9.04,1.356253624,0,,,,,,,,,,,,
,,,,,,,,,,,,,,,,,9.041,1.378817558,0,,,,,,,,,,,,
,,,,,,,,,,,,,,,,,9.042,1.378011703,0,,,,,,,,,,,,
,,,,,,,,,,,,,,,,,9.043,1.375594139,0,,,,,,,,,,,,
,,,,,,,,,,,,,,,,,9.044,1.382040977,0,,,,,,,,,,,,
,,,,,,,,,,,,,,,,,9.045,1.357865334,0,,,,,,,,,,,,
,,,,,,,,,,,,,,,,,9.046,1.374788284,0,,,,,,,,,,,,
,,,,,,,,,,,,,,,,,9.047,1.378011703,0,,,,,,,,,,,,
,,,,,,,,,,,,,,,,,9.048,1.381235123,0,,,,,,,,,,,,
,,,,,,,,,,,,,,,,,9.049,1.378011703,0,,,,,,,,,,,,
,,,,,,,,,,,,,,,,,9.05,1.361088753,0,,,,,,,,,,,,
,,,,,,,,,,,,,,,,,9.051,1.378817558,0,,,,,,,,,,,,
,,,,,,,,,,,,,,,,,9.052,1.377205849,0,,,,,,,,,,,,
,,,,,,,,,,,,,,,,,9.053,1.383652687,0,,,,,,,,,,,,
,,,,,,,,,,,,,,,,,9.054,1.388487816,0,,,,,,,,,,,,
,,,,,,,,,,,,,,,,,9.055,1.39090538,0,,,,,,,,,,,,
,,,,,,,,,,,,,,,,,9.056,1.385264397,0,,,,,,,,,,,,
,,,,,,,,,,,,,,,,,9.057,1.388487816,0,,,,,,,,,,,,
,,,,,,,,,,,,,,,,,9.058,1.386070251,0,,,,,,,,,,,,
,,,,,,,,,,,,,,,,,9.059,1.395740509,0,,,,,,,,,,,,
,,,,,,,,,,,,,,,,,9.06,1.385264397,0,,,,,,,,,,,,
,,,,,,,,,,,,,,,,,9.061,1.403799057,0,,,,,,,,,,,,
,,,,,,,,,,,,,,,,,9.062,1.402993202,0,,,,,,,,,,,,
,,,,,,,,,,,,,,,,,9.063,1.393322945,0,,,,,,,,,,,,
,,,,,,,,,,,,,,,,,9.064,1.39251709,0,,,,,,,,,,,,
,,,,,,,,,,,,,,,,,9.065,1.391711235,0,,,,,,,,,,,,
,,,,,,,,,,,,,,,,,9.066,1.390099525,0,,,,,,,,,,,,
,,,,,,,,,,,,,,,,,9.067,1.385264397,0,,,,,,,,,,,,
,,,,,,,,,,,,,,,,,9.068,1.388487816,0,,,,,,,,,,,,
,,,,,,,,,,,,,,,,,9.069,1.413469315,0,,,,,,,,,,,,
,,,,,,,,,,,,,,,,,9.07,1.398963928,0,,,,,,,,,,,,
,,,,,,,,,,,,,,,,,9.071,1.389293671,0,,,,,,,,,,,,
,,,,,,,,,,,,,,,,,9.072,1.397352219,0,,,,,,,,,,,,
,,,,,,,,,,,,,,,,,9.073,1.394934654,0,,,,,,,,,,,,
,,,,,,,,,,,,,,,,,9.074,1.393322945,0,,,,,,,,,,,,
,,,,,,,,,,,,,,,,,9.075,1.394934654,0,,,,,,,,,,,,
,,,,,,,,,,,,,,,,,9.076,1.401381493,0,,,,,,,,,,,,
,,,,,,,,,,,,,,,,,9.077,1.398158073,0,,,,,,,,,,,,
,,,,,,,,,,,,,,,,,9.078,1.41105175,0,,,,,,,,,,,,
,,,,,,,,,,,,,,,,,9.079,1.413469315,0,,,,,,,,,,,,
,,,,,,,,,,,,,,,,,9.08,1.407828331,0,,,,,,,,,,,,
,,,,,,,,,,,,,,,,,9.081,1.396546364,0,,,,,,,,,,,,
,,,,,,,,,,,,,,,,,9.082,1.430392265,0,,,,,,,,,,,,
,,,,,,,,,,,,,,,,,9.083,1.404604912,0,,,,,,,,,,,,
,,,,,,,,,,,,,,,,,9.084,1.410245895,0,,,,,,,,,,,,
,,,,,,,,,,,,,,,,,9.085,1.41105175,0,,,,,,,,,,,,
,,,,,,,,,,,,,,,,,9.086,1.419110298,0,,,,,,,,,,,,
,,,,,,,,,,,,,,,,,9.087,1.414275169,0,,,,,,,,,,,,
,,,,,,,,,,,,,,,,,9.088,1.425557137,0,,,,,,,,,,,,
,,,,,,,,,,,,,,,,,9.089,1.427168846,0,,,,,,,,,,,,
,,,,,,,,,,,,,,,,,9.09,1.407828331,0,,,,,,,,,,,,
,,,,,,,,,,,,,,,,,9.091,1.427168846,0,,,,,,,,,,,,
,,,,,,,,,,,,,,,,,9.092,1.423139572,0,,,,,,,,,,,,
,,,,,,,,,,,,,,,,,9.093,1.418304443,0,,,,,,,,,,,,
,,,,,,,,,,,,,,,,,9.094,1.430392265,0,,,,,,,,,,,,
,,,,,,,,,,,,,,,,,9.095,1.420722008,0,,,,,,,,,,,,
,,,,,,,,,,,,,,,,,9.096,1.418304443,0,,,,,,,,,,,,
,,,,,,,,,,,,,,,,,9.097,1.441674232,0,,,,,,,,,,,,
,,,,,,,,,,,,,,,,,9.098,1.436033249,0,,,,,,,,,,,,
,,,,,,,,,,,,,,,,,9.099,1.429586411,0,,,,,,,,,,,,
,,,,,,,,,,,,,,,,,9.1,1.438450813,0,,,,,,,,,,,,
,,,,,,,,,,,,,,,,,9.101,1.440062523,0,,,,,,,,,,,,
,,,,,,,,,,,,,,,,,9.102,1.443285942,0,,,,,,,,,,,,
,,,,,,,,,,,,,,,,,9.103,1.438450813,0,,,,,,,,,,,,
,,,,,,,,,,,,,,,,,9.104,1.441674232,0,,,,,,,,,,,,
,,,,,,,,,,,,,,,,,9.105,1.432003975,0,,,,,,,,,,,,
,,,,,,,,,,,,,,,,,9.106,1.443285942,0,,,,,,,,,,,,
,,,,,,,,,,,,,,,,,9.107,1.436839104,0,,,,,,,,,,,,
,,,,,,,,,,,,,,,,,9.108,1.436839104,0,,,,,,,,,,,,
,,,,,,,,,,,,,,,,,9.109,1.435227394,0,,,,,,,,,,,,
,,,,,,,,,,,,,,,,,9.11,1.436033249,0,,,,,,,,,,,,
,,,,,,,,,,,,,,,,,9.111,1.456985474,0,,,,,,,,,,,,
,,,,,,,,,,,,,,,,,9.112,1.439256668,0,,,,,,,,,,,,
,,,,,,,,,,,,,,,,,9.113,1.454567909,0,,,,,,,,,,,,
,,,,,,,,,,,,,,,,,9.114,1.456179619,0,,,,,,,,,,,,
,,,,,,,,,,,,,,,,,9.115,1.444897652,0,,,,,,,,,,,,
,,,,,,,,,,,,,,,,,9.116,1.439256668,0,,,,,,,,,,,,
,,,,,,,,,,,,,,,,,9.117,1.456985474,0,,,,,,,,,,,,
,,,,,,,,,,,,,,,,,9.118,1.450538635,0,,,,,,,,,,,,
,,,,,,,,,,,,,,,,,9.119,1.441674232,0,,,,,,,,,,,,
,,,,,,,,,,,,,,,,,9.12,1.446509361,0,,,,,,,,,,,,
,,,,,,,,,,,,,,,,,9.121,1.463432312,0,,,,,,,,,,,,
,,,,,,,,,,,,,,,,,9.122,1.456179619,0,,,,,,,,,,,,
,,,,,,,,,,,,,,,,,9.123,1.463432312,0,,,,,,,,,,,,
,,,,,,,,,,,,,,,,,9.124,1.459403038,0,,,,,,,,,,,,
,,,,,,,,,,,,,,,,,9.125,1.455373764,0,,,,,,,,,,,,
,,,,,,,,,,,,,,,,,9.126,1.462626457,0,,,,,,,,,,,,
,,,,,,,,,,,,,,,,,9.127,1.461820602,0,,,,,,,,,,,,
,,,,,,,,,,,,,,,,,9.128,1.469073296,0,,,,,,,,,,,,
,,,,,,,,,,,,,,,,,9.129,1.466655731,0,,,,,,,,,,,,
,,,,,,,,,,,,,,,,,9.13,1.47149086,0,,,,,,,,,,,,
,,,,,,,,,,,,,,,,,9.131,1.466655731,0,,,,,,,,,,,,
,,,,,,,,,,,,,,,,,9.132,1.467461586,0,,,,,,,,,,,,
,,,,,,,,,,,,,,,,,9.133,1.468267441,0,,,,,,,,,,,,
,,,,,,,,,,,,,,,,,9.134,1.47149086,0,,,,,,,,,,,,
,,,,,,,,,,,,,,,,,9.135,1.468267441,0,,,,,,,,,,,,
,,,,,,,,,,,,,,,,,9.136,1.470685005,0,,,,,,,,,,,,
,,,,,,,,,,,,,,,,,9.137,1.478743553,0,,,,,,,,,,,,
,,,,,,,,,,,,,,,,,9.138,1.481161118,0,,,,,,,,,,,,
,,,,,,,,,,,,,,,,,9.139,1.494860649,0,,,,,,,,,,,,
,,,,,,,,,,,,,,,,,9.14,1.483578682,0,,,,,,,,,,,,
,,,,,,,,,,,,,,,,,9.141,1.498084068,0,,,,,,,,,,,,
,,,,,,,,,,,,,,,,,9.142,1.473908424,0,,,,,,,,,,,,
,,,,,,,,,,,,,,,,,9.143,1.490831375,0,,,,,,,,,,,,
,,,,,,,,,,,,,,,,,9.144,1.487607956,0,,,,,,,,,,,,
,,,,,,,,,,,,,,,,,9.145,1.473908424,0,,,,,,,,,,,,
,,,,,,,,,,,,,,,,,9.146,1.49002552,0,,,,,,,,,,,,
,,,,,,,,,,,,,,,,,9.147,1.490831375,0,,,,,,,,,,,,
,,,,,,,,,,,,,,,,,9.148,1.5117836,0,,,,,,,,,,,,
,,,,,,,,,,,,,,,,,9.149,1.503725052,0,,,,,,,,,,,,
,,,,,,,,,,,,,,,,,9.15,1.509366035,0,,,,,,,,,,,,
,,,,,,,,,,,,,,,,,9.151,1.501307487,0,,,,,,,,,,,,
,,,,,,,,,,,,,,,,,9.152,1.49324894,0,,,,,,,,,,,,
,,,,,,,,,,,,,,,,,9.153,1.513395309,0,,,,,,,,,,,,
,,,,,,,,,,,,,,,,,9.154,1.502113342,0,,,,,,,,,,,,
,,,,,,,,,,,,,,,,,9.155,1.51017189,0,,,,,,,,,,,,
,,,,,,,,,,,,,,,,,9.156,1.506948471,0,,,,,,,,,,,,
,,,,,,,,,,,,,,,,,9.157,1.513395309,0,,,,,,,,,,,,
,,,,,,,,,,,,,,,,,9.158,1.494860649,0,,,,,,,,,,,,
,,,,,,,,,,,,,,,,,9.159,1.508560181,0,,,,,,,,,,,,
,,,,,,,,,,,,,,,,,9.16,1.507754326,0,,,,,,,,,,,,
,,,,,,,,,,,,,,,,,9.161,1.506948471,0,,,,,,,,,,,,
,,,,,,,,,,,,,,,,,9.162,1.53031826,0,,,,,,,,,,,,
,,,,,,,,,,,,,,,,,9.163,1.519036293,0,,,,,,,,,,,,
,,,,,,,,,,,,,,,,,9.164,1.520648003,0,,,,,,,,,,,,
,,,,,,,,,,,,,,,,,9.165,1.525483131,0,,,,,,,,,,,,
,,,,,,,,,,,,,,,,,9.166,1.523871422,0,,,,,,,,,,,,
,,,,,,,,,,,,,,,,,9.167,1.527094841,0,,,,,,,,,,,,
,,,,,,,,,,,,,,,,,9.168,1.517424583,0,,,,,,,,,,,,
,,,,,,,,,,,,,,,,,9.169,1.528706551,0,,,,,,,,,,,,
,,,,,,,,,,,,,,,,,9.17,1.540794373,0,,,,,,,,,,,,
,,,,,,,,,,,,,,,,,9.171,1.533541679,0,,,,,,,,,,,,
,,,,,,,,,,,,,,,,,9.172,1.535153389,0,,,,,,,,,,,,
,,,,,,,,,,,,,,,,,9.173,1.529512405,0,,,,,,,,,,,,
,,,,,,,,,,,,,,,,,9.174,1.532735825,0,,,,,,,,,,,,
,,,,,,,,,,,,,,,,,9.175,1.542406082,0,,,,,,,,,,,,
,,,,,,,,,,,,,,,,,9.176,1.542406082,0,,,,,,,,,,,,
,,,,,,,,,,,,,,,,,9.177,1.537570953,0,,,,,,,,,,,,
,,,,,,,,,,,,,,,,,9.178,1.539988518,0,,,,,,,,,,,,
,,,,,,,,,,,,,,,,,9.179,1.535153389,0,,,,,,,,,,,,
,,,,,,,,,,,,,,,,,9.18,1.535959244,0,,,,,,,,,,,,
,,,,,,,,,,,,,,,,,9.181,1.535959244,0,,,,,,,,,,,,
,,,,,,,,,,,,,,,,,9.182,1.734199524,0,,,,,,,,,,,,
,,,,,,,,,,,,,,,,,9.183,1.751122475,0,,,,,,,,,,,,
,,,,,,,,,,,,,,,,,9.184,1.751928329,0,,,,,,,,,,,,
,,,,,,,,,,,,,,,,,9.185,1.739840508,0,,,,,,,,,,,,
,,,,,,,,,,,,,,,,,9.186,1.752734184,0,,,,,,,,,,,,
,,,,,,,,,,,,,,,,,9.187,1.766433716,0,,,,,,,,,,,,
,,,,,,,,,,,,,,,,,9.188,1.759181023,0,,,,,,,,,,,,
,,,,,,,,,,,,,,,,,9.189,1.746287346,0,,,,,,,,,,,,
,,,,,,,,,,,,,,,,,9.19,1.751928329,0,,,,,,,,,,,,
,,,,,,,,,,,,,,,,,9.191,1.755957603,0,,,,,,,,,,,,
,,,,,,,,,,,,,,,,,9.192,1.765627861,0,,,,,,,,,,,,
,,,,,,,,,,,,,,,,,9.193,1.755957603,0,,,,,,,,,,,,
,,,,,,,,,,,,,,,,,9.194,1.763210297,0,,,,,,,,,,,,
,,,,,,,,,,,,,,,,,9.195,1.76885128,0,,,,,,,,,,,,
,,,,,,,,,,,,,,,,,9.196,1.763210297,0,,,,,,,,,,,,
,,,,,,,,,,,,,,,,,9.197,1.774492264,0,,,,,,,,,,,,
,,,,,,,,,,,,,,,,,9.198,1.772074699,0,,,,,,,,,,,,
,,,,,,,,,,,,,,,,,9.199,1.771268845,0,,,,,,,,,,,,
,,,,,,,,,,,,,,,,,9.2,1.769657135,0,,,,,,,,,,,,
,,,,,,,,,,,,,,,,,9.201,1.777715683,0,,,,,,,,,,,,
,,,,,,,,,,,,,,,,,9.202,1.776103973,0,,,,,,,,,,,,
,,,,,,,,,,,,,,,,,9.203,1.777715683,0,,,,,,,,,,,,
,,,,,,,,,,,,,,,,,9.204,1.771268845,0,,,,,,,,,,,,
,,,,,,,,,,,,,,,,,9.205,1.79060936,0,,,,,,,,,,,,
,,,,,,,,,,,,,,,,,9.206,1.793832779,0,,,,,,,,,,,,
,,,,,,,,,,,,,,,,,9.207,1.781744957,0,,,,,,,,,,,,
,,,,,,,,,,,,,,,,,9.208,1.775298119,0,,,,,,,,,,,,
,,,,,,,,,,,,,,,,,9.209,1.778521538,0,,,,,,,,,,,,
,,,,,,,,,,,,,,,,,9.21,1.781744957,0,,,,,,,,,,,,
,,,,,,,,,,,,,,,,,9.211,1.781744957,0,,,,,,,,,,,,
,,,,,,,,,,,,,,,,,9.212,1.780939102,0,,,,,,,,,,,,
,,,,,,,,,,,,,,,,,9.213,1.782550812,0,,,,,,,,,,,,
,,,,,,,,,,,,,,,,,9.214,1.785774231,0,,,,,,,,,,,,
,,,,,,,,,,,,,,,,,9.215,1.789803505,0,,,,,,,,,,,,
,,,,,,,,,,,,,,,,,9.216,1.782550812,0,,,,,,,,,,,,
,,,,,,,,,,,,,,,,,9.217,1.793026924,0,,,,,,,,,,,,
,,,,,,,,,,,,,,,,,9.218,1.797862053,0,,,,,,,,,,,,
,,,,,,,,,,,,,,,,,9.219,1.780939102,0,,,,,,,,,,,,
,,,,,,,,,,,,,,,,,9.22,1.803503036,0,,,,,,,,,,,,
,,,,,,,,,,,,,,,,,9.221,1.780939102,0,,,,,,,,,,,,
,,,,,,,,,,,,,,,,,9.222,1.799473763,0,,,,,,,,,,,,
,,,,,,,,,,,,,,,,,9.223,1.798667908,0,,,,,,,,,,,,
,,,,,,,,,,,,,,,,,9.224,1.802697182,0,,,,,,,,,,,,
,,,,,,,,,,,,,,,,,9.225,1.811561584,0,,,,,,,,,,,,
,,,,,,,,,,,,,,,,,9.226,1.80914402,0,,,,,,,,,,,,
,,,,,,,,,,,,,,,,,9.227,1.801085472,0,,,,,,,,,,,,
,,,,,,,,,,,,,,,,,9.228,1.812367439,0,,,,,,,,,,,,
,,,,,,,,,,,,,,,,,9.229,1.79060936,0,,,,,,,,,,,,
,,,,,,,,,,,,,,,,,9.23,1.811561584,0,,,,,,,,,,,,
,,,,,,,,,,,,,,,,,9.231,1.809949875,0,,,,,,,,,,,,
,,,,,,,,,,,,,,,,,9.232,1.818008423,0,,,,,,,,,,,,
,,,,,,,,,,,,,,,,,9.233,1.805114746,0,,,,,,,,,,,,
,,,,,,,,,,,,,,,,,9.234,1.813979149,0,,,,,,,,,,,,
,,,,,,,,,,,,,,,,,9.235,1.822843552,0,,,,,,,,,,,,
,,,,,,,,,,,,,,,,,9.236,1.823649406,0,,,,,,,,,,,,
,,,,,,,,,,,,,,,,,9.237,1.81075573,0,,,,,,,,,,,,
,,,,,,,,,,,,,,,,,9.238,1.826066971,0,,,,,,,,,,,,
,,,,,,,,,,,,,,,,,9.239,1.828484535,0,,,,,,,,,,,,
,,,,,,,,,,,,,,,,,9.24,1.809949875,0,,,,,,,,,,,,
,,,,,,,,,,,,,,,,,9.241,1.822843552,0,,,,,,,,,,,,
,,,,,,,,,,,,,,,,,9.242,1.831707954,0,,,,,,,,,,,,
,,,,,,,,,,,,,,,,,9.243,1.822843552,0,,,,,,,,,,,,
,,,,,,,,,,,,,,,,,9.244,1.824455261,0,,,,,,,,,,,,
,,,,,,,,,,,,,,,,,9.245,1.824455261,0,,,,,,,,,,,,
,,,,,,,,,,,,,,,,,9.246,1.819620132,0,,,,,,,,,,,,
,,,,,,,,,,,,,,,,,9.247,1.840572357,0,,,,,,,,,,,,
,,,,,,,,,,,,,,,,,9.248,1.846213341,0,,,,,,,,,,,,
,,,,,,,,,,,,,,,,,9.249,1.837348938,0,,,,,,,,,,,,
,,,,,,,,,,,,,,,,,9.25,1.837348938,0,,,,,,,,,,,,
,,,,,,,,,,,,,,,,,9.251,1.841378212,0,,,,,,,,,,,,
,,,,,,,,,,,,,,,,,9.252,1.847019196,0,,,,,,,,,,,,
,,,,,,,,,,,,,,,,,9.253,1.84782505,0,,,,,,,,,,,,
,,,,,,,,,,,,,,,,,9.254,1.851854324,0,,,,,,,,,,,,
,,,,,,,,,,,,,,,,,9.255,1.830096245,0,,,,,,,,,,,,
,,,,,,,,,,,,,,,,,9.256,1.852660179,0,,,,,,,,,,,,
,,,,,,,,,,,,,,,,,9.257,1.85104847,0,,,,,,,,,,,,
,,,,,,,,,,,,,,,,,9.258,1.85104847,0,,,,,,,,,,,,
,,,,,,,,,,,,,,,,,9.259,1.841378212,0,,,,,,,,,,,,
,,,,,,,,,,,,,,,,,9.26,1.868777275,0,,,,,,,,,,,,
,,,,,,,,,,,,,,,,,9.261,1.863136292,0,,,,,,,,,,,,
,,,,,,,,,,,,,,,,,9.262,1.854271889,0,,,,,,,,,,,,
,,,,,,,,,,,,,,,,,9.263,1.859107018,0,,,,,,,,,,,,
,,,,,,,,,,,,,,,,,9.264,1.855077744,0,,,,,,,,,,,,
,,,,,,,,,,,,,,,,,9.265,1.861524582,0,,,,,,,,,,,,
,,,,,,,,,,,,,,,,,9.266,1.868777275,0,,,,,,,,,,,,
,,,,,,,,,,,,,,,,,9.267,1.876029968,0,,,,,,,,,,,,
,,,,,,,,,,,,,,,,,9.268,1.868777275,0,,,,,,,,,,,,
,,,,,,,,,,,,,,,,,9.269,1.876029968,0,,,,,,,,,,,,
,,,,,,,,,,,,,,,,,9.27,1.871194839,0,,,,,,,,,,,,
,,,,,,,,,,,,,,,,,9.271,1.879253387,0,,,,,,,,,,,,
,,,,,,,,,,,,,,,,,9.272,1.873612404,0,,,,,,,,,,,,
,,,,,,,,,,,,,,,,,9.273,1.878447533,0,,,,,,,,,,,,
,,,,,,,,,,,,,,,,,9.274,1.872000694,0,,,,,,,,,,,,
,,,,,,,,,,,,,,,,,9.275,1.876029968,0,,,,,,,,,,,,
,,,,,,,,,,,,,,,,,9.276,1.871194839,0,,,,,,,,,,,,
,,,,,,,,,,,,,,,,,9.277,1.872806549,0,,,,,,,,,,,,
,,,,,,,,,,,,,,,,,9.278,1.887311935,0,,,,,,,,,,,,
,,,,,,,,,,,,,,,,,9.279,1.891341209,0,,,,,,,,,,,,
,,,,,,,,,,,,,,,,,9.28,1.887311935,0,,,,,,,,,,,,
,,,,,,,,,,,,,,,,,9.281,1.884894371,0,,,,,,,,,,,,
,,,,,,,,,,,,,,,,,9.282,1.871194839,0,,,,,,,,,,,,
,,,,,,,,,,,,,,,,,9.283,1.886506081,0,,,,,,,,,,,,
,,,,,,,,,,,,,,,,,9.284,1.880865097,0,,,,,,,,,,,,
,,,,,,,,,,,,,,,,,9.285,1.880059242,0,,,,,,,,,,,,
,,,,,,,,,,,,,,,,,9.286,1.904234886,0,,,,,,,,,,,,
,,,,,,,,,,,,,,,,,9.287,1.899399757,0,,,,,,,,,,,,
,,,,,,,,,,,,,,,,,9.288,1.876835823,0,,,,,,,,,,,,
,,,,,,,,,,,,,,,,,9.289,1.886506081,0,,,,,,,,,,,,
,,,,,,,,,,,,,,,,,9.29,1.8897295,0,,,,,,,,,,,,
,,,,,,,,,,,,,,,,,9.291,1.905040741,0,,,,,,,,,,,,
,,,,,,,,,,,,,,,,,9.292,1.898593903,0,,,,,,,,,,,,
,,,,,,,,,,,,,,,,,9.293,1.904234886,0,,,,,,,,,,,,
,,,,,,,,,,,,,,,,,9.294,1.913099289,0,,,,,,,,,,,,
,,,,,,,,,,,,,,,,,9.295,1.905846596,0,,,,,,,,,,,,
,,,,,,,,,,,,,,,,,9.296,1.894564629,0,,,,,,,,,,,,
,,,,,,,,,,,,,,,,,9.297,1.923575401,0,,,,,,,,,,,,
,,,,,,,,,,,,,,,,,9.298,1.905846596,0,,,,,,,,,,,,
,,,,,,,,,,,,,,,,,9.299,1.904234886,0,,,,,,,,,,,,
,,,,,,,,,,,,,,,,,9.3,1.925187111,0,,,,,,,,,,,,
,,,,,,,,,,,,,,,,,9.301,1.898593903,0,,,,,,,,,,,,
,,,,,,,,,,,,,,,,,9.302,1.912293434,0,,,,,,,,,,,,
,,,,,,,,,,,,,,,,,9.303,1.913099289,0,,,,,,,,,,,,
,,,,,,,,,,,,,,,,,9.304,1.921963692,0,,,,,,,,,,,,
,,,,,,,,,,,,,,,,,9.305,1.924381256,0,,,,,,,,,,,,
,,,,,,,,,,,,,,,,,9.306,1.929216385,0,,,,,,,,,,,,
,,,,,,,,,,,,,,,,,9.307,1.924381256,0,,,,,,,,,,,,
,,,,,,,,,,,,,,,,,9.308,1.920351982,0,,,,,,,,,,,,
,,,,,,,,,,,,,,,,,9.309,1.925187111,0,,,,,,,,,,,,
,,,,,,,,,,,,,,,,,9.31,1.921157837,0,,,,,,,,,,,,
,,,,,,,,,,,,,,,,,9.311,1.92679882,0,,,,,,,,,,,,
,,,,,,,,,,,,,,,,,9.312,1.937274933,0,,,,,,,,,,,,
,,,,,,,,,,,,,,,,,9.313,1.921963692,0,,,,,,,,,,,,
,,,,,,,,,,,,,,,,,9.314,1.935663223,0,,,,,,,,,,,,
,,,,,,,,,,,,,,,,,9.315,1.937274933,0,,,,,,,,,,,,
,,,,,,,,,,,,,,,,,9.316,1.925187111,0,,,,,,,,,,,,
,,,,,,,,,,,,,,,,,9.317,1.935663223,0,,,,,,,,,,,,
,,,,,,,,,,,,,,,,,9.318,1.95016861,0,,,,,,,,,,,,
,,,,,,,,,,,,,,,,,9.319,1.934857368,0,,,,,,,,,,,,
,,,,,,,,,,,,,,,,,9.32,1.934051514,0,,,,,,,,,,,,
,,,,,,,,,,,,,,,,,9.321,1.946139336,0,,,,,,,,,,,,
,,,,,,,,,,,,,,,,,9.322,1.944527626,0,,,,,,,,,,,,
,,,,,,,,,,,,,,,,,9.323,1.953392029,0,,,,,,,,,,,,
,,,,,,,,,,,,,,,,,9.324,1.951780319,0,,,,,,,,,,,,
,,,,,,,,,,,,,,,,,9.325,1.942915916,0,,,,,,,,,,,,
,,,,,,,,,,,,,,,,,9.326,1.946139336,0,,,,,,,,,,,,
,,,,,,,,,,,,,,,,,9.327,1.932439804,0,,,,,,,,,,,,
,,,,,,,,,,,,,,,,,9.328,1.955809593,0,,,,,,,,,,,,
,,,,,,,,,,,,,,,,,9.329,1.947751045,0,,,,,,,,,,,,
,,,,,,,,,,,,,,,,,9.33,1.960644722,0,,,,,,,,,,,,
,,,,,,,,,,,,,,,,,9.331,1.952586174,0,,,,,,,,,,,,
,,,,,,,,,,,,,,,,,9.332,1.950974464,0,,,,,,,,,,,,
,,,,,,,,,,,,,,,,,9.333,1.965479851,0,,,,,,,,,,,,
,,,,,,,,,,,,,,,,,9.334,1.965479851,0,,,,,,,,,,,,
,,,,,,,,,,,,,,,,,9.335,1.972732544,0,,,,,,,,,,,,
,,,,,,,,,,,,,,,,,9.336,1.959033012,0,,,,,,,,,,,,
,,,,,,,,,,,,,,,,,9.337,1.961450577,0,,,,,,,,,,,,
,,,,,,,,,,,,,,,,,9.338,1.964673996,0,,,,,,,,,,,,
,,,,,,,,,,,,,,,,,9.339,1.967897415,0,,,,,,,,,,,,
,,,,,,,,,,,,,,,,,9.34,1.966285706,0,,,,,,,,,,,,
,,,,,,,,,,,,,,,,,9.341,1.97031498,0,,,,,,,,,,,,
,,,,,,,,,,,,,,,,,9.342,1.971120834,0,,,,,,,,,,,,
,,,,,,,,,,,,,,,,,9.343,1.96709156,0,,,,,,,,,,,,
,,,,,,,,,,,,,,,,,9.344,1.96709156,0,,,,,,,,,,,,
,,,,,,,,,,,,,,,,,9.345,2.172584534,3.299917502,,,,,,,,,,,,
,,,,,,,,,,,,,,,,,9.346,2.162914276,3.299999998,,,,,,,,,,,,
,,,,,,,,,,,,,,,,,9.347,2.166137695,3.3,,,,,,,,,,,,
,,,,,,,,,,,,,,,,,9.348,2.16855526,3.3,,,,,,,,,,,,
,,,,,,,,,,,,,,,,,9.349,2.165331841,3.3,,,,,,,,,,,,
,,,,,,,,,,,,,,,,,9.35,2.157273293,3.3,,,,,,,,,,,,
,,,,,,,,,,,,,,,,,9.351,2.158885002,3.3,,,,,,,,,,,,
,,,,,,,,,,,,,,,,,9.352,2.170972824,3.3,,,,,,,,,,,,
,,,,,,,,,,,,,,,,,9.353,2.172584534,3.3,,,,,,,,,,,,
,,,,,,,,,,,,,,,,,9.354,2.179031372,3.3,,,,,,,,,,,,
,,,,,,,,,,,,,,,,,9.355,2.166137695,3.3,,,,,,,,,,,,
,,,,,,,,,,,,,,,,,9.356,2.16855526,3.3,,,,,,,,,,,,
,,,,,,,,,,,,,,,,,9.357,2.16694355,3.3,,,,,,,,,,,,
,,,,,,,,,,,,,,,,,9.358,2.176613808,3.3,,,,,,,,,,,,
,,,,,,,,,,,,,,,,,9.359,2.16855526,3.3,,,,,,,,,,,,
,,,,,,,,,,,,,,,,,9.36,2.176613808,3.3,,,,,,,,,,,,
,,,,,,,,,,,,,,,,,9.361,2.178225517,3.3,,,,,,,,,,,,
,,,,,,,,,,,,,,,,,9.362,2.178225517,3.3,,,,,,,,,,,,
,,,,,,,,,,,,,,,,,9.363,2.191925049,3.3,,,,,,,,,,,,
,,,,,,,,,,,,,,,,,9.364,2.179031372,3.3,,,,,,,,,,,,
,,,,,,,,,,,,,,,,,9.365,2.179031372,3.3,,,,,,,,,,,,
,,,,,,,,,,,,,,,,,9.366,2.170972824,3.3,,,,,,,,,,,,
,,,,,,,,,,,,,,,,,9.367,2.177419662,3.3,,,,,,,,,,,,
,,,,,,,,,,,,,,,,,9.368,2.170972824,3.3,,,,,,,,,,,,
,,,,,,,,,,,,,,,,,9.369,2.172584534,3.3,,,,,,,,,,,,
,,,,,,,,,,,,,,,,,9.37,2.175807953,3.3,,,,,,,,,,,,
,,,,,,,,,,,,,,,,,9.371,2.183866501,3.3,,,,,,,,,,,,
,,,,,,,,,,,,,,,,,9.372,2.186284065,3.3,,,,,,,,,,,,
,,,,,,,,,,,,,,,,,9.373,2.18547821,3.3,,,,,,,,,,,,
,,,,,,,,,,,,,,,,,9.374,2.175002098,3.3,,,,,,,,,,,,
,,,,,,,,,,,,,,,,,9.375,2.182254791,3.3,,,,,,,,,,,,
,,,,,,,,,,,,,,,,,9.376,2.189507484,3.3,,,,,,,,,,,,
,,,,,,,,,,,,,,,,,9.377,2.184672356,3.3,,,,,,,,,,,,
,,,,,,,,,,,,,,,,,9.378,2.181448936,3.3,,,,,,,,,,,,
,,,,,,,,,,,,,,,,,9.379,2.199983597,3.3,,,,,,,,,,,,
,,,,,,,,,,,,,,,,,9.38,2.195148468,3.3,,,,,,,,,,,,
,,,,,,,,,,,,,,,,,9.381,2.196760178,3.3,,,,,,,,,,,,
,,,,,,,,,,,,,,,,,9.382,2.191119194,3.3,,,,,,,,,,,,
,,,,,,,,,,,,,,,,,9.383,2.214488983,3.3,,,,,,,,,,,,
,,,,,,,,,,,,,,,,,9.384,2.194342613,3.3,,,,,,,,,,,,
,,,,,,,,,,,,,,,,,9.385,2.193536758,3.3,,,,,,,,,,,,
,,,,,,,,,,,,,,,,,9.386,2.204818726,3.3,,,,,,,,,,,,
,,,,,,,,,,,,,,,,,9.387,2.197566032,3.3,,,,,,,,,,,,
,,,,,,,,,,,,,,,,,9.388,2.197566032,3.3,,,,,,,,,,,,
,,,,,,,,,,,,,,,,,9.389,2.204012871,3.3,,,,,,,,,,,,
,,,,,,,,,,,,,,,,,9.39,2.191925049,3.3,,,,,,,,,,,,
,,,,,,,,,,,,,,,,,9.391,2.194342613,3.3,,,,,,,,,,,,
,,,,,,,,,,,,,,,,,9.392,2.184672356,3.3,,,,,,,,,,,,
,,,,,,,,,,,,,,,,,9.393,2.187895775,3.3,,,,,,,,,,,,
,,,,,,,,,,,,,,,,,9.394,2.204012871,3.3,,,,,,,,,,,,
,,,,,,,,,,,,,,,,,9.395,2.215294838,3.3,,,,,,,,,,,,
,,,,,,,,,,,,,,,,,9.396,2.190313339,3.3,,,,,,,,,,,,
,,,,,,,,,,,,,,,,,9.397,2.201595306,3.3,,,,,,,,,,,,
,,,,,,,,,,,,,,,,,9.398,2.198371887,3.3,,,,,,,,,,,,
,,,,,,,,,,,,,,,,,9.399,2.200789452,3.3,,,,,,,,,,,,
,,,,,,,,,,,,,,,,,9.4,2.203207016,3.3,,,,,,,,,,,,
,,,,,,,,,,,,,,,,,9.401,2.200789452,3.3,,,,,,,,,,,,
,,,,,,,,,,,,,,,,,9.402,2.202401161,3.3,,,,,,,,,,,,
,,,,,,,,,,,,,,,,,9.403,2.199983597,3.3,,,,,,,,,,,,
,,,,,,,,,,,,,,,,,9.404,2.217712402,3.3,,,,,,,,,,,,
,,,,,,,,,,,,,,,,,9.405,2.202401161,3.3,,,,,,,,,,,,
,,,,,,,,,,,,,,,,,9.406,2.199983597,3.3,,,,,,,,,,,,
,,,,,,,,,,,,,,,,,9.407,2.212877274,3.3,,,,,,,,,,,,
,,,,,,,,,,,,,,,,,9.408,2.208848,3.3,,,,,,,,,,,,
,,,,,,,,,,,,,,,,,9.409,2.198371887,3.3,,,,,,,,,,,,
,,,,,,,,,,,,,,,,,9.41,2.206430435,3.3,,,,,,,,,,,,
,,,,,,,,,,,,,,,,,9.411,2.208848,3.3,,,,,,,,,,,,
,,,,,,,,,,,,,,,,,9.412,2.212071419,3.3,,,,,,,,,,,,
,,,,,,,,,,,,,,,,,9.413,2.202401161,3.3,,,,,,,,,,,,
,,,,,,,,,,,,,,,,,9.414,2.199983597,3.3,,,,,,,,,,,,
,,,,,,,,,,,,,,,,,9.415,2.203207016,3.3,,,,,,,,,,,,
,,,,,,,,,,,,,,,,,9.416,2.206430435,3.3,,,,,,,,,,,,
,,,,,,,,,,,,,,,,,9.417,2.202401161,3.3,,,,,,,,,,,,
,,,,,,,,,,,,,,,,,9.418,2.215294838,3.3,,,,,,,,,,,,
,,,,,,,,,,,,,,,,,9.419,2.212877274,3.3,,,,,,,,,,,,
,,,,,,,,,,,,,,,,,9.42,2.213683128,3.3,,,,,,,,,,,,
,,,,,,,,,,,,,,,,,9.421,2.20723629,3.3,,,,,,,,,,,,
,,,,,,,,,,,,,,,,,9.422,2.220129967,3.3,,,,,,,,,,,,
,,,,,,,,,,,,,,,,,9.423,2.230606079,3.3,,,,,,,,,,,,
,,,,,,,,,,,,,,,,,9.424,2.213683128,3.3,,,,,,,,,,,,
,,,,,,,,,,,,,,,,,9.425,2.22577095,3.3,,,,,,,,,,,,
,,,,,,,,,,,,,,,,,9.426,2.213683128,3.3,,,,,,,,,,,,
,,,,,,,,,,,,,,,,,9.427,2.214488983,3.3,,,,,,,,,,,,
,,,,,,,,,,,,,,,,,9.428,2.216906548,3.3,,,,,,,,,,,,
,,,,,,,,,,,,,,,,,9.429,2.228188515,3.3,,,,,,,,,,,,
,,,,,,,,,,,,,,,,,9.43,2.220935822,3.3,,,,,,,,,,,,
,,,,,,,,,,,,,,,,,9.431,2.213683128,3.3,,,,,,,,,,,,
,,,,,,,,,,,,,,,,,9.432,2.209653854,3.3,,,,,,,,,,,,
,,,,,,,,,,,,,,,,,9.433,2.222547531,3.3,,,,,,,,,,,,
,,,,,,,,,,,,,,,,,9.434,2.226576805,3.3,,,,,,,,,,,,
,,,,,,,,,,,,,,,,,9.435,2.226576805,3.3,,,,,,,,,,,,
,,,,,,,,,,,,,,,,,9.436,2.22899437,3.3,,,,,,,,,,,,
,,,,,,,,,,,,,,,,,9.437,2.233023643,3.3,,,,,,,,,,,,
,,,,,,,,,,,,,,,,,9.438,2.215294838,3.3,,,,,,,,,,,,
,,,,,,,,,,,,,,,,,9.439,2.219324112,3.3,,,,,,,,,,,,
,,,,,,,,,,,,,,,,,9.44,2.220129967,3.3,,,,,,,,,,,,
,,,,,,,,,,,,,,,,,9.441,2.233829498,3.3,,,,,,,,,,,,
,,,,,,,,,,,,,,,,,9.442,2.226576805,3.3,,,,,,,,,,,,
,,,,,,,,,,,,,,,,,9.443,2.241082191,3.3,,,,,,,,,,,,
,,,,,,,,,,,,,,,,,9.444,2.216906548,3.3,,,,,,,,,,,,
,,,,,,,,,,,,,,,,,9.445,2.230606079,3.3,,,,,,,,,,,,
,,,,,,,,,,,,,,,,,9.446,2.215294838,3.3,,,,,,,,,,,,
,,,,,,,,,,,,,,,,,9.447,2.213683128,3.3,,,,,,,,,,,,
,,,,,,,,,,,,,,,,,9.448,2.229800224,3.3,,,,,,,,,,,,
,,,,,,,,,,,,,,,,,9.449,2.220935822,3.3,,,,,,,,,,,,
,,,,,,,,,,,,,,,,,9.45,2.244305611,3.3,,,,,,,,,,,,
,,,,,,,,,,,,,,,,,9.451,2.22738266,3.3,,,,,,,,,,,,
,,,,,,,,,,,,,,,,,9.452,2.233829498,3.3,,,,,,,,,,,,
,,,,,,,,,,,,,,,,,9.453,2.223353386,3.3,,,,,,,,,,,,
,,,,,,,,,,,,,,,,,9.454,2.237858772,3.3,,,,,,,,,,,,
,,,,,,,,,,,,,,,,,9.455,2.232217789,3.3,,,,,,,,,,,,
,,,,,,,,,,,,,,,,,9.456,2.242693901,3.3,,,,,,,,,,,,
,,,,,,,,,,,,,,,,,9.457,2.241082191,3.3,,,,,,,,,,,,
,,,,,,,,,,,,,,,,,9.458,2.235441208,3.3,,,,,,,,,,,,
,,,,,,,,,,,,,,,,,9.459,2.237858772,3.3,,,,,,,,,,,,
,,,,,,,,,,,,,,,,,9.46,2.233829498,3.3,,,,,,,,,,,,
,,,,,,,,,,,,,,,,,9.461,2.234635353,3.3,,,,,,,,,,,,
,,,,,,,,,,,,,,,,,9.462,2.238664627,3.3,,,,,,,,,,,,
,,,,,,,,,,,,,,,,,9.463,2.251558304,3.3,,,,,,,,,,,,
,,,,,,,,,,,,,,,,,9.464,2.245111465,3.3,,,,,,,,,,,,
,,,,,,,,,,,,,,,,,9.465,2.233829498,3.3,,,,,,,,,,,,
,,,,,,,,,,,,,,,,,9.466,2.239470482,3.3,,,,,,,,,,,,
,,,,,,,,,,,,,,,,,9.467,2.249140739,3.3,,,,,,,,,,,,
,,,,,,,,,,,,,,,,,9.468,2.240276337,3.3,,,,,,,,,,,,
,,,,,,,,,,,,,,,,,9.469,2.230606079,3.3,,,,,,,,,,,,
,,,,,,,,,,,,,,,,,9.47,2.241082191,3.3,,,,,,,,,,,,
,,,,,,,,,,,,,,,,,9.471,2.237858772,3.3,,,,,,,,,,,,
,,,,,,,,,,,,,,,,,9.472,2.241888046,3.3,,,,,,,,,,,,
,,,,,,,,,,,,,,,,,9.473,2.253975868,3.3,,,,,,,,,,,,
,,,,,,,,,,,,,,,,,9.474,2.233023643,3.3,,,,,,,,,,,,
,,,,,,,,,,,,,,,,,9.475,2.243499756,3.3,,,,,,,,,,,,
,,,,,,,,,,,,,,,,,9.476,2.233023643,3.3,,,,,,,,,,,,
,,,,,,,,,,,,,,,,,9.477,2.246723175,3.3,,,,,,,,,,,,
,,,,,,,,,,,,,,,,,9.478,2.250752449,3.3,,,,,,,,,,,,
,,,,,,,,,,,,,,,,,9.479,2.250752449,3.3,,,,,,,,,,,,
,,,,,,,,,,,,,,,,,9.48,2.243499756,3.3,,,,,,,,,,,,
,,,,,,,,,,,,,,,,,9.481,2.242693901,3.3,,,,,,,,,,,,
,,,,,,,,,,,,,,,,,9.482,2.224159241,3.3,,,,,,,,,,,,
,,,,,,,,,,,,,,,,,9.483,2.252364159,3.3,,,,,,,,,,,,
,,,,,,,,,,,,,,,,,9.484,2.260422707,3.3,,,,,,,,,,,,
,,,,,,,,,,,,,,,,,9.485,2.241888046,3.3,,,,,,,,,,,,
,,,,,,,,,,,,,,,,,9.486,2.24591732,3.3,,,,,,,,,,,,
,,,,,,,,,,,,,,,,,9.487,2.244305611,3.3,,,,,,,,,,,,
,,,,,,,,,,,,,,,,,9.488,2.246723175,3.3,,,,,,,,,,,,
,,,,,,,,,,,,,,,,,9.489,2.259616852,3.3,,,,,,,,,,,,
,,,,,,,,,,,,,,,,,9.49,2.242693901,3.3,,,,,,,,,,,,
,,,,,,,,,,,,,,,,,9.491,2.255587578,3.3,,,,,,,,,,,,
,,,,,,,,,,,,,,,,,9.492,2.257199287,3.3,,,,,,,,,,,,
,,,,,,,,,,,,,,,,,9.493,2.260422707,3.3,,,,,,,,,,,,
,,,,,,,,,,,,,,,,,9.494,2.245111465,3.3,,,,,,,,,,,,
,,,,,,,,,,,,,,,,,9.495,2.258005142,3.3,,,,,,,,,,,,
,,,,,,,,,,,,,,,,,9.496,2.245111465,3.3,,,,,,,,,,,,
,,,,,,,,,,,,,,,,,9.497,2.257199287,3.3,,,,,,,,,,,,
,,,,,,,,,,,,,,,,,9.498,2.261228561,3.3,,,,,,,,,,,,
,,,,,,,,,,,,,,,,,9.499,2.248334885,3.3,,,,,,,,,,,,
,,,,,,,,,,,,,,,,,9.5,2.255587578,3.3,,,,,,,,,,,,
,,,,,,,,,,,,,,,,,9.501,2.253975868,3.3,,,,,,,,,,,,
,,,,,,,,,,,,,,,,,9.502,2.255587578,3.3,,,,,,,,,,,,
,,,,,,,,,,,,,,,,,9.503,2.259616852,3.3,,,,,,,,,,,,
,,,,,,,,,,,,,,,,,9.504,2.274928093,3.3,,,,,,,,,,,,
,,,,,,,,,,,,,,,,,9.505,2.249946594,3.3,,,,,,,,,,,,
,,,,,,,,,,,,,,,,,9.506,2.249946594,3.3,,,,,,,,,,,,
,,,,,,,,,,,,,,,,,9.507,2.437710762,3.3,,,,,,,,,,,,
,,,,,,,,,,,,,,,,,9.508,2.453022003,3.3,,,,,,,,,,,,
,,,,,,,,,,,,,,,,,9.509,2.457051277,3.3,,,,,,,,,,,,
,,,,,,,,,,,,,,,,,9.51,2.453827858,3.3,,,,,,,,,,,,
,,,,,,,,,,,,,,,,,9.511,2.448992729,3.3,,,,,,,,,,,,
,,,,,,,,,,,,,,,,,9.512,2.450604439,3.3,,,,,,,,,,,,
,,,,,,,,,,,,,,,,,9.513,2.459468842,3.3,,,,,,,,,,,,
,,,,,,,,,,,,,,,,,9.514,2.466721535,3.3,,,,,,,,,,,,
,,,,,,,,,,,,,,,,,9.515,2.449798584,3.3,,,,,,,,,,,,
,,,,,,,,,,,,,,,,,9.516,2.458662987,3.3,,,,,,,,,,,,
,,,,,,,,,,,,,,,,,9.517,2.455439568,3.3,,,,,,,,,,,,
,,,,,,,,,,,,,,,,,9.518,2.458662987,3.3,,,,,,,,,,,,
,,,,,,,,,,,,,,,,,9.519,2.461080551,3.3,,,,,,,,,,,,
,,,,,,,,,,,,,,,,,9.52,2.468333244,3.3,,,,,,,,,,,,
,,,,,,,,,,,,,,,,,9.521,2.46591568,3.3,,,,,,,,,,,,
,,,,,,,,,,,,,,,,,9.522,2.461080551,3.3,,,,,,,,,,,,
,,,,,,,,,,,,,,,,,9.523,2.460274696,3.3,,,,,,,,,,,,
,,,,,,,,,,,,,,,,,9.524,2.474780083,3.3,,,,,,,,,,,,
,,,,,,,,,,,,,,,,,9.525,2.470750809,3.3,,,,,,,,,,,,
,,,,,,,,,,,,,,,,,9.526,2.477197647,3.3,,,,,,,,,,,,
,,,,,,,,,,,,,,,,,9.527,2.479615211,3.3,,,,,,,,,,,,
,,,,,,,,,,,,,,,,,9.528,2.477197647,3.3,,,,,,,,,,,,
,,,,,,,,,,,,,,,,,9.529,2.487673759,3.3,,,,,,,,,,,,
,,,,,,,,,,,,,,,,,9.53,2.480421066,3.3,,,,,,,,,,,,
,,,,,,,,,,,,,,,,,9.531,2.493314743,3.3,,,,,,,,,,,,
,,,,,,,,,,,,,,,,,9.532,2.485256195,3.3,,,,,,,,,,,,
,,,,,,,,,,,,,,,,,9.533,2.495732307,3.3,,,,,,,,,,,,
,,,,,,,,,,,,,,,,,9.534,2.493314743,3.3,,,,,,,,,,,,
,,,,,,,,,,,,,,,,,9.535,2.495732307,3.3,,,,,,,,,,,,
,,,,,,,,,,,,,,,,,9.536,2.500567436,3.3,,,,,,,,,,,,
,,,,,,,,,,,,,,,,,9.537,2.492508888,3.3,,,,,,,,,,,,
,,,,,,,,,,,,,,,,,9.538,2.499761581,3.3,,,,,,,,,,,,
,,,,,,,,,,,,,,,,,9.539,2.496538162,3.3,,,,,,,,,,,,
,,,,,,,,,,,,,,,,,9.54,2.48606205,3.3,,,,,,,,,,,,
,,,,,,,,,,,,,,,,,9.541,2.501373291,3.3,,,,,,,,,,,,
,,,,,,,,,,,,,,,,,9.542,2.502179146,3.3,,,,,,,,,,,,
,,,,,,,,,,,,,,,,,9.543,2.511043549,3.3,,,,,,,,,,,,
,,,,,,,,,,,,,,,,,9.544,2.505402565,3.3,,,,,,,,,,,,
,,,,,,,,,,,,,,,,,9.545,2.518296242,3.3,,,,,,,,,,,,
,,,,,,,,,,,,,,,,,9.546,2.523131371,3.3,,,,,,,,,,,,
,,,,,,,,,,,,,,,,,9.547,2.520713806,3.3,,,,,,,,,,,,
,,,,,,,,,,,,,,,,,9.548,2.510237694,3.3,,,,,,,,,,,,
,,,,,,,,,,,,,,,,,9.549,2.522325516,3.3,,,,,,,,,,,,
,,,,,,,,,,,,,,,,,9.55,2.52474308,3.3,,,,,,,,,,,,
,,,,,,,,,,,,,,,,,9.551,2.525548935,3.3,,,,,,,,,,,,
,,,,,,,,,,,,,,,,,9.552,2.527966499,3.3,,,,,,,,,,,,
,,,,,,,,,,,,,,,,,9.553,2.522325516,3.3,,,,,,,,,,,,
,,,,,,,,,,,,,,,,,9.554,2.520713806,3.3,,,,,,,,,,,,
,,,,,,,,,,,,,,,,,9.555,2.539248466,3.3,,,,,,,,,,,,
,,,,,,,,,,,,,,,,,9.556,2.531995773,3.3,,,,,,,,,,,,
,,,,,,,,,,,,,,,,,9.557,2.537636757,3.3,,,,,,,,,,,,
,,,,,,,,,,,,,,,,,9.558,2.537636757,3.3,,,,,,,,,,,,
,,,,,,,,,,,,,,,,,9.559,2.540860176,3.3,,,,,,,,,,,,
,,,,,,,,,,,,,,,,,9.56,2.552947998,3.3,,,,,,,,,,,,
,,,,,,,,,,,,,,,,,9.561,2.530384064,3.3,,,,,,,,,,,,
,,,,,,,,,,,,,,,,,9.562,2.540860176,3.3,,,,,,,,,,,,
,,,,,,,,,,,,,,,,,9.563,2.537636757,3.3,,,,,,,,,,,,
,,,,,,,,,,,,,,,,,9.564,2.54327774,3.3,,,,,,,,,,,,
,,,,,,,,,,,,,,,,,9.565,2.544083595,3.3,,,,,,,,,,,,
,,,,,,,,,,,,,,,,,9.566,2.551336288,3.3,,,,,,,,,,,,
,,,,,,,,,,,,,,,,,9.567,2.547307014,3.3,,,,,,,,,,,,
,,,,,,,,,,,,,,,,,9.568,2.550530434,3.3,,,,,,,,,,,,
,,,,,,,,,,,,,,,,,9.569,2.552142143,3.3,,,,,,,,,,,,
,,,,,,,,,,,,,,,,,9.57,2.564229965,3.3,,,,,,,,,,,,
,,,,,,,,,,,,,,,,,9.571,2.556977272,3.3,,,,,,,,,,,,
,,,,,,,,,,,,,,,,,9.572,2.559394836,3.3,,,,,,,,,,,,
,,,,,,,,,,,,,,,,,9.573,2.557783127,3.3,,,,,,,,,,,,
,,,,,,,,,,,,,,,,,9.574,2.564229965,3.3,,,,,,,,,,,,
,,,,,,,,,,,,,,,,,9.575,2.551336288,3.3,,,,,,,,,,,,
,,,,,,,,,,,,,,,,,9.576,2.559394836,3.3,,,,,,,,,,,,
,,,,,,,,,,,,,,,,,9.577,2.561006546,3.3,,,,,,,,,,,,
,,,,,,,,,,,,,,,,,9.578,2.56503582,3.3,,,,,,,,,,,,
,,,,,,,,,,,,,,,,,9.579,2.56664753,3.3,,,,,,,,,,,,
,,,,,,,,,,,,,,,,,9.58,2.574706078,3.3,,,,,,,,,,,,
,,,,,,,,,,,,,,,,,9.581,2.576317787,3.3,,,,,,,,,,,,
,,,,,,,,,,,,,,,,,9.582,2.58357048,3.3,,,,,,,,,,,,
,,,,,,,,,,,,,,,,,9.583,2.580347061,3.3,,,,,,,,,,,,
,,,,,,,,,,,,,,,,,9.584,2.56664753,3.3,,,,,,,,,,,,
,,,,,,,,,,,,,,,,,9.585,2.577123642,3.3,,,,,,,,,,,,
,,,,,,,,,,,,,,,,,9.586,2.575511932,3.3,,,,,,,,,,,,
,,,,,,,,,,,,,,,,,9.587,2.58357048,3.3,,,,,,,,,,,,
,,,,,,,,,,,,,,,,,9.588,2.576317787,3.3,,,,,,,,,,,,
,,,,,,,,,,,,,,,,,9.589,2.581152916,3.3,,,,,,,,,,,,
,,,,,,,,,,,,,,,,,9.59,2.579541206,3.3,,,,,,,,,,,,
,,,,,,,,,,,,,,,,,9.591,2.58357048,3.3,,,,,,,,,,,,
,,,,,,,,,,,,,,,,,9.592,2.580347061,3.3,,,,,,,,,,,,
,,,,,,,,,,,,,,,,,9.593,2.581152916,3.3,,,,,,,,,,,,
,,,,,,,,,,,,,,,,,9.594,2.594046593,3.3,,,,,,,,,,,,
,,,,,,,,,,,,,,,,,9.595,2.578735352,3.3,,,,,,,,,,,,
,,,,,,,,,,,,,,,,,9.596,2.5867939,3.3,,,,,,,,,,,,
,,,,,,,,,,,,,,,,,9.597,2.5867939,3.3,,,,,,,,,,,,
,,,,,,,,,,,,,,,,,9.598,2.594852448,3.3,,,,,,,,,,,,
,,,,,,,,,,,,,,,,,9.599,2.587599754,3.3,,,,,,,,,,,,
,,,,,,,,,,,,,,,,,9.6,2.590017319,3.3,,,,,,,,,,,,
,,,,,,,,,,,,,,,,,9.601,2.594046593,3.3,,,,,,,,,,,,
,,,,,,,,,,,,,,,,,9.602,2.602105141,3.3,,,,,,,,,,,,
,,,,,,,,,,,,,,,,,9.603,2.600493431,3.3,,,,,,,,,,,,
,,,,,,,,,,,,,,,,,9.604,2.602910995,3.3,,,,,,,,,,,,
,,,,,,,,,,,,,,,,,9.605,2.594046593,3.3,,,,,,,,,,,,
,,,,,,,,,,,,,,,,,9.606,2.594046593,3.3,,,,,,,,,,,,
,,,,,,,,,,,,,,,,,9.607,2.600493431,3.3,,,,,,,,,,,,
,,,,,,,,,,,,,,,,,9.608,2.606134415,3.3,,,,,,,,,,,,
,,,,,,,,,,,,,,,,,9.609,2.606134415,3.3,,,,,,,,,,,,
,,,,,,,,,,,,,,,,,9.61,2.608551979,3.3,,,,,,,,,,,,
,,,,,,,,,,,,,,,,,9.611,2.609357834,3.3,,,,,,,,,,,,
,,,,,,,,,,,,,,,,,9.612,2.606134415,3.3,,,,,,,,,,,,
,,,,,,,,,,,,,,,,,9.613,2.602105141,3.3,,,,,,,,,,,,
,,,,,,,,,,,,,,,,,9.614,2.608551979,3.3,,,,,,,,,,,,
,,,,,,,,,,,,,,,,,9.615,2.606940269,3.3,,,,,,,,,,,,
,,,,,,,,,,,,,,,,,9.616,2.613387108,3.3,,,,,,,,,,,,
,,,,,,,,,,,,,,,,,9.617,2.622251511,3.3,,,,,,,,,,,,
,,,,,,,,,,,,,,,,,9.618,2.614192963,3.3,,,,,,,,,,,,
,,,,,,,,,,,,,,,,,9.619,2.610969543,3.3,,,,,,,,,,,,
,,,,,,,,,,,,,,,,,9.62,2.621445656,3.3,,,,,,,,,,,,
,,,,,,,,,,,,,,,,,9.621,2.621445656,3.3,,,,,,,,,,,,
,,,,,,,,,,,,,,,,,9.622,2.617416382,3.3,,,,,,,,,,,,
,,,,,,,,,,,,,,,,,9.623,2.616610527,3.3,,,,,,,,,,,,
,,,,,,,,,,,,,,,,,9.624,2.614192963,3.3,,,,,,,,,,,,
,,,,,,,,,,,,,,,,,9.625,2.623057365,3.3,,,,,,,,,,,,
,,,,,,,,,,,,,,,,,9.626,2.62547493,3.3,,,,,,,,,,,,
,,,,,,,,,,,,,,,,,9.627,2.623057365,3.3,,,,,,,,,,,,
,,,,,,,,,,,,,,,,,9.628,2.62547493,3.3,,,,,,,,,,,,
,,,,,,,,,,,,,,,,,9.629,2.626280785,3.3,,,,,,,,,,,,
,,,,,,,,,,,,,,,,,9.63,2.631115913,3.3,,,,,,,,,,,,
,,,,,,,,,,,,,,,,,9.631,2.634339333,3.3,,,,,,,,,,,,
,,,,,,,,,,,,,,,,,9.632,2.640786171,3.3,,,,,,,,,,,,
,,,,,,,,,,,,,,,,,9.633,2.624669075,3.3,,,,,,,,,,,,
,,,,,,,,,,,,,,,,,9.634,2.633533478,3.3,,,,,,,,,,,,
,,,,,,,,,,,,,,,,,9.635,2.630310059,3.3,,,,,,,,,,,,
,,,,,,,,,,,,,,,,,9.636,2.6456213,3.3,,,,,,,,,,,,
,,,,,,,,,,,,,,,,,9.637,2.633533478,3.3,,,,,,,,,,,,
,,,,,,,,,,,,,,,,,9.638,2.635145187,3.3,,,,,,,,,,,,
,,,,,,,,,,,,,,,,,9.639,2.638368607,3.3,,,,,,,,,,,,
,,,,,,,,,,,,,,,,,9.64,2.636756897,3.3,,,,,,,,,,,,
,,,,,,,,,,,,,,,,,9.641,2.652873993,3.3,,,,,,,,,,,,
,,,,,,,,,,,,,,,,,9.642,2.646427155,3.3,,,,,,,,,,,,
,,,,,,,,,,,,,,,,,9.643,2.646427155,3.3,,,,,,,,,,,,
,,,,,,,,,,,,,,,,,9.644,2.652873993,3.3,,,,,,,,,,,,
,,,,,,,,,,,,,,,,,9.645,2.648038864,3.3,,,,,,,,,,,,
,,,,,,,,,,,,,,,,,9.646,2.6456213,3.3,,,,,,,,,,,,
,,,,,,,,,,,,,,,,,9.647,2.656097412,3.3,,,,,,,,,,,,
,,,,,,,,,,,,,,,,,9.648,2.657709122,3.3,,,,,,,,,,,,
,,,,,,,,,,,,,,,,,9.649,2.649650574,3.3,,,,,,,,,,,,
,,,,,,,,,,,,,,,,,9.65,2.646427155,3.3,,,,,,,,,,,,
,,,,,,,,,,,,,,,,,9.651,2.660126686,3.3,,,,,,,,,,,,
,,,,,,,,,,,,,,,,,9.652,2.654485703,3.3,,,,,,,,,,,,
,,,,,,,,,,,,,,,,,9.653,2.653679848,3.3,,,,,,,,,,,,
,,,,,,,,,,,,,,,,,9.654,2.656097412,3.3,,,,,,,,,,,,
,,,,,,,,,,,,,,,,,9.655,2.663350105,3.3,,,,,,,,,,,,
,,,,,,,,,,,,,,,,,9.656,2.659320831,3.3,,,,,,,,,,,,
,,,,,,,,,,,,,,,,,9.657,2.66576767,3.3,,,,,,,,,,,,
,,,,,,,,,,,,,,,,,9.658,2.66415596,3.3,,,,,,,,,,,,
,,,,,,,,,,,,,,,,,9.659,2.668185234,3.3,,,,,,,,,,,,
,,,,,,,,,,,,,,,,,9.66,2.666573524,3.3,,,,,,,,,,,,
,,,,,,,,,,,,,,,,,9.661,2.670602798,3.3,,,,,,,,,,,,
,,,,,,,,,,,,,,,,,9.662,2.677049637,3.3,,,,,,,,,,,,
,,,,,,,,,,,,,,,,,9.663,2.667379379,3.3,,,,,,,,,,,,
,,,,,,,,,,,,,,,,,9.664,2.664961815,3.3,,,,,,,,,,,,
,,,,,,,,,,,,,,,,,9.665,2.672214508,3.3,,,,,,,,,,,,
,,,,,,,,,,,,,,,,,9.666,2.668185234,3.3,,,,,,,,,,,,
,,,,,,,,,,,,,,,,,9.667,2.677855492,3.3,,,,,,,,,,,,
,,,,,,,,,,,,,,,,,9.668,2.68269062,3.3,,,,,,,,,,,,
,,,,,,,,,,,,,,,,,9.669,2.68269062,3.3,,,,,,,,,,,,
,,,,,,,,,,,,,,,,,9.67,2.913970947,3.3,,,,,,,,,,,,
,,,,,,,,,,,,,,,,,9.671,2.90430069,3.3,,,,,,,,,,,,
,,,,,,,,,,,,,,,,,9.672,2.915582657,3.3,,,,,,,,,,,,
,,,,,,,,,,,,,,,,,9.673,2.92122364,3.3,,,,,,,,,,,,
,,,,,,,,,,,,,,,,,9.674,2.915582657,3.3,,,,,,,,,,,,
,,,,,,,,,,,,,,,,,9.675,2.92122364,3.3,,,,,,,,,,,,
,,,,,,,,,,,,,,,,,9.676,2.909941673,3.3,,,,,,,,,,,,
,,,,,,,,,,,,,,,,,9.677,2.925252914,3.3,,,,,,,,,,,,
,,,,,,,,,,,,,,,,,9.678,2.926864624,3.3,,,,,,,,,,,,
,,,,,,,,,,,,,,,,,9.679,2.926058769,3.3,,,,,,,,,,,,
,,,,,,,,,,,,,,,,,9.68,2.926058769,3.3,,,,,,,,,,,,
,,,,,,,,,,,,,,,,,9.681,2.92444706,3.3,,,,,,,,,,,,
,,,,,,,,,,,,,,,,,9.682,2.930893898,3.3,,,,,,,,,,,,
,,,,,,,,,,,,,,,,,9.683,2.930088043,3.3,,,,,,,,,,,,
,,,,,,,,,,,,,,,,,9.684,2.925252914,3.3,,,,,,,,,,,,
,,,,,,,,,,,,,,,,,9.685,2.928476334,3.3,,,,,,,,,,,,
,,,,,,,,,,,,,,,,,9.686,2.934117317,3.3,,,,,,,,,,,,
,,,,,,,,,,,,,,,,,9.687,2.931699753,3.3,,,,,,,,,,,,
,,,,,,,,,,,,,,,,,9.688,2.927670479,3.3,,,,,,,,,,,,
,,,,,,,,,,,,,,,,,9.689,2.933311462,3.3,,,,,,,,,,,,
,,,,,,,,,,,,,,,,,9.69,2.934923172,3.3,,,,,,,,,,,,
,,,,,,,,,,,,,,,,,9.691,2.938952446,3.3,,,,,,,,,,,,
,,,,,,,,,,,,,,,,,9.692,2.938952446,3.3,,,,,,,,,,,,
,,,,,,,,,,,,,,,,,9.693,2.94137001,3.3,,,,,,,,,,,,
,,,,,,,,,,,,,,,,,9.694,2.936534882,3.3,,,,,,,,,,,,
,,,,,,,,,,,,,,,,,9.695,2.943787575,3.3,,,,,,,,,,,,
,,,,,,,,,,,,,,,,,9.696,2.940564156,3.3,,,,,,,,,,,,
,,,,,,,,,,,,,,,,,9.697,2.937340736,3.3,,,,,,,,,,,,
,,,,,,,,,,,,,,,,,9.698,2.951040268,3.3,,,,,,,,,,,,
,,,,,,,,,,,,,,,,,9.699,2.940564156,3.3,,,,,,,,,,,,
,,,,,,,,,,,,,,,,,9.7,2.94298172,3.3,,,,,,,,,,,,
,,,,,,,,,,,,,,,,,9.701,2.949428558,3.3,,,,,,,,,,,,
,,,,,,,,,,,,,,,,,9.702,2.945399284,3.3,,,,,,,,,,,,
,,,,,,,,,,,,,,,,,9.703,2.950234413,3.3,,,,,,,,,,,,
,,,,,,,,,,,,,,,,,9.704,2.94298172,3.3,,,,,,,,,,,,
,,,,,,,,,,,,,,,,,9.705,2.947816849,3.3,,,,,,,,,,,,
,,,,,,,,,,,,,,,,,9.706,2.950234413,3.3,,,,,,,,,,,,
,,,,,,,,,,,,,,,,,9.707,2.952651978,3.3,,,,,,,,,,,,
,,,,,,,,,,,,,,,,,9.708,2.947816849,3.3,,,,,,,,,,,,
,,,,,,,,,,,,,,,,,9.709,2.952651978,3.3,,,,,,,,,,,,
,,,,,,,,,,,,,,,,,9.71,2.948622704,3.3,,,,,,,,,,,,
,,,,,,,,,,,,,,,,,9.711,2.951040268,3.3,,,,,,,,,,,,
,,,,,,,,,,,,,,,,,9.712,2.948622704,3.3,,,,,,,,,,,,
,,,,,,,,,,,,,,,,,9.713,2.94137001,3.3,,,,,,,,,,,,
,,,,,,,,,,,,,,,,,9.714,2.94137001,3.3,,,,,,,,,,,,
,,,,,,,,,,,,,,,,,9.715,2.952651978,3.3,,,,,,,,,,,,
,,,,,,,,,,,,,,,,,9.716,2.951846123,3.3,,,,,,,,,,,,
,,,,,,,,,,,,,,,,,9.717,2.957487106,3.3,,,,,,,,,,,,
,,,,,,,,,,,,,,,,,9.718,2.950234413,3.3,,,,,,,,,,,,
,,,,,,,,,,,,,,,,,9.719,2.955875397,3.3,,,,,,,,,,,,
,,,,,,,,,,,,,,,,,9.72,2.952651978,3.3,,,,,,,,,,,,
,,,,,,,,,,,,,,,,,9.721,2.945399284,3.3,,,,,,,,,,,,
,,,,,,,,,,,,,,,,,9.722,2.947816849,3.3,,,,,,,,,,,,
,,,,,,,,,,,,,,,,,9.723,2.953457832,3.3,,,,,,,,,,,,
,,,,,,,,,,,,,,,,,9.724,2.957487106,3.3,,,,,,,,,,,,
,,,,,,,,,,,,,,,,,9.725,2.959098816,3.3,,,,,,,,,,,,
,,,,,,,,,,,,,,,,,9.726,2.955069542,3.3,,,,,,,,,,,,
,,,,,,,,,,,,,,,,,9.727,2.960710526,3.3,,,,,,,,,,,,
,,,,,,,,,,,,,,,,,9.728,2.951040268,3.3,,,,,,,,,,,,
,,,,,,,,,,,,,,,,,9.729,2.955875397,3.3,,,,,,,,,,,,
,,,,,,,,,,,,,,,,,9.73,2.955069542,3.3,,,,,,,,,,,,
,,,,,,,,,,,,,,,,,9.731,2.951846123,3.3,,,,,,,,,,,,
,,,,,,,,,,,,,,,,,9.732,2.960710526,3.3,,,,,,,,,,,,
,,,,,,,,,,,,,,,,,9.733,2.955069542,3.3,,,,,,,,,,,,
,,,,,,,,,,,,,,,,,9.734,2.956681252,3.3,,,,,,,,,,,,
,,,,,,,,,,,,,,,,,9.735,2.958292961,3.3,,,,,,,,,,,,
,,,,,,,,,,,,,,,,,9.736,2.959098816,3.3,,,,,,,,,,,,
,,,,,,,,,,,,,,,,,9.737,2.967157364,3.3,,,,,,,,,,,,
,,,,,,,,,,,,,,,,,9.738,2.956681252,3.3,,,,,,,,,,,,
,,,,,,,,,,,,,,,,,9.739,2.96312809,3.3,,,,,,,,,,,,
,,,,,,,,,,,,,,,,,9.74,2.963933945,3.3,,,,,,,,,,,,
,,,,,,,,,,,,,,,,,9.741,2.962322235,3.3,,,,,,,,,,,,
,,,,,,,,,,,,,,,,,9.742,2.964739799,3.3,,,,,,,,,,,,
,,,,,,,,,,,,,,,,,9.743,2.971186638,3.3,,,,,,,,,,,,
,,,,,,,,,,,,,,,,,9.744,2.965545654,3.3,,,,,,,,,,,,
,,,,,,,,,,,,,,,,,9.745,2.969574928,3.3,,,,,,,,,,,,
,,,,,,,,,,,,,,,,,9.746,2.964739799,3.3,,,,,,,,,,,,
,,,,,,,,,,,,,,,,,9.747,2.964739799,3.3,,,,,,,,,,,,
,,,,,,,,,,,,,,,,,9.748,2.967157364,3.3,,,,,,,,,,,,
,,,,,,,,,,,,,,,,,9.749,2.964739799,3.3,,,,,,,,,,,,
,,,,,,,,,,,,,,,,,9.75,2.974410057,3.3,,,,,,,,,,,,
,,,,,,,,,,,,,,,,,9.751,2.976021767,3.3,,,,,,,,,,,,
,,,,,,,,,,,,,,,,,9.752,2.972798347,3.3,,,,,,,,,,,,
,,,,,,,,,,,,,,,,,9.753,2.969574928,3.3,,,,,,,,,,,,
,,,,,,,,,,,,,,,,,9.754,2.970380783,3.3,,,,,,,,,,,,
,,,,,,,,,,,,,,,,,9.755,2.970380783,3.3,,,,,,,,,,,,
,,,,,,,,,,,,,,,,,9.756,2.969574928,3.3,,,,,,,,,,,,
,,,,,,,,,,,,,,,,,9.757,2.974410057,3.3,,,,,,,,,,,,
,,,,,,,,,,,,,,,,,9.758,2.969574928,3.3,,,,,,,,,,,,
,,,,,,,,,,,,,,,,,9.759,2.968769073,3.3,,,,,,,,,,,,
,,,,,,,,,,,,,,,,,9.76,2.971992493,3.3,,,,,,,,,,,,
,,,,,,,,,,,,,,,,,9.761,2.968769073,3.3,,,,,,,,,,,,
,,,,,,,,,,,,,,,,,9.762,2.977633476,3.3,,,,,,,,,,,,
,,,,,,,,,,,,,,,,,9.763,2.974410057,3.3,,,,,,,,,,,,
,,,,,,,,,,,,,,,,,9.764,2.977633476,3.3,,,,,,,,,,,,
,,,,,,,,,,,,,,,,,9.765,2.972798347,3.3,,,,,,,,,,,,
,,,,,,,,,,,,,,,,,9.766,2.971992493,3.3,,,,,,,,,,,,
,,,,,,,,,,,,,,,,,9.767,2.977633476,3.3,,,,,,,,,,,,
,,,,,,,,,,,,,,,,,9.768,2.967963219,3.3,,,,,,,,,,,,
,,,,,,,,,,,,,,,,,9.769,2.970380783,3.3,,,,,,,,,,,,
,,,,,,,,,,,,,,,,,9.77,2.971992493,3.3,,,,,,,,,,,,
,,,,,,,,,,,,,,,,,9.771,2.976827621,3.3,,,,,,,,,,,,
,,,,,,,,,,,,,,,,,9.772,2.971992493,3.3,,,,,,,,,,,,
,,,,,,,,,,,,,,,,,9.773,2.977633476,3.3,,,,,,,,,,,,
,,,,,,,,,,,,,,,,,9.774,2.970380783,3.3,,,,,,,,,,,,
,,,,,,,,,,,,,,,,,9.775,2.976021767,3.3,,,,,,,,,,,,
,,,,,,,,,,,,,,,,,9.776,2.973604202,3.3,,,,,,,,,,,,
,,,,,,,,,,,,,,,,,9.777,2.980856895,3.3,,,,,,,,,,,,
,,,,,,,,,,,,,,,,,9.778,2.974410057,3.3,,,,,,,,,,,,
,,,,,,,,,,,,,,,,,9.779,2.970380783,3.3,,,,,,,,,,,,
,,,,,,,,,,,,,,,,,9.78,2.978439331,3.3,,,,,,,,,,,,
,,,,,,,,,,,,,,,,,9.781,2.973604202,3.3,,,,,,,,,,,,
,,,,,,,,,,,,,,,,,9.782,2.974410057,3.3,,,,,,,,,,,,
,,,,,,,,,,,,,,,,,9.783,2.976021767,3.3,,,,,,,,,,,,
,,,,,,,,,,,,,,,,,9.784,2.986497879,3.3,,,,,,,,,,,,
,,,,,,,,,,,,,,,,,9.785,2.980051041,3.3,,,,,,,,,,,,
,,,,,,,,,,,,,,,,,9.786,2.98166275,3.3,,,,,,,,,,,,
,,,,,,,,,,,,,,,,,9.787,2.976827621,3.3,,,,,,,,,,,,
,,,,,,,,,,,,,,,,,9.788,2.975215912,3.3,,,,,,,,,,,,
,,,,,,,,,,,,,,,,,9.789,2.980856895,3.3,,,,,,,,,,,,
,,,,,,,,,,,,,,,,,9.79,2.974410057,3.3,,,,,,,,,,,,
,,,,,,,,,,,,,,,,,9.791,2.974410057,3.3,,,,,,,,,,,,
,,,,,,,,,,,,,,,,,9.792,2.974410057,3.3,,,,,,,,,,,,
,,,,,,,,,,,,,,,,,9.793,2.984886169,3.3,,,,,,,,,,,,
,,,,,,,,,,,,,,,,,9.794,2.970380783,3.3,,,,,,,,,,,,
,,,,,,,,,,,,,,,,,9.795,2.972798347,3.3,,,,,,,,,,,,
,,,,,,,,,,,,,,,,,9.796,2.976827621,3.3,,,,,,,,,,,,
,,,,,,,,,,,,,,,,,9.797,2.978439331,3.3,,,,,,,,,,,,
,,,,,,,,,,,,,,,,,9.798,2.975215912,3.3,,,,,,,,,,,,
,,,,,,,,,,,,,,,,,9.799,2.974410057,3.3,,,,,,,,,,,,
,,,,,,,,,,,,,,,,,9.8,2.975215912,3.3,,,,,,,,,,,,
,,,,,,,,,,,,,,,,,9.801,2.978439331,3.3,,,,,,,,,,,,
,,,,,,,,,,,,,,,,,9.802,2.974410057,3.3,,,,,,,,,,,,
,,,,,,,,,,,,,,,,,9.803,2.980856895,3.3,,,,,,,,,,,,
,,,,,,,,,,,,,,,,,9.804,2.974410057,3.3,,,,,,,,,,,,
,,,,,,,,,,,,,,,,,9.805,2.976021767,3.3,,,,,,,,,,,,
,,,,,,,,,,,,,,,,,9.806,2.980051041,3.3,,,,,,,,,,,,
,,,,,,,,,,,,,,,,,9.807,2.973604202,3.3,,,,,,,,,,,,
,,,,,,,,,,,,,,,,,9.808,2.98166275,3.3,,,,,,,,,,,,
,,,,,,,,,,,,,,,,,9.809,2.98327446,3.3,,,,,,,,,,,,
,,,,,,,,,,,,,,,,,9.81,2.974410057,3.3,,,,,,,,,,,,
,,,,,,,,,,,,,,,,,9.811,2.976827621,3.3,,,,,,,,,,,,
,,,,,,,,,,,,,,,,,9.812,2.979245186,3.3,,,,,,,,,,,,
,,,,,,,,,,,,,,,,,9.813,2.976827621,3.3,,,,,,,,,,,,
,,,,,,,,,,,,,,,,,9.814,2.976827621,3.3,,,,,,,,,,,,
,,,,,,,,,,,,,,,,,9.815,2.980856895,3.3,,,,,,,,,,,,
,,,,,,,,,,,,,,,,,9.816,2.974410057,3.3,,,,,,,,,,,,
,,,,,,,,,,,,,,,,,9.817,2.980051041,3.3,,,,,,,,,,,,
,,,,,,,,,,,,,,,,,9.818,2.978439331,3.3,,,,,,,,,,,,
,,,,,,,,,,,,,,,,,9.819,2.975215912,3.3,,,,,,,,,,,,
,,,,,,,,,,,,,,,,,9.82,2.980051041,3.3,,,,,,,,,,,,
,,,,,,,,,,,,,,,,,9.821,2.980051041,3.3,,,,,,,,,,,,
,,,,,,,,,,,,,,,,,9.822,2.984080315,3.3,,,,,,,,,,,,
,,,,,,,,,,,,,,,,,9.823,2.972798347,3.3,,,,,,,,,,,,
,,,,,,,,,,,,,,,,,9.824,2.980051041,3.3,,,,,,,,,,,,
,,,,,,,,,,,,,,,,,9.825,2.976021767,3.3,,,,,,,,,,,,
,,,,,,,,,,,,,,,,,9.826,2.974410057,3.3,,,,,,,,,,,,
,,,,,,,,,,,,,,,,,9.827,2.977633476,3.3,,,,,,,,,,,,
,,,,,,,,,,,,,,,,,9.828,2.984080315,3.3,,,,,,,,,,,,
,,,,,,,,,,,,,,,,,9.829,2.972798347,3.3,,,,,,,,,,,,
,,,,,,,,,,,,,,,,,9.83,2.975215912,3.3,,,,,,,,,,,,
,,,,,,,,,,,,,,,,,9.831,2.975215912,3.3,,,,,,,,,,,,
,,,,,,,,,,,,,,,,,9.832,2.985692024,3.3,,,,,,,,,,,,
,,,,,,,,,,,,,,,,,9.833,2.980856895,3.3,,,,,,,,,,,,
,,,,,,,,,,,,,,,,,9.834,2.984080315,3.3,,,,,,,,,,,,
,,,,,,,,,,,,,,,,,9.835,2.988915443,3.3,,,,,,,,,,,,
,,,,,,,,,,,,,,,,,9.836,2.988109589,3.3,,,,,,,,,,,,
,,,,,,,,,,,,,,,,,9.837,2.982468605,3.3,,,,,,,,,,,,
,,,,,,,,,,,,,,,,,9.838,2.989721298,3.3,,,,,,,,,,,,
,,,,,,,,,,,,,,,,,9.839,2.98166275,3.3,,,,,,,,,,,,
,,,,,,,,,,,,,,,,,9.84,2.989721298,3.3,,,,,,,,,,,,
,,,,,,,,,,,,,,,,,9.841,2.986497879,3.3,,,,,,,,,,,,
,,,,,,,,,,,,,,,,,9.842,2.986497879,3.3,,,,,,,,,,,,
,,,,,,,,,,,,,,,,,9.843,2.987303734,3.3,,,,,,,,,,,,
,,,,,,,,,,,,,,,,,9.844,2.990527153,3.3,,,,,,,,,,,,
,,,,,,,,,,,,,,,,,9.845,2.984886169,3.3,,,,,,,,,,,,
,,,,,,,,,,,,,,,,,9.846,2.977633476,3.3,,,,,,,,,,,,
,,,,,,,,,,,,,,,,,9.847,2.986497879,3.3,,,,,,,,,,,,
,,,,,,,,,,,,,,,,,9.848,2.988109589,3.3,,,,,,,,,,,,
,,,,,,,,,,,,,,,,,9.849,2.985692024,3.3,,,,,,,,,,,,
,,,,,,,,,,,,,,,,,9.85,2.982468605,3.3,,,,,,,,,,,,
,,,,,,,,,,,,,,,,,9.851,2.98327446,3.3,,,,,,,,,,,,
,,,,,,,,,,,,,,,,,9.852,2.982468605,3.3,,,,,,,,,,,,
,,,,,,,,,,,,,,,,,9.853,2.986497879,3.3,,,,,,,,,,,,
,,,,,,,,,,,,,,,,,9.854,2.982468605,3.3,,,,,,,,,,,,
,,,,,,,,,,,,,,,,,9.855,2.992944717,3.3,,,,,,,,,,,,
,,,,,,,,,,,,,,,,,9.856,2.988915443,3.3,,,,,,,,,,,,
,,,,,,,,,,,,,,,,,9.857,2.993750572,3.3,,,,,,,,,,,,
,,,,,,,,,,,,,,,,,9.858,2.992138863,3.3,,,,,,,,,,,,
,,,,,,,,,,,,,,,,,9.859,2.984886169,3.3,,,,,,,,,,,,
,,,,,,,,,,,,,,,,,9.86,2.987303734,3.3,,,,,,,,,,,,
,,,,,,,,,,,,,,,,,9.861,2.98327446,3.3,,,,,,,,,,,,
,,,,,,,,,,,,,,,,,9.862,2.980856895,3.3,,,,,,,,,,,,
,,,,,,,,,,,,,,,,,9.863,2.984886169,3.3,,,,,,,,,,,,
,,,,,,,,,,,,,,,,,9.864,2.984080315,3.3,,,,,,,,,,,,
,,,,,,,,,,,,,,,,,9.865,2.987303734,3.3,,,,,,,,,,,,
,,,,,,,,,,,,,,,,,9.866,2.98166275,3.3,,,,,,,,,,,,
,,,,,,,,,,,,,,,,,9.867,2.984080315,3.3,,,,,,,,,,,,
,,,,,,,,,,,,,,,,,9.868,2.982468605,3.3,,,,,,,,,,,,
,,,,,,,,,,,,,,,,,9.869,2.989721298,3.3,,,,,,,,,,,,
,,,,,,,,,,,,,,,,,9.87,2.984080315,3.3,,,,,,,,,,,,
,,,,,,,,,,,,,,,,,9.871,2.982468605,3.3,,,,,,,,,,,,
,,,,,,,,,,,,,,,,,9.872,2.985692024,3.3,,,,,,,,,,,,
,,,,,,,,,,,,,,,,,9.873,2.986497879,3.3,,,,,,,,,,,,
,,,,,,,,,,,,,,,,,9.874,2.98327446,3.3,,,,,,,,,,,,
,,,,,,,,,,,,,,,,,9.875,2.982468605,3.3,,,,,,,,,,,,
,,,,,,,,,,,,,,,,,9.876,2.982468605,3.3,,,,,,,,,,,,
,,,,,,,,,,,,,,,,,9.877,2.988915443,3.3,,,,,,,,,,,,
,,,,,,,,,,,,,,,,,9.878,2.988915443,3.3,,,,,,,,,,,,
,,,,,,,,,,,,,,,,,9.879,2.977633476,3.3,,,,,,,,,,,,
,,,,,,,,,,,,,,,,,9.88,2.980051041,3.3,,,,,,,,,,,,
,,,,,,,,,,,,,,,,,9.881,2.986497879,3.3,,,,,,,,,,,,
,,,,,,,,,,,,,,,,,9.882,2.988915443,3.3,,,,,,,,,,,,
,,,,,,,,,,,,,,,,,9.883,2.985692024,3.3,,,,,,,,,,,,
,,,,,,,,,,,,,,,,,9.884,2.978439331,3.3,,,,,,,,,,,,
,,,,,,,,,,,,,,,,,9.885,2.990527153,3.3,,,,,,,,,,,,
,,,,,,,,,,,,,,,,,9.886,2.98327446,3.3,,,,,,,,,,,,
,,,,,,,,,,,,,,,,,9.887,2.986497879,3.3,,,,,,,,,,,,
,,,,,,,,,,,,,,,,,9.888,2.989721298,3.3,,,,,,,,,,,,
,,,,,,,,,,,,,,,,,9.889,2.98166275,3.3,,,,,,,,,,,,
,,,,,,,,,,,,,,,,,9.89,2.986497879,3.3,,,,,,,,,,,,
,,,,,,,,,,,,,,,,,9.891,2.988915443,3.3,,,,,,,,,,,,
,,,,,,,,,,,,,,,,,9.892,2.980051041,3.3,,,,,,,,,,,,
,,,,,,,,,,,,,,,,,9.893,2.987303734,3.3,,,,,,,,,,,,
,,,,,,,,,,,,,,,,,9.894,2.988109589,3.3,,,,,,,,,,,,
,,,,,,,,,,,,,,,,,9.895,2.980856895,3.3,,,,,,,,,,,,
,,,,,,,,,,,,,,,,,9.896,2.980051041,3.3,,,,,,,,,,,,
,,,,,,,,,,,,,,,,,9.897,2.977633476,3.3,,,,,,,,,,,,
,,,,,,,,,,,,,,,,,9.898,2.988915443,3.3,,,,,,,,,,,,
,,,,,,,,,,,,,,,,,9.899,2.980856895,3.3,,,,,,,,,,,,
,,,,,,,,,,,,,,,,,9.9,2.987303734,3.3,,,,,,,,,,,,
,,,,,,,,,,,,,,,,,9.901,2.984080315,3.3,,,,,,,,,,,,
,,,,,,,,,,,,,,,,,9.902,2.982468605,3.3,,,,,,,,,,,,
,,,,,,,,,,,,,,,,,9.903,2.985692024,3.3,,,,,,,,,,,,
,,,,,,,,,,,,,,,,,9.904,2.986497879,3.3,,,,,,,,,,,,
,,,,,,,,,,,,,,,,,9.905,2.980051041,3.3,,,,,,,,,,,,
,,,,,,,,,,,,,,,,,9.906,2.980856895,3.3,,,,,,,,,,,,
,,,,,,,,,,,,,,,,,9.907,2.985692024,3.3,,,,,,,,,,,,
,,,,,,,,,,,,,,,,,9.908,2.989721298,3.3,,,,,,,,,,,,
,,,,,,,,,,,,,,,,,9.909,2.990527153,3.3,,,,,,,,,,,,
,,,,,,,,,,,,,,,,,9.91,2.986497879,3.3,,,,,,,,,,,,
,,,,,,,,,,,,,,,,,9.911,2.980051041,3.3,,,,,,,,,,,,
,,,,,,,,,,,,,,,,,9.912,2.982468605,3.3,,,,,,,,,,,,
,,,,,,,,,,,,,,,,,9.913,2.989721298,3.3,,,,,,,,,,,,
,,,,,,,,,,,,,,,,,9.914,2.979245186,3.3,,,,,,,,,,,,
,,,,,,,,,,,,,,,,,9.915,2.985692024,3.3,,,,,,,,,,,,
,,,,,,,,,,,,,,,,,9.916,2.980856895,3.3,,,,,,,,,,,,
,,,,,,,,,,,,,,,,,9.917,2.979245186,3.3,,,,,,,,,,,,
,,,,,,,,,,,,,,,,,9.918,2.980856895,3.3,,,,,,,,,,,,
,,,,,,,,,,,,,,,,,9.919,2.98166275,3.3,,,,,,,,,,,,
,,,,,,,,,,,,,,,,,9.92,2.98166275,3.3,,,,,,,,,,,,
,,,,,,,,,,,,,,,,,9.921,2.982468605,3.3,,,,,,,,,,,,
,,,,,,,,,,,,,,,,,9.922,2.977633476,3.3,,,,,,,,,,,,
,,,,,,,,,,,,,,,,,9.923,2.984080315,3.3,,,,,,,,,,,,
,,,,,,,,,,,,,,,,,9.924,2.982468605,3.3,,,,,,,,,,,,
,,,,,,,,,,,,,,,,,9.925,2.976021767,3.3,,,,,,,,,,,,
,,,,,,,,,,,,,,,,,9.926,2.982468605,3.3,,,,,,,,,,,,
,,,,,,,,,,,,,,,,,9.927,2.982468605,3.3,,,,,,,,,,,,
,,,,,,,,,,,,,,,,,9.928,2.986497879,3.3,,,,,,,,,,,,
,,,,,,,,,,,,,,,,,9.929,2.974410057,3.3,,,,,,,,,,,,
,,,,,,,,,,,,,,,,,9.93,2.976827621,3.3,,,,,,,,,,,,
,,,,,,,,,,,,,,,,,9.931,2.980856895,3.3,,,,,,,,,,,,
,,,,,,,,,,,,,,,,,9.932,2.980051041,3.3,,,,,,,,,,,,
,,,,,,,,,,,,,,,,,9.933,2.982468605,3.3,,,,,,,,,,,,
,,,,,,,,,,,,,,,,,9.934,2.98327446,3.3,,,,,,,,,,,,
,,,,,,,,,,,,,,,,,9.935,2.978439331,3.3,,,,,,,,,,,,
,,,,,,,,,,,,,,,,,9.936,2.980051041,3.3,,,,,,,,,,,,
,,,,,,,,,,,,,,,,,9.937,2.990527153,3.3,,,,,,,,,,,,
,,,,,,,,,,,,,,,,,9.938,2.984886169,3.3,,,,,,,,,,,,
,,,,,,,,,,,,,,,,,9.939,2.986497879,3.3,,,,,,,,,,,,
,,,,,,,,,,,,,,,,,9.94,2.976021767,3.3,,,,,,,,,,,,
,,,,,,,,,,,,,,,,,9.941,2.982468605,3.3,,,,,,,,,,,,
,,,,,,,,,,,,,,,,,9.942,2.980856895,3.3,,,,,,,,,,,,
,,,,,,,,,,,,,,,,,9.943,2.978439331,3.3,,,,,,,,,,,,
,,,,,,,,,,,,,,,,,9.944,2.980051041,3.3,,,,,,,,,,,,
,,,,,,,,,,,,,,,,,9.945,2.970380783,3.3,,,,,,,,,,,,
,,,,,,,,,,,,,,,,,9.946,2.980856895,3.3,,,,,,,,,,,,
,,,,,,,,,,,,,,,,,9.947,2.976021767,3.3,,,,,,,,,,,,
,,,,,,,,,,,,,,,,,9.948,2.978439331,3.3,,,,,,,,,,,,
,,,,,,,,,,,,,,,,,9.949,2.979245186,3.3,,,,,,,,,,,,
,,,,,,,,,,,,,,,,,9.95,2.976021767,3.3,,,,,,,,,,,,
,,,,,,,,,,,,,,,,,9.951,2.970380783,3.3,,,,,,,,,,,,
,,,,,,,,,,,,,,,,,9.952,2.974410057,3.3,,,,,,,,,,,,
,,,,,,,,,,,,,,,,,9.953,2.973604202,3.3,,,,,,,,,,,,
,,,,,,,,,,,,,,,,,9.954,2.972798347,3.3,,,,,,,,,,,,
,,,,,,,,,,,,,,,,,9.955,2.967963219,3.3,,,,,,,,,,,,
,,,,,,,,,,,,,,,,,9.956,2.971186638,3.3,,,,,,,,,,,,
,,,,,,,,,,,,,,,,,9.957,2.974410057,3.3,,,,,,,,,,,,
,,,,,,,,,,,,,,,,,9.958,2.967963219,3.3,,,,,,,,,,,,
,,,,,,,,,,,,,,,,,9.959,2.966351509,3.3,,,,,,,,,,,,
,,,,,,,,,,,,,,,,,9.96,2.967157364,3.3,,,,,,,,,,,,
,,,,,,,,,,,,,,,,,9.961,2.963933945,3.3,,,,,,,,,,,,
,,,,,,,,,,,,,,,,,9.962,2.958292961,3.3,,,,,,,,,,,,
,,,,,,,,,,,,,,,,,9.963,2.970380783,3.3,,,,,,,,,,,,
,,,,,,,,,,,,,,,,,9.964,2.965545654,3.3,,,,,,,,,,,,
,,,,,,,,,,,,,,,,,9.965,2.96312809,3.3,,,,,,,,,,,,
,,,,,,,,,,,,,,,,,9.966,2.971186638,3.3,,,,,,,,,,,,
,,,,,,,,,,,,,,,,,9.967,2.965545654,3.3,,,,,,,,,,,,
,,,,,,,,,,,,,,,,,9.968,2.959098816,3.3,,,,,,,,,,,,
,,,,,,,,,,,,,,,,,9.969,2.954263687,3.3,,,,,,,,,,,,
,,,,,,,,,,,,,,,,,9.97,2.956681252,3.3,,,,,,,,,,,,
,,,,,,,,,,,,,,,,,9.971,2.951846123,3.3,,,,,,,,,,,,
,,,,,,,,,,,,,,,,,9.972,2.959904671,3.3,,,,,,,,,,,,
,,,,,,,,,,,,,,,,,9.973,2.954263687,3.3,,,,,,,,,,,,
,,,,,,,,,,,,,,,,,9.974,2.957487106,3.3,,,,,,,,,,,,
,,,,,,,,,,,,,,,,,9.975,2.955875397,3.3,,,,,,,,,,,,
,,,,,,,,,,,,,,,,,9.976,2.945399284,3.3,,,,,,,,,,,,
,,,,,,,,,,,,,,,,,9.977,2.958292961,3.3,,,,,,,,,,,,
,,,,,,,,,,,,,,,,,9.978,2.953457832,3.3,,,,,,,,,,,,
,,,,,,,,,,,,,,,,,9.979,2.951846123,3.3,,,,,,,,,,,,
,,,,,,,,,,,,,,,,,9.98,2.954263687,3.3,,,,,,,,,,,,
,,,,,,,,,,,,,,,,,9.981,2.951846123,3.3,,,,,,,,,,,,
,,,,,,,,,,,,,,,,,9.982,2.952651978,3.3,,,,,,,,,,,,
,,,,,,,,,,,,,,,,,9.983,2.954263687,3.3,,,,,,,,,,,,
,,,,,,,,,,,,,,,,,9.984,2.948622704,3.3,,,,,,,,,,,,
,,,,,,,,,,,,,,,,,9.985,2.94459343,3.3,,,,,,,,,,,,
,,,,,,,,,,,,,,,,,9.986,2.951846123,3.3,,,,,,,,,,,,
,,,,,,,,,,,,,,,,,9.987,2.951846123,3.3,,,,,,,,,,,,
,,,,,,,,,,,,,,,,,9.988,2.678661346,3.3,,,,,,,,,,,,
,,,,,,,,,,,,,,,,,9.989,2.666573524,3.3,,,,,,,,,,,,
,,,,,,,,,,,,,,,,,9.99,2.663350105,3.3,,,,,,,,,,,,
,,,,,,,,,,,,,,,,,9.991,2.652873993,3.3,,,,,,,,,,,,
,,,,,,,,,,,,,,,,,9.992,2.656097412,3.3,,,,,,,,,,,,
,,,,,,,,,,,,,,,,,9.993,2.661738396,3.3,,,,,,,,,,,,
,,,,,,,,,,,,,,,,,9.994,2.653679848,3.3,,,,,,,,,,,,
,,,,,,,,,,,,,,,,,9.995,2.649650574,3.3,,,,,,,,,,,,
,,,,,,,,,,,,,,,,,9.996,2.66254425,3.3,,,,,,,,,,,,
,,,,,,,,,,,,,,,,,9.997,2.661738396,3.3,,,,,,,,,,,,
,,,,,,,,,,,,,,,,,9.998,2.652873993,3.3,,,,,,,,,,,,
,,,,,,,,,,,,,,,,,9.999,2.652068138,3.3,,,,,,,,,,,,
,,,,,,,,,,,,,,,,,10,2.652873993,3.3,,,,,,,,,,,,
